# Explicit generation-8 contract; generation-3 through generation-7 contracts remain immutable.
audit_log	retain	id	integer	no	1	retain
audit_log	retain	outbox_event_id	text	yes	0	retain
audit_log	retain	change_id	text	yes	0	retain
audit_log	retain	actor_kind	text	no	0	retain
audit_log	retain	actor_id	integer	yes	0	retain
audit_log	retain	actor_label	text	no	0	retain
audit_log	retain	action	text	no	0	retain
audit_log	retain	scope	text	no	0	retain
audit_log	retain	result_commit	text	yes	0	retain
audit_log	retain	result_tag	text	yes	0	retain
audit_log	retain	detail	text	yes	0	private_cell
audit_log	retain	created_at	integer	no	0	retain
authorization_scope_ancestors	retain	descendant_scope_key	text	no	1	retain
authorization_scope_ancestors	retain	ancestor_scope_key	text	no	2	retain
authorization_scope_ancestors	retain	depth	integer	no	0	retain
authorization_scopes	retain	scope_key	text	no	1	retain
authorization_scopes	retain	kind	text	no	0	retain
authorization_scopes	retain	org_id	integer	yes	0	retain
authorization_scopes	retain	parent_scope_key	text	yes	0	retain
authorization_scopes	retain	resource_stable_id	text	no	0	retain
authorization_scopes	retain	owner_guard_version	integer	no	0	retain
authorization_scopes	retain	retired_at	integer	yes	0	retain
authorization_scopes	retain	created_at	integer	no	0	retain
binary_caches	retain	id	integer	no	1	retain
binary_caches	retain	stable_id	text	no	0	retain
binary_caches	retain	org_id	integer	yes	0	retain
binary_caches	retain	slug	text	no	0	retain
binary_caches	retain	name	text	no	0	retain
binary_caches	retain	visibility	text	no	0	retain
binary_caches	retain	priority	integer	no	0	retain
binary_caches	retain	compression	text	no	0	retain
binary_caches	retain	want_mass_query	integer	no	0	retain
binary_caches	retain	created_at	integer	no	0	retain
binary_caches	retain	deleted_at	integer	yes	0	retain
binary_caches	retain	purge_after	integer	yes	0	retain
binary_caches	retain	scope_key	text	no	0	retain
binary_caches	retain	owner_scope_key	text	no	0	retain
binary_caches	retain	scope_kind	text	no	0	retain
binary_caches	retain	resource_version	integer	no	0	retain
binary_caches	retain	updated_at	integer	no	0	retain
binding_consumer_scopes	retain	binding_id	integer	no	1	retain
binding_consumer_scopes	retain	consumer_scope_key	text	no	2	retain
binding_consumer_scopes	retain	grant_generation	integer	no	0	retain
binding_consumer_scopes	retain	grant_kind	text	no	0	retain
binding_consumer_scopes	retain	state	text	no	0	retain
binding_consumer_scopes	retain	granted_by	text	no	0	retain
binding_consumer_scopes	retain	granted_at	integer	no	0	retain
binding_consumer_scopes	retain	revoked_by	text	yes	0	retain
binding_consumer_scopes	retain	revoked_at	integer	yes	0	retain
binding_consumer_scopes	retain	resource_version	integer	no	0	retain
binding_credential_heads	retain	binding_id	integer	no	1	retain
binding_credential_heads	retain	purpose	text	no	2	retain
binding_credential_heads	retain	current_generation	integer	no	0	retain
binding_credential_heads	retain	resource_version	integer	no	0	retain
binding_credential_heads	retain	updated_at	integer	no	0	retain
binding_credential_revisions	retain	binding_id	integer	no	1	retain
binding_credential_revisions	retain	purpose	text	no	2	retain
binding_credential_revisions	retain	generation	integer	no	3	retain
binding_credential_revisions	retain	secret_version_ref	text	no	0	secret_reference
binding_credential_revisions	retain	validation_state	text	no	0	retain
binding_credential_revisions	retain	validated_at	integer	yes	0	retain
binding_credential_revisions	retain	validation_error	text	yes	0	private_cell
binding_credential_revisions	retain	credential_fingerprint	text	no	0	fingerprint
binding_credential_revisions	retain	created_by	text	no	0	retain
binding_credential_revisions	retain	created_at	integer	no	0	retain
binding_identity_reservations	retain	stable_id	text	no	1	retain
binding_identity_reservations	retain	reservation_id	text	no	0	retain
binding_identity_reservations	retain	reserved_at	integer	no	0	retain
binding_scope_grant_pins	retain	pin_id	text	no	1	retain
binding_scope_grant_pins	retain	binding_id	integer	no	0	retain
binding_scope_grant_pins	retain	consumer_scope_key	text	no	0	retain
binding_scope_grant_pins	retain	grant_generation	integer	no	0	retain
binding_scope_grant_pins	retain	grant_state	text	no	0	retain
binding_scope_grant_pins	retain	target_kind	text	no	0	retain
binding_scope_grant_pins	retain	target_stable_id	text	no	0	retain
binding_scope_grant_pins	retain	target_generation_key	integer	no	0	retain
binding_scope_grant_pins	retain	target_configuration_digest	text	no	0	retain
binding_scope_grant_pins	retain	resource_version	integer	no	0	retain
binding_storage_authority_revisions	retain	association_id	text	no	1	retain
binding_storage_authority_revisions	retain	authority_id	text	no	0	retain
binding_storage_authority_revisions	retain	alias_id	text	no	0	retain
binding_storage_authority_revisions	retain	binding_id	integer	no	0	retain
binding_storage_authority_revisions	retain	binding_resource_version	integer	no	0	retain
binding_storage_authority_revisions	retain	binding_write_revision	integer	no	0	retain
binding_storage_authority_revisions	retain	binding_prefix	text	no	0	retain
binding_storage_authority_revisions	retain	specification_json	text	no	0	authority
binding_storage_authority_revisions	retain	approval_plan_id	text	no	0	retain
binding_storage_authority_revisions	retain	approved_at	integer	no	0	retain
binding_write_observations	retain	binding_id	integer	no	1	retain
binding_write_observations	retain	revision	integer	no	2	retain
binding_write_observations	retain	state	text	no	0	retain
binding_write_observations	retain	validated_at	integer	yes	0	retain
binding_write_observations	retain	error	text	yes	0	private_cell
binding_write_observations	retain	observation_version	integer	no	0	retain
binding_write_revisions	retain	binding_id	integer	no	1	retain
binding_write_revisions	retain	revision	integer	no	2	retain
binding_write_revisions	retain	write_credential_version_ref	text	no	0	secret_reference
binding_write_revisions	retain	writes_supported	integer	no	0	retain
binding_write_revisions	retain	conditional_writes_supported	integer	no	0	retain
binding_write_revisions	retain	revision_fingerprint	text	no	0	retain
binding_write_revisions	retain	capability_fingerprint	text	no	0	retain
binding_write_revisions	retain	created_at	integer	no	0	retain
binding_write_revisions	retain	write_credential_purpose	text	no	0	retain
binding_write_revisions	retain	write_credential_generation	integer	no	0	retain
binding_write_state	retain	binding_id	integer	no	1	retain
binding_write_state	retain	current_write_revision	integer	yes	0	retain
binding_write_state	retain	resource_version	integer	no	0	retain
binding_write_state	retain	updated_at	integer	no	0	retain
bindings	retain	id	integer	no	1	retain
bindings	retain	org_id	integer	yes	0	retain
bindings	retain	name	text	no	0	retain
bindings	retain	kind	text	no	0	retain
bindings	retain	is_instance_default	integer	no	0	retain
bindings	retain	instance_default_key	text	yes	0	retain
bindings	retain	created_at	integer	no	0	retain
bindings	retain	stable_id	text	no	0	retain
bindings	retain	owner_scope_key	text	no	0	retain
bindings	retain	local_root_path	text	yes	0	private_cell
bindings	retain	object_bucket	text	yes	0	retain
bindings	retain	object_prefix	text	yes	0	retain
bindings	retain	endpoint_scheme	text	yes	0	retain
bindings	retain	endpoint_host_kind	text	yes	0	retain
bindings	retain	endpoint_host_bytes	bytes	yes	0	retain
bindings	retain	endpoint_port	integer	yes	0	retain
bindings	retain	signing_region	text	yes	0	retain
bindings	retain	access_mode	text	yes	0	retain
bindings	retain	resource_version	integer	no	0	retain
bindings	retain	updated_at	integer	no	0	retain
cache_gc_action_dependencies	retain	cache_id	integer	no	1	retain
cache_gc_action_dependencies	retain	plan_id	text	no	2	retain
cache_gc_action_dependencies	retain	action_id	text	no	3	retain
cache_gc_action_dependencies	retain	prerequisite_action_id	text	no	4	retain
cache_gc_action_jobs	retain	cache_id	integer	no	1	retain
cache_gc_action_jobs	retain	plan_id	text	no	2	retain
cache_gc_action_jobs	retain	action_id	text	no	3	retain
cache_gc_action_jobs	retain	job_id	text	no	0	retain
cache_gc_action_jobs	retain	surface_object_id	integer	no	0	retain
cache_gc_action_jobs	retain	placement_id	integer	no	0	retain
cache_gc_apply_assertions	retain	cache_id	integer	no	1	retain
cache_gc_apply_assertions	retain	plan_id	text	no	2	retain
cache_gc_apply_assertions	retain	claim_id	text	no	0	retain
cache_gc_apply_assertions	retain	ok	integer	no	0	retain
cache_gc_apply_assertions	retain	asserted_at	integer	no	0	retain
cache_gc_apply_claims	retain	cache_id	integer	no	1	retain
cache_gc_apply_claims	retain	plan_id	text	no	2	retain
cache_gc_apply_claims	retain	claim_id	text	no	0	retain
cache_gc_apply_claims	retain	expected_epoch	integer	no	0	retain
cache_gc_apply_claims	retain	manifest_digest	text	no	0	retain
cache_gc_apply_claims	retain	actor_scope_digest	text	no	0	retain
cache_gc_apply_claims	retain	confirmation_hash	text	no	0	retain
cache_gc_apply_claims	retain	claimed_at	integer	no	0	retain
cache_gc_deletion_capacity	retain	cache_id	integer	no	1	retain
cache_gc_deletion_capacity	retain	running_count	integer	no	0	retain
cache_gc_epoch_assertions	retain	mutation_id	text	no	1	retain
cache_gc_epoch_assertions	retain	cache_id	integer	no	0	retain
cache_gc_epoch_assertions	retain	expected_epoch	integer	no	0	retain
cache_gc_epoch_assertions	retain	resulting_epoch	integer	no	0	retain
cache_gc_epoch_assertions	retain	epoch_owner_token	text	no	0	retain
cache_gc_epoch_assertions	retain	mutation_kind	text	no	0	retain
cache_gc_epoch_assertions	retain	ok	integer	no	0	retain
cache_gc_epoch_assertions	retain	asserted_at	integer	no	0	retain
cache_gc_first_sweep_acknowledgements	retain	acknowledgement_id	text	no	1	retain
cache_gc_first_sweep_acknowledgements	retain	cache_id	integer	no	0	retain
cache_gc_first_sweep_acknowledgements	retain	gc_plan_id	text	no	0	retain
cache_gc_first_sweep_acknowledgements	retain	state	text	no	0	retain
cache_gc_first_sweep_acknowledgements	retain	expected_cache_epoch	integer	no	0	retain
cache_gc_first_sweep_acknowledgements	retain	expected_gc_policy_version	integer	no	0	retain
cache_gc_first_sweep_acknowledgements	retain	gc_manifest_digest	text	no	0	retain
cache_gc_first_sweep_acknowledgements	retain	confirmation_hash	text	no	0	retain
cache_gc_first_sweep_acknowledgements	retain	created_by	text	no	0	retain
cache_gc_first_sweep_acknowledgements	retain	acknowledged_by	text	yes	0	retain
cache_gc_first_sweep_acknowledgements	retain	created_at	integer	no	0	retain
cache_gc_first_sweep_acknowledgements	retain	expires_at	integer	no	0	retain
cache_gc_first_sweep_acknowledgements	retain	acknowledged_at	integer	yes	0	retain
cache_gc_generation_coverage_errors	retain	cache_id	integer	no	1	retain
cache_gc_generation_coverage_errors	retain	generation_id	text	no	2	retain
cache_gc_generation_coverage_errors	retain	error_id	text	no	3	retain
cache_gc_generation_coverage_errors	retain	kind	text	no	0	retain
cache_gc_generation_coverage_errors	retain	store_hash	text	yes	0	retain
cache_gc_generation_coverage_errors	retain	referenced_store_hash	text	yes	0	retain
cache_gc_generation_coverage_errors	retain	detail	text	no	0	private_cell
cache_gc_generation_placements	retain	cache_id	integer	no	1	retain
cache_gc_generation_placements	retain	generation_id	text	no	2	retain
cache_gc_generation_placements	retain	placement_id	integer	no	3	retain
cache_gc_generation_placements	retain	placement_resource_version	integer	no	0	retain
cache_gc_generation_placements	retain	placement_name	text	no	0	retain
cache_gc_generation_placements	retain	binding_id	integer	no	0	retain
cache_gc_generation_placements	retain	binding_stable_id	text	no	0	retain
cache_gc_generation_placements	retain	binding_resource_version	integer	no	0	retain
cache_gc_generation_placements	retain	prefix	text	no	0	retain
cache_gc_generation_placements	retain	placement_kind	text	no	0	retain
cache_gc_generation_placements	retain	desired_state	text	no	0	retain
cache_gc_generation_placements	retain	write_spec_version	integer	no	0	retain
cache_gc_generation_placements	retain	requires_conditional_writes	integer	no	0	retain
cache_gc_generation_roots	retain	cache_id	integer	no	1	retain
cache_gc_generation_roots	retain	generation_id	text	no	2	retain
cache_gc_generation_roots	retain	root_reason_id	text	no	3	retain
cache_gc_generation_roots	retain	store_hash	text	no	0	retain
cache_gc_generations	retain	generation_id	text	no	1	retain
cache_gc_generations	retain	cache_id	integer	no	0	retain
cache_gc_generations	retain	state	text	no	0	retain
cache_gc_generations	retain	cutoff_at	integer	no	0	retain
cache_gc_generations	retain	expected_epoch	integer	no	0	retain
cache_gc_generations	retain	root_generation	integer	no	0	retain
cache_gc_generations	retain	object_graph_generation	integer	no	0	retain
cache_gc_generations	retain	inventory_generation	integer	no	0	retain
cache_gc_generations	retain	gc_policy_version	integer	no	0	retain
cache_gc_generations	retain	topology_version	integer	no	0	retain
cache_gc_generations	retain	parent_mark_generation_id	text	yes	0	retain
cache_gc_generations	retain	scanned_object_count	integer	no	0	retain
cache_gc_generations	retain	root_count	integer	no	0	retain
cache_gc_generations	retain	marked_object_count	integer	no	0	retain
cache_gc_generations	retain	coverage_error_count	integer	no	0	retain
cache_gc_generations	retain	error	text	yes	0	private_cell
cache_gc_generations	retain	created_at	integer	no	0	retain
cache_gc_generations	retain	completed_at	integer	yes	0	retain
cache_gc_heads	retain	cache_id	integer	no	1	retain
cache_gc_heads	retain	current_mark_generation_id	text	yes	0	retain
cache_gc_heads	retain	first_sweep_acknowledgement_id	text	yes	0	retain
cache_gc_heads	retain	first_sweep_acknowledgement_state	text	yes	0	retain
cache_gc_heads	retain	first_sweep_acknowledged_at	integer	yes	0	retain
cache_gc_heads	retain	resource_version	integer	no	0	retain
cache_gc_heads	retain	updated_at	integer	no	0	retain
cache_gc_marks	retain	cache_id	integer	no	1	retain
cache_gc_marks	retain	generation_id	text	no	2	retain
cache_gc_marks	retain	cache_object_id	integer	no	3	retain
cache_gc_operation_jobs	retain	operation_id	text	no	1	retain
cache_gc_operation_jobs	retain	cache_id	integer	no	2	retain
cache_gc_operation_jobs	retain	operation_target_kind	text	no	0	retain
cache_gc_operation_jobs	retain	operation_target_stable_id	text	no	0	retain
cache_gc_operation_jobs	retain	plan_id	text	no	0	retain
cache_gc_operation_jobs	retain	job_id	text	no	3	retain
cache_gc_plan_actions	retain	action_id	text	no	1	retain
cache_gc_plan_actions	retain	cache_id	integer	no	0	retain
cache_gc_plan_actions	retain	plan_id	text	no	0	retain
cache_gc_plan_actions	retain	surface_object_id	integer	no	0	retain
cache_gc_plan_actions	retain	placement_id	integer	no	0	retain
cache_gc_plan_actions	retain	phase	text	no	0	retain
cache_gc_plan_actions	retain	expected_etag	text	yes	0	retain
cache_gc_plan_actions	retain	expected_hash	text	yes	0	retain
cache_gc_plan_actions	retain	expected_size	integer	yes	0	retain
cache_gc_plan_actions	retain	expected_inventory_generation	integer	no	0	retain
cache_gc_plan_actions	retain	binding_id	integer	no	0	retain
cache_gc_plan_actions	retain	binding_resource_version	integer	no	0	retain
cache_gc_plan_actions	retain	delete_credential_purpose	text	no	0	retain
cache_gc_plan_actions	retain	delete_credential_generation	integer	no	0	retain
cache_gc_plan_actions	retain	estimated_reclaimable_bytes	integer	no	0	retain
cache_gc_plan_actions	retain	expected_provider_version	text	yes	0	retain
cache_gc_plan_build_assertions	retain	cache_id	integer	no	1	retain
cache_gc_plan_build_assertions	retain	plan_id	text	no	2	retain
cache_gc_plan_build_assertions	retain	ok	integer	no	0	retain
cache_gc_plan_build_assertions	retain	asserted_at	integer	no	0	retain
cache_gc_plan_object_actions	retain	cache_id	integer	no	1	retain
cache_gc_plan_object_actions	retain	plan_id	text	no	2	retain
cache_gc_plan_object_actions	retain	cache_object_id	integer	no	3	retain
cache_gc_plan_object_actions	retain	action_id	text	no	4	retain
cache_gc_plan_objects	retain	cache_id	integer	no	1	retain
cache_gc_plan_objects	retain	plan_id	text	no	2	retain
cache_gc_plan_objects	retain	cache_object_id	integer	no	3	retain
cache_gc_plan_objects	retain	store_hash	text	no	0	retain
cache_gc_plan_objects	retain	expected_object_version	integer	no	0	retain
cache_gc_plan_objects	retain	expected_unreferenced_since	integer	no	0	retain
cache_gc_plan_objects	retain	eligibility_reason	text	no	0	retain
cache_gc_plan_objects	retain	logical_bytes	integer	no	0	retain
cache_gc_plans	retain	plan_id	text	no	1	retain
cache_gc_plans	retain	cache_id	integer	no	0	retain
cache_gc_plans	retain	generation_id	text	no	0	retain
cache_gc_plans	retain	expected_epoch	integer	no	0	retain
cache_gc_plans	retain	input_versions_digest	text	no	0	retain
cache_gc_plans	retain	manifest_digest	text	no	0	retain
cache_gc_plans	retain	actor_scope_digest	text	no	0	retain
cache_gc_plans	retain	confirmation_hash	text	no	0	retain
cache_gc_plans	retain	created_by	text	no	0	retain
cache_gc_plans	retain	request_idempotency_key	text	no	0	retain
cache_gc_plans	retain	request_digest	text	no	0	retain
cache_gc_plans	retain	created_at	integer	no	0	retain
cache_gc_plans	retain	expires_at	integer	no	0	retain
cache_gc_plans	retain	applied_at	integer	yes	0	retain
cache_gc_plans	retain	operation_id	text	yes	0	retain
cache_gc_plans	retain	operation_target_kind	text	yes	0	retain
cache_gc_plans	retain	operation_target_stable_id	text	yes	0	retain
cache_gc_policies	retain	cache_id	integer	no	1	retain
cache_gc_policies	retain	unreferenced_grace_secs	integer	no	0	retain
cache_gc_policies	retain	soft_max_bytes	integer	yes	0	retain
cache_gc_policies	retain	soft_max_objects	integer	yes	0	retain
cache_gc_policies	retain	schedule_secs	integer	yes	0	retain
cache_gc_policies	retain	deletion_concurrency	integer	no	0	retain
cache_gc_policies	retain	retry_initial_secs	integer	no	0	retain
cache_gc_policies	retain	retry_max_secs	integer	no	0	retain
cache_gc_policies	retain	retry_max_attempts	integer	no	0	retain
cache_gc_policies	retain	tombstone_retention_secs	integer	no	0	retain
cache_gc_policies	retain	resource_version	integer	no	0	retain
cache_gc_retry_requests	retain	cache_id	integer	no	1	retain
cache_gc_retry_requests	retain	job_id	text	no	2	retain
cache_gc_retry_requests	retain	idempotency_key	text	no	3	retain
cache_gc_retry_requests	retain	expected_resource_version	integer	no	0	retain
cache_gc_retry_requests	retain	resulting_resource_version	integer	no	0	retain
cache_gc_retry_requests	retain	requested_at	integer	no	0	retain
cache_gc_state	retain	cache_id	integer	no	1	retain
cache_gc_state	retain	epoch	integer	no	0	retain
cache_gc_state	retain	epoch_owner_token	text	no	0	retain
cache_gc_state	retain	root_generation	integer	no	0	retain
cache_gc_state	retain	object_graph_generation	integer	no	0	retain
cache_gc_state	retain	inventory_generation	integer	no	0	retain
cache_gc_state	retain	topology_generation	integer	no	0	retain
cache_gc_state	retain	destructive_enabled	integer	no	0	retain
cache_gc_state	retain	resource_version	integer	no	0	retain
cache_inventory_candidate_references	retain	cache_id	integer	no	1	retain
cache_inventory_candidate_references	retain	generation	integer	no	2	retain
cache_inventory_candidate_references	retain	store_hash	text	no	3	retain
cache_inventory_candidate_references	retain	placement_id	integer	no	4	retain
cache_inventory_candidate_references	retain	referenced_store_hash	text	no	5	retain
cache_inventory_generations	retain	cache_id	integer	no	1	retain
cache_inventory_generations	retain	generation	integer	no	2	retain
cache_inventory_generations	retain	owner_token	text	no	0	retain
cache_inventory_generations	retain	lease_expires_at	integer	no	0	retain
cache_inventory_generations	retain	state	text	no	0	retain
cache_inventory_generations	retain	content_digest	text	yes	0	retain
cache_inventory_generations	retain	published_at	integer	yes	0	retain
cache_inventory_generations	retain	created_at	integer	no	0	retain
cache_inventory_listed_objects	retain	cache_id	integer	no	1	retain
cache_inventory_listed_objects	retain	generation	integer	no	2	retain
cache_inventory_listed_objects	retain	placement_id	integer	no	3	retain
cache_inventory_listed_objects	retain	object_key	text	no	4	retain
cache_inventory_listed_objects	retain	observed_sha256	text	no	0	retain
cache_inventory_listed_objects	retain	observed_size	integer	no	0	retain
cache_inventory_listed_objects	retain	etag	text	yes	0	retain
cache_inventory_listed_objects	retain	provider_version	text	yes	0	retain
cache_inventory_narinfo_candidates	retain	cache_id	integer	no	1	retain
cache_inventory_narinfo_candidates	retain	generation	integer	no	2	retain
cache_inventory_narinfo_candidates	retain	store_hash	text	no	3	retain
cache_inventory_narinfo_candidates	retain	placement_id	integer	no	4	retain
cache_inventory_narinfo_candidates	retain	identity_digest	text	no	0	retain
cache_inventory_narinfo_candidates	retain	narinfo_object_key	text	no	0	retain
cache_inventory_narinfo_candidates	retain	nar_object_key	text	no	0	retain
cache_inventory_narinfo_candidates	retain	store_name	text	no	0	retain
cache_inventory_narinfo_candidates	retain	nar_hash	text	no	0	retain
cache_inventory_narinfo_candidates	retain	nar_size	integer	no	0	retain
cache_inventory_narinfo_candidates	retain	file_hash	text	no	0	retain
cache_inventory_narinfo_candidates	retain	file_size	integer	no	0	retain
cache_inventory_narinfo_candidates	retain	compression	text	no	0	retain
cache_inventory_narinfo_candidates	retain	deriver	text	yes	0	retain
cache_inventory_narinfo_candidates	retain	signature	text	yes	0	private_cell
cache_inventory_narinfo_candidates	retain	content_address	text	yes	0	private_cell
cache_inventory_narinfo_candidates	retain	published_at	integer	no	0	retain
cache_inventory_object_observations	retain	cache_id	integer	no	1	retain
cache_inventory_object_observations	retain	generation	integer	no	2	retain
cache_inventory_object_observations	retain	object_key	text	no	4	retain
cache_inventory_object_observations	retain	placement_id	integer	no	3	retain
cache_inventory_object_observations	retain	state	text	no	0	retain
cache_inventory_object_observations	retain	observed_hash	text	yes	0	retain
cache_inventory_object_observations	retain	observed_size	integer	yes	0	retain
cache_inventory_object_observations	retain	etag	text	yes	0	retain
cache_inventory_object_observations	retain	observed_at	integer	no	0	retain
cache_inventory_object_observations	retain	provider_version	text	yes	0	retain
cache_inventory_placement_scans	retain	cache_id	integer	no	1	retain
cache_inventory_placement_scans	retain	generation	integer	no	2	retain
cache_inventory_placement_scans	retain	placement_id	integer	no	3	retain
cache_inventory_placement_scans	retain	placement_resource_version	integer	no	0	retain
cache_inventory_placement_scans	retain	binding_id	integer	no	0	retain
cache_inventory_placement_scans	retain	binding_resource_version	integer	no	0	retain
cache_inventory_placement_scans	retain	content_digest	text	yes	0	retain
cache_inventory_placement_scans	retain	object_count	integer	yes	0	retain
cache_inventory_placement_scans	retain	completed_at	integer	yes	0	retain
cache_inventory_placement_scans	retain	selected_at	integer	no	0	retain
cache_inventory_staged_surface_objects	retain	cache_id	integer	no	1	retain
cache_inventory_staged_surface_objects	retain	generation	integer	no	2	retain
cache_inventory_staged_surface_objects	retain	placement_id	integer	no	3	retain
cache_inventory_staged_surface_objects	retain	object_key	text	no	4	retain
cache_inventory_staged_surface_objects	retain	partition_key	bytes	no	0	retain
cache_inventory_staged_surface_objects	retain	content_hash	text	no	0	retain
cache_inventory_staged_surface_objects	retain	size	integer	no	0	retain
cache_nar_objects	retain	cache_id	integer	no	1	retain
cache_nar_objects	retain	nar_surface_object_id	integer	no	2	retain
cache_nar_objects	retain	nar_hash	text	no	0	retain
cache_nar_objects	retain	nar_size	integer	no	0	retain
cache_nar_objects	retain	file_hash	text	no	0	retain
cache_nar_objects	retain	file_size	integer	no	0	retain
cache_nar_objects	retain	compression	text	no	0	retain
cache_nar_objects	retain	resource_version	integer	no	0	retain
cache_object_mutation_fences	retain	cache_id	integer	no	1	retain
cache_object_mutation_fences	retain	store_hash	text	no	2	retain
cache_object_mutation_fences	retain	operation_id	text	no	3	retain
cache_object_mutation_fences	retain	operation_target_kind	text	no	0	retain
cache_object_mutation_fences	retain	operation_target_stable_id	text	no	0	retain
cache_object_mutation_fences	retain	kind	text	no	0	retain
cache_object_mutation_fences	retain	state	text	no	0	retain
cache_object_mutation_fences	retain	resource_version	integer	no	0	retain
cache_object_references	retain	cache_id	integer	no	1	retain
cache_object_references	retain	cache_object_id	integer	no	2	retain
cache_object_references	retain	referenced_store_hash	text	no	3	retain
cache_object_references	retain	referenced_cache_object_id	integer	yes	0	retain
cache_objects	retain	id	integer	no	1	retain
cache_objects	retain	cache_id	integer	no	0	retain
cache_objects	retain	store_hash	text	no	0	retain
cache_objects	retain	store_name	text	no	0	retain
cache_objects	retain	narinfo_surface_object_id	integer	no	0	retain
cache_objects	retain	nar_surface_object_id	integer	no	0	retain
cache_objects	retain	nar_hash	text	no	0	retain
cache_objects	retain	nar_size	integer	no	0	retain
cache_objects	retain	file_hash	text	no	0	retain
cache_objects	retain	file_size	integer	no	0	retain
cache_objects	retain	compression	text	no	0	retain
cache_objects	retain	deriver	text	yes	0	retain
cache_objects	retain	signature	text	yes	0	private_cell
cache_objects	retain	content_address	text	yes	0	private_cell
cache_objects	retain	reference_count	integer	no	0	retain
cache_objects	retain	lifecycle_state	text	no	0	retain
cache_objects	retain	published_at	integer	no	0	retain
cache_objects	retain	last_access_observed_at	integer	yes	0	retain
cache_objects	retain	last_access_source	text	yes	0	retain
cache_objects	retain	unreferenced_since	integer	yes	0	retain
cache_objects	retain	tombstoned_at	integer	yes	0	retain
cache_objects	retain	resource_version	integer	no	0	retain
cache_population_targets	retain	id	integer	no	1	retain
cache_population_targets	retain	cache_id	integer	no	0	retain
cache_population_targets	retain	registry_id	integer	no	0	retain
cache_population_targets	retain	trigger_kind	text	no	0	retain
cache_population_targets	retain	required	integer	no	0	retain
cache_population_targets	retain	placement_policy_revision_id	text	yes	0	retain
cache_population_targets	retain	placement_policy_revision_state	text	yes	0	retain
cache_population_targets	retain	selector_json	text	no	0	private_json
cache_population_targets	retain	validation_gate	text	no	0	retain
cache_population_targets	retain	enabled	integer	no	0	retain
cache_population_targets	retain	resource_version	integer	no	0	retain
cache_population_targets	retain	created_at	integer	no	0	retain
cache_population_targets	retain	updated_at	integer	no	0	retain
cache_retention_refresh_heads	retain	subscription_id	integer	no	1	retain
cache_retention_refresh_heads	retain	cache_id	integer	no	0	retain
cache_retention_refresh_heads	retain	registry_id	integer	no	0	retain
cache_retention_refresh_heads	retain	current_refresh_id	text	no	0	retain
cache_retention_refresh_heads	retain	resource_version	integer	no	0	retain
cache_retention_refresh_heads	retain	updated_at	integer	no	0	retain
cache_retention_refreshes	retain	refresh_id	text	no	1	retain
cache_retention_refreshes	retain	subscription_id	integer	no	0	retain
cache_retention_refreshes	retain	cache_id	integer	no	0	retain
cache_retention_refreshes	retain	registry_id	integer	no	0	retain
cache_retention_refreshes	retain	parent_refresh_id	text	yes	0	retain
cache_retention_refreshes	retain	expected_parent_refresh_id	text	yes	0	retain
cache_retention_refreshes	retain	expected_subscription_version	integer	no	0	retain
cache_retention_refreshes	retain	expected_cache_epoch	integer	no	0	retain
cache_retention_refreshes	retain	selector_digest	text	no	0	retain
cache_retention_refreshes	retain	registry_source_revision	text	no	0	retain
cache_retention_refreshes	retain	registry_index_generation	integer	no	0	retain
cache_retention_refreshes	retain	registry_index_digest	text	no	0	retain
cache_retention_refreshes	retain	state	text	no	0	retain
cache_retention_refreshes	retain	error	text	yes	0	private_cell
cache_retention_refreshes	retain	started_at	integer	no	0	retain
cache_retention_refreshes	retain	activated_at	integer	yes	0	retain
cache_retention_refreshes	retain	parent_grace_until	integer	yes	0	retain
cache_retention_refreshes	retain	finished_at	integer	yes	0	retain
cache_retention_refreshes	retain	expected_reason_count	integer	no	0	retain
cache_retention_refreshes	retain	actual_reason_count	integer	no	0	retain
cache_retention_subscriptions	retain	id	integer	no	1	retain
cache_retention_subscriptions	retain	cache_id	integer	no	0	retain
cache_retention_subscriptions	retain	registry_id	integer	no	0	retain
cache_retention_subscriptions	retain	selector_json	text	no	0	private_json
cache_retention_subscriptions	retain	selector_digest	text	no	0	retain
cache_retention_subscriptions	retain	removal_grace_secs	integer	no	0	retain
cache_retention_subscriptions	retain	exposure_acknowledged_at	integer	yes	0	retain
cache_retention_subscriptions	retain	enabled	integer	no	0	retain
cache_retention_subscriptions	retain	last_successful_revision	text	yes	0	retain
cache_retention_subscriptions	retain	last_refresh_at	integer	yes	0	retain
cache_retention_subscriptions	retain	refresh_state	text	no	0	retain
cache_retention_subscriptions	retain	refresh_error	text	yes	0	private_cell
cache_retention_subscriptions	retain	retired_at	integer	yes	0	retain
cache_retention_subscriptions	retain	resource_version	integer	no	0	retain
cache_retention_subscriptions	retain	created_at	integer	no	0	retain
cache_retention_subscriptions	retain	updated_at	integer	no	0	retain
cache_root_reasons	retain	id	text	no	1	retain
cache_root_reasons	retain	cache_id	integer	no	0	retain
cache_root_reasons	retain	registry_id	integer	yes	0	retain
cache_root_reasons	retain	store_hash	text	no	0	retain
cache_root_reasons	retain	reason_key	text	no	0	retain
cache_root_reasons	retain	source_kind	text	no	0	retain
cache_root_reasons	retain	refresh_id	text	yes	0	retain
cache_root_reasons	retain	retention_subscription_id	integer	yes	0	retain
cache_root_reasons	retain	manual_retention_root_id	text	yes	0	retain
cache_root_reasons	retain	retention_lease_id	text	yes	0	retain
cache_root_reasons	retain	release_id	integer	yes	0	retain
cache_root_reasons	retain	channel_id	integer	yes	0	retain
cache_root_reasons	retain	partition_bucket	integer	yes	0	retain
cache_root_reasons	retain	source_ref	text	no	0	retain
cache_root_reasons	retain	source_revision	text	no	0	retain
cache_root_reasons	retain	expires_at	integer	yes	0	retain
cache_root_reasons	retain	refreshed_at	integer	no	0	retain
cache_root_release_provenance	retain	root_reason_id	text	no	1	retain
cache_root_release_provenance	retain	cache_id	integer	no	0	retain
cache_root_release_provenance	retain	registry_id	integer	no	0	retain
cache_root_release_provenance	retain	release_id	integer	no	0	retain
cache_root_release_provenance	retain	release_snapshot_id	text	no	0	retain
cache_write_ticket_parts	retain	ticket_id	text	no	1	retain
cache_write_ticket_parts	retain	part_number	integer	no	2	retain
cache_write_ticket_parts	retain	admitted_size	integer	no	0	retain
cache_write_ticket_parts	retain	body_digest	text	no	0	retain
cache_write_ticket_parts	retain	state	text	no	0	retain
cache_write_ticket_parts	retain	etag	text	yes	0	retain
cache_write_tickets	retain	ticket_id	text	no	1	retain
cache_write_tickets	retain	cache_id	integer	no	0	retain
cache_write_tickets	retain	object_key	text	no	0	retain
cache_write_tickets	retain	declared_size	integer	no	0	retain
cache_write_tickets	retain	observed_final_size	integer	yes	0	retain
cache_write_tickets	retain	prior_object_size	integer	yes	0	retain
cache_write_tickets	retain	prior_object_hash	text	yes	0	retain
cache_write_tickets	retain	prior_object_etag	text	yes	0	retain
cache_write_tickets	retain	intended_object_hash	text	yes	0	retain
cache_write_tickets	retain	uploaded_size	integer	no	0	retain
cache_write_tickets	retain	upload_kind	text	no	0	retain
cache_write_tickets	retain	placement_id	integer	no	0	retain
cache_write_tickets	retain	placement_resource_version	integer	no	0	retain
cache_write_tickets	retain	placement_write_spec_version	integer	no	0	retain
cache_write_tickets	retain	binding_id	integer	no	0	retain
cache_write_tickets	retain	binding_resource_version	integer	no	0	retain
cache_write_tickets	retain	binding_write_revision	integer	no	0	retain
cache_write_tickets	retain	write_credential_purpose	text	no	0	retain
cache_write_tickets	retain	write_credential_generation	integer	no	0	retain
cache_write_tickets	retain	presign_credential_purpose	text	yes	0	retain
cache_write_tickets	retain	presign_credential_generation	integer	yes	0	retain
cache_write_tickets	retain	starting_inventory_generation	integer	no	0	retain
cache_write_tickets	retain	covered_inventory_generation	integer	yes	0	retain
cache_write_tickets	retain	backend_upload_id	text	yes	0	retain
cache_write_tickets	retain	direct_upload_acknowledged_at	integer	yes	0	retain
cache_write_tickets	retain	direct_upload_observed_etag	text	yes	0	retain
cache_write_tickets	retain	direct_upload_observed_hash	text	yes	0	retain
cache_write_tickets	retain	direct_upload_observed_size	integer	yes	0	retain
cache_write_tickets	retain	quota_org_id	integer	yes	0	retain
cache_write_tickets	retain	quota_delta_bytes	integer	no	0	retain
cache_write_tickets	retain	quota_delta_objects	integer	no	0	retain
cache_write_tickets	retain	quota_state	text	no	0	retain
cache_write_tickets	retain	state	text	no	0	retain
cache_write_tickets	retain	active_cache_slot	integer	yes	0	retain
cache_write_tickets	retain	expires_at	integer	no	0	retain
cache_write_tickets	retain	recovery_attempts	integer	no	0	retain
cache_write_tickets	retain	recovery_after	integer	no	0	retain
cache_write_tickets	retain	recovery_error	text	yes	0	private_cell
cache_write_tickets	retain	resource_version	integer	no	0	retain
cache_write_tickets	retain	created_at	integer	no	0	retain
cache_write_tickets	retain	finished_at	integer	yes	0	retain
cache_write_tickets	retain	backend_create_token	text	yes	0	retain
cache_write_tickets	retain	backend_create_expires_at	integer	yes	0	retain
change_comments	retain	id	integer	no	1	retain
change_comments	retain	change_id	text	no	0	retain
change_comments	retain	actor_kind	text	no	0	retain
change_comments	retain	actor_id	integer	yes	0	retain
change_comments	retain	actor_label	text	no	0	retain
change_comments	retain	body	text	no	0	private_cell
change_comments	retain	created_at	integer	no	0	retain
change_request_revisions	retain	id	integer	no	1	retain
change_request_revisions	retain	change_id	text	no	0	retain
change_request_revisions	retain	object_type	text	no	0	retain
change_request_revisions	retain	object_id	text	no	0	retain
change_request_revisions	retain	op	text	no	0	retain
change_request_revisions	retain	old_json	text	yes	0	private_json
change_request_revisions	retain	new_json	text	yes	0	private_json
change_request_revisions	retain	seq	integer	no	0	retain
change_requests	retain	change_id	text	no	1	retain
change_requests	retain	actor_kind	text	no	0	retain
change_requests	retain	actor_id	integer	yes	0	retain
change_requests	retain	actor_label	text	no	0	retain
change_requests	retain	scope	text	no	0	retain
change_requests	retain	status	text	no	0	retain
change_requests	retain	summary	text	yes	0	retain
change_requests	retain	created_at	integer	no	0	retain
change_requests	retain	applied_at	integer	yes	0	retain
change_requests	retain	reverted_by_change_id	text	yes	0	retain
change_requests	retain	git_ref	text	yes	0	retain
change_requests	retain	git_commit	text	yes	0	retain
change_requests	retain	title	text	yes	0	retain
change_requests	retain	body	text	yes	0	private_cell
change_requests	retain	closed_at	integer	yes	0	retain
change_reviews	retain	id	integer	no	1	retain
change_reviews	retain	change_id	text	no	0	retain
change_reviews	retain	actor_kind	text	no	0	retain
change_reviews	retain	actor_id	integer	yes	0	retain
change_reviews	retain	actor_label	text	no	0	retain
change_reviews	retain	verdict	text	no	0	retain
change_reviews	retain	body	text	yes	0	private_cell
change_reviews	retain	created_at	integer	no	0	retain
channel_floors	retain	registry_id	integer	no	1	retain
channel_floors	retain	channel	text	no	2	retain
channel_floors	retain	floor	text	no	0	retain
channel_partitions	retain	channel_id	integer	no	1	retain
channel_partitions	retain	bucket	integer	no	2	retain
channel_partitions	retain	release	text	no	0	retain
channels	retain	id	integer	no	1	retain
channels	retain	registry_id	integer	no	0	retain
channels	retain	name	text	no	0	retain
channels	retain	frontier	text	yes	0	retain
channels	retain	active	integer	no	0	retain
consumer_cache_publication_intents	retain	change_id	text	no	1	retain
consumer_cache_publication_intents	retain	registry_id	integer	no	0	retain
consumer_cache_publication_intents	retain	committed_url	text	no	2	private_cell
consumer_cache_publication_intents	retain	cache_id	integer	yes	0	retain
consumer_cache_publication_intents	retain	route_id	text	yes	0	retain
consumer_cache_publication_intents	retain	route_configuration_generation	integer	yes	0	retain
consumer_cache_publication_intents	retain	route_configuration_digest	text	yes	0	retain
consumer_cache_publication_intents	retain	created_at	integer	no	0	retain
consumer_scope_grant_events	retain	event_id	text	no	1	retain
consumer_scope_grant_events	retain	resource_kind	text	no	0	retain
consumer_scope_grant_events	retain	resource_stable_id	text	no	0	retain
consumer_scope_grant_events	retain	resource_generation_key	integer	no	0	retain
consumer_scope_grant_events	retain	consumer_scope_key	text	no	0	retain
consumer_scope_grant_events	retain	grant_generation	integer	no	0	retain
consumer_scope_grant_events	retain	transition	text	no	0	retain
consumer_scope_grant_events	retain	previous_state	text	yes	0	retain
consumer_scope_grant_events	retain	resulting_state	text	no	0	retain
consumer_scope_grant_events	retain	actor_id	text	no	0	retain
consumer_scope_grant_events	retain	occurred_at	integer	no	0	retain
consumer_scope_grant_events	retain	request_id	text	no	0	retain
delivery_attestation_nonces	retain	route_id	text	no	1	retain
delivery_attestation_nonces	retain	route_configuration_digest	text	no	2	retain
delivery_attestation_nonces	retain	nonce_digest	text	no	3	retain
delivery_attestation_nonces	retain	expires_at	integer	no	0	retain
delivery_attestation_nonces	retain	accepted_at	integer	no	0	retain
delivery_workflow_resumptions	retain	actor_kind	text	no	1	retain
delivery_workflow_resumptions	retain	actor_id	integer	no	2	retain
delivery_workflow_resumptions	retain	request_key	text	no	3	retain
delivery_workflow_resumptions	retain	workflow_id	text	no	0	retain
delivery_workflow_resumptions	retain	expected_resource_version	integer	no	0	retain
delivery_workflow_resumptions	retain	completed	integer	no	0	retain
delivery_workflows	retain	workflow_id	text	no	1	retain
delivery_workflows	retain	owner_scope_key	text	no	0	retain
delivery_workflows	retain	registry_id	integer	yes	0	retain
delivery_workflows	retain	cache_id	integer	yes	0	retain
delivery_workflows	retain	intent_json	text	no	0	private_json
delivery_workflows	retain	progress_json	text	no	0	private_json
delivery_workflows	retain	resource_version	integer	no	0	retain
delivery_workflows	retain	created_at	integer	no	0	retain
delivery_workflows	retain	updated_at	integer	no	0	retain
device_codes	auth_transient	device_code_hash	text	no	1	retain
device_codes	auth_transient	user_code	text	no	0	retain
device_codes	auth_transient	scope_key	text	no	0	retain
device_codes	auth_transient	permissions	text	no	0	private_json
device_codes	auth_transient	created_at	integer	no	0	retain
device_codes	auth_transient	expires_at	integer	no	0	retain
device_codes	auth_transient	approved_by_user	integer	yes	0	retain
device_codes	auth_transient	denied	integer	no	0	retain
device_codes	auth_transient	issued_token_id	text	yes	0	retain
device_codes	auth_transient	delivered_at	integer	yes	0	retain
device_codes	auth_transient	last_polled_at	integer	yes	0	retain
direct_oci_allocations	retain	business_id	text	no	1	retain
direct_oci_allocations	retain	deployment_id	text	no	0	retain
direct_oci_allocations	retain	principal_id	text	no	0	retain
direct_oci_allocations	retain	client_operation_id	text	no	0	retain
direct_oci_allocations	retain	actor_kind	text	no	0	retain
direct_oci_allocations	retain	actor_id	integer	no	0	retain
direct_oci_allocations	retain	actor_incarnation	text	no	0	retain
direct_oci_allocations	retain	registry_id	integer	no	0	retain
direct_oci_allocations	retain	registry_stable_id	text	no	0	retain
direct_oci_allocations	retain	repository_id	integer	no	0	retain
direct_oci_allocations	retain	repository_name	text	no	0	retain
direct_oci_allocations	retain	source_sha256	text	no	0	fingerprint
direct_oci_allocations	retain	declared_size	integer	no	0	retain
direct_oci_allocations	retain	upload_id	text	no	0	retain
direct_oci_allocations	retain	original_token_id	text	no	0	retain
direct_oci_allocations	retain	created_at	integer	no	0	retain
direct_route_evidence	retain	route_id	text	no	1	retain
direct_route_evidence	retain	registry_id	integer	yes	0	retain
direct_route_evidence	retain	cache_id	integer	yes	0	retain
direct_route_evidence	retain	configuration_generation	integer	no	0	retain
direct_route_evidence	retain	configuration_digest	text	no	0	retain
direct_route_evidence	retain	endpoint_id	text	no	0	retain
direct_route_evidence	retain	endpoint_generation	integer	no	0	retain
direct_route_evidence	retain	placement_id	integer	no	0	retain
direct_route_evidence	retain	gateway_id	text	no	0	retain
direct_route_evidence	retain	gateway_generation	integer	no	0	retain
direct_route_evidence	retain	publication_manifest_id	text	no	0	retain
direct_route_evidence	retain	observed_at	integer	no	0	retain
direct_upload_abort_intents	retain	deployment_id	text	no	0	retain
direct_upload_abort_intents	retain	session_id	text	no	1	retain
direct_upload_abort_intents	retain	operation_id	text	no	0	retain
direct_upload_abort_intents	retain	expected_resource_version	integer	no	0	retain
direct_upload_abort_intents	retain	intent_digest	text	no	0	fingerprint
direct_upload_abort_intents	retain	intent_json	text	no	0	private_json
direct_upload_abort_intents	retain	admitted_at	integer	no	0	retain
direct_upload_abort_intents	retain	terminal_receipt_digest	text	yes	0	fingerprint
direct_upload_abort_intents	retain	settled_at	integer	yes	0	retain
direct_upload_baselines	retain	deployment_id	text	no	0	retain
direct_upload_baselines	retain	session_id	text	no	1	retain
direct_upload_baselines	retain	placement_id	integer	no	2	retain
direct_upload_baselines	retain	complete_operation_id	text	no	0	retain
direct_upload_baselines	retain	baseline_digest	text	no	0	fingerprint
direct_upload_baselines	retain	evidence_json	text	no	0	private_json
direct_upload_baselines	retain	activated_at	integer	no	0	retain
direct_upload_completion_intents	retain	deployment_id	text	no	0	retain
direct_upload_completion_intents	retain	session_id	text	no	1	retain
direct_upload_completion_intents	retain	operation_id	text	no	0	retain
direct_upload_completion_intents	retain	expected_resource_version	integer	no	0	retain
direct_upload_completion_intents	retain	intent_digest	text	no	0	fingerprint
direct_upload_completion_intents	retain	intent_json	text	no	0	private_json
direct_upload_completion_intents	retain	admitted_at	integer	no	0	retain
direct_upload_completion_receipts	retain	deployment_id	text	no	0	retain
direct_upload_completion_receipts	retain	session_id	text	no	1	retain
direct_upload_completion_receipts	retain	operation_id	text	no	0	retain
direct_upload_completion_receipts	retain	logical_fingerprint	text	no	0	fingerprint
direct_upload_completion_receipts	retain	evidence_digest	text	no	0	fingerprint
direct_upload_completion_receipts	retain	evidence_json	text	no	0	private_json
direct_upload_completion_receipts	retain	final_guards_json	text	no	0	private_json
direct_upload_completion_receipts	retain	committed_at	integer	no	0	retain
direct_upload_completion_receipts	retain	resulting_resource_version	integer	no	0	retain
direct_upload_session_placements	retain	deployment_id	text	no	0	retain
direct_upload_session_placements	retain	session_id	text	no	1	retain
direct_upload_session_placements	retain	placement_id	integer	no	2	retain
direct_upload_session_placements	retain	placement_resource_version	integer	no	0	retain
direct_upload_session_placements	retain	write_spec_version	integer	no	0	retain
direct_upload_session_placements	retain	binding_id	integer	no	0	retain
direct_upload_session_placements	retain	binding_resource_version	integer	no	0	retain
direct_upload_session_placements	retain	binding_write_revision	integer	no	0	retain
direct_upload_session_placements	retain	placement_fingerprint	text	no	0	fingerprint
direct_upload_session_placements	retain	placement_json	text	no	0	private_json
direct_upload_sessions	retain	session_id	text	no	1	retain
direct_upload_sessions	retain	deployment_id	text	no	0	retain
direct_upload_sessions	retain	principal_id	text	no	0	retain
direct_upload_sessions	retain	client_operation_id	text	no	0	retain
direct_upload_sessions	retain	target_kind	text	no	0	retain
direct_upload_sessions	retain	cache_id	integer	yes	0	retain
direct_upload_sessions	retain	cache_identifier	text	yes	0	retain
direct_upload_sessions	retain	publication_id	text	yes	0	retain
direct_upload_sessions	retain	surface_object_id	integer	yes	0	retain
direct_upload_sessions	retain	oci_upload_id	text	yes	0	retain
direct_upload_sessions	retain	object_path	text	yes	0	retain
direct_upload_sessions	retain	owner_scope_key	text	no	0	retain
direct_upload_sessions	retain	intent_json	text	no	0	private_json
direct_upload_sessions	retain	admission_json	text	no	0	private_json
direct_upload_sessions	retain	logical_fingerprint	text	no	0	fingerprint
direct_upload_sessions	retain	source_sha256	text	no	0	fingerprint
direct_upload_sessions	retain	declared_size	integer	no	0	retain
direct_upload_sessions	retain	part_size	integer	no	0	retain
direct_upload_sessions	retain	declared_dependency_phase	text	no	0	retain
direct_upload_sessions	retain	final_dependency_phase	text	yes	0	retain
direct_upload_sessions	retain	cache_ticket_id	text	yes	0	retain
direct_upload_sessions	retain	state	text	no	0	retain
direct_upload_sessions	retain	expires_at	integer	no	0	retain
direct_upload_sessions	retain	created_at	integer	no	0	retain
direct_upload_sessions	retain	updated_at	integer	no	0	retain
direct_upload_sessions	retain	resource_version	integer	no	0	retain
direct_upload_sessions	retain	completed_at	integer	yes	0	retain
direct_upload_stage_receipts	retain	deployment_id	text	no	0	retain
direct_upload_stage_receipts	retain	session_id	text	no	1	retain
direct_upload_stage_receipts	retain	operation_id	text	no	0	retain
direct_upload_stage_receipts	retain	logical_fingerprint	text	no	0	fingerprint
direct_upload_stage_receipts	retain	evidence_digest	text	no	0	fingerprint
direct_upload_stage_receipts	retain	evidence_json	text	no	0	private_json
direct_upload_stage_receipts	retain	verified_at	integer	no	0	retain
domain_probe_challenges	retain	operation_id	text	no	1	retain
domain_probe_challenges	retain	target_generation	integer	no	2	retain
domain_probe_challenges	retain	attempt	integer	no	3	retain
domain_probe_challenges	retain	nonce	text	no	0	retain
domain_probe_challenges	retain	endpoint_id	text	no	0	retain
domain_probe_challenges	retain	endpoint_generation	integer	no	0	retain
domain_probe_challenges	retain	issued_at	integer	no	0	retain
domain_probe_challenges	retain	expires_at	integer	no	0	retain
domain_probe_observations	retain	operation_id	text	no	1	retain
domain_probe_observations	retain	domain_id	integer	no	0	retain
domain_probe_observations	retain	desired_resource_version	integer	no	0	retain
domain_probe_observations	retain	evidence_json	text	no	0	private_json
domain_probe_observations	retain	evidence_digest	text	no	0	retain
domain_probe_observations	retain	probe_location	text	no	0	retain
domain_probe_observations	retain	observed_at	integer	no	0	retain
domains	retain	id	integer	no	1	retain
domains	retain	stable_id	text	no	0	retain
domains	retain	org_id	integer	yes	0	retain
domains	retain	owner_scope_key	text	no	0	retain
domains	retain	hostname	text	no	0	retain
domains	retain	creation_plan_id	text	no	0	retain
domains	retain	last_mutation_plan_id	text	yes	0	retain
domains	retain	dns_configuration_json	text	yes	0	private_json
domains	retain	dns_state	text	no	0	retain
domains	retain	certificate_configuration_json	text	yes	0	private_json
domains	retain	certificate_state	text	no	0	retain
domains	retain	verified_at	integer	yes	0	retain
domains	retain	observed_at	integer	yes	0	retain
domains	retain	observation_error	text	yes	0	private_cell
domains	retain	observation_digest	text	yes	0	retain
domains	retain	probe_location	text	yes	0	retain
domains	retain	resource_version	integer	no	0	retain
domains	retain	created_at	integer	no	0	retain
domains	retain	updated_at	integer	no	0	retain
egress_request_nonces	retain	nonce	text	no	1	retain
egress_request_nonces	retain	request_digest	text	no	0	retain
egress_request_nonces	retain	accepted_at	integer	no	0	retain
egress_request_nonces	retain	expires_at	integer	no	0	retain
endpoint_generation_observations	retain	endpoint_id	text	no	1	retain
endpoint_generation_observations	retain	observed_generation	integer	no	2	retain
endpoint_generation_observations	retain	boundary_id	text	no	0	retain
endpoint_generation_observations	retain	boundary_revision	integer	no	0	retain
endpoint_generation_observations	retain	state	text	no	0	retain
endpoint_generation_observations	retain	listener_observed	integer	no	0	retain
endpoint_generation_observations	retain	tls_observed	integer	no	0	retain
endpoint_generation_observations	retain	observed_at	integer	no	0	retain
endpoint_generation_observations	retain	error	text	yes	0	private_cell
endpoint_observations	retain	endpoint_id	text	no	1	retain
endpoint_observations	retain	observed_generation	integer	yes	0	retain
endpoint_observations	retain	boundary_id	text	no	0	retain
endpoint_observations	retain	boundary_revision	integer	yes	0	retain
endpoint_observations	retain	state	text	no	0	retain
endpoint_observations	retain	listener_observed	integer	no	0	retain
endpoint_observations	retain	tls_observed	integer	no	0	retain
endpoint_observations	retain	observed_at	integer	no	0	retain
endpoint_observations	retain	error	text	yes	0	private_cell
endpoint_revisions	retain	endpoint_id	text	no	1	retain
endpoint_revisions	retain	generation	integer	no	2	retain
endpoint_revisions	retain	network_policy_id	text	no	0	retain
endpoint_revisions	retain	boundary_revision	integer	no	0	retain
endpoint_revisions	retain	ingress_kind	text	no	0	retain
endpoint_revisions	retain	listener_configuration	text	no	0	private_cell
endpoint_revisions	retain	tls_configuration	text	no	0	private_cell
endpoint_revisions	retain	probe_configuration	text	no	0	private_cell
endpoint_revisions	retain	content_digest	text	no	0	retain
endpoint_revisions	retain	created_by	text	no	0	retain
endpoint_revisions	retain	created_at	integer	no	0	retain
endpoint_route_scopes	retain	endpoint_id	text	no	1	retain
endpoint_route_scopes	retain	endpoint_generation	integer	no	2	retain
endpoint_route_scopes	retain	consumer_scope_key	text	no	3	retain
endpoint_route_scopes	retain	grant_generation	integer	no	0	retain
endpoint_route_scopes	retain	grant_kind	text	no	0	retain
endpoint_route_scopes	retain	state	text	no	0	retain
endpoint_route_scopes	retain	granted_by	text	no	0	retain
endpoint_route_scopes	retain	granted_at	integer	no	0	retain
endpoint_route_scopes	retain	revoked_by	text	yes	0	retain
endpoint_route_scopes	retain	revoked_at	integer	yes	0	retain
endpoint_route_scopes	retain	resource_version	integer	no	0	retain
endpoint_scope_grant_pins	retain	pin_id	text	no	1	retain
endpoint_scope_grant_pins	retain	endpoint_id	text	no	0	retain
endpoint_scope_grant_pins	retain	endpoint_generation	integer	no	0	retain
endpoint_scope_grant_pins	retain	consumer_scope_key	text	no	0	retain
endpoint_scope_grant_pins	retain	grant_generation	integer	no	0	retain
endpoint_scope_grant_pins	retain	grant_state	text	no	0	retain
endpoint_scope_grant_pins	retain	target_kind	text	no	0	retain
endpoint_scope_grant_pins	retain	target_stable_id	text	no	0	retain
endpoint_scope_grant_pins	retain	target_generation_key	integer	no	0	retain
endpoint_scope_grant_pins	retain	target_configuration_digest	text	no	0	retain
endpoint_scope_grant_pins	retain	resource_version	integer	no	0	retain
endpoints	retain	id	text	no	1	retain
endpoints	retain	org_id	integer	yes	0	retain
endpoints	retain	owner_scope_key	text	no	0	retain
endpoints	retain	scheme	text	no	0	retain
endpoints	retain	domain_id	integer	yes	0	retain
endpoints	retain	ipv4_bytes	bytes	yes	0	retain
endpoints	retain	ipv6_bytes	bytes	yes	0	retain
endpoints	retain	effective_port	integer	no	0	retain
endpoints	retain	network_policy_id	text	no	0	retain
endpoints	retain	cleartext_acknowledged_at	integer	yes	0	retain
endpoints	retain	desired_generation	integer	yes	0	retain
endpoints	retain	endpoint_identity_digest	text	no	0	retain
endpoints	retain	resource_version	integer	no	0	retain
endpoints	retain	created_at	integer	no	0	retain
endpoints	retain	updated_at	integer	no	0	retain
gateway_path_reservations	retain	reservation_id	text	no	1	retain
gateway_path_reservations	retain	gateway_id	text	no	0	retain
gateway_path_reservations	retain	endpoint_id	text	no	0	retain
gateway_path_reservations	retain	client_base_path	text	no	0	retain
gateway_path_reservations	retain	resource_version	integer	no	0	retain
gateway_path_reservations	retain	created_at	integer	no	0	retain
gateway_revision_events	retain	event_id	text	no	1	retain
gateway_revision_events	retain	gateway_id	text	no	0	retain
gateway_revision_events	retain	generation	integer	no	0	retain
gateway_revision_events	retain	gateway_resource_version	integer	no	0	retain
gateway_revision_events	retain	transition	text	no	0	retain
gateway_revision_events	retain	actor_id	text	no	0	retain
gateway_revision_events	retain	occurred_at	integer	no	0	retain
gateway_revision_route_scopes	retain	gateway_id	text	no	1	retain
gateway_revision_route_scopes	retain	generation	integer	no	2	retain
gateway_revision_route_scopes	retain	consumer_scope_key	text	no	3	retain
gateway_revision_route_scopes	retain	grant_generation	integer	no	0	retain
gateway_revision_route_scopes	retain	grant_kind	text	no	0	retain
gateway_revision_route_scopes	retain	state	text	no	0	retain
gateway_revision_route_scopes	retain	granted_by	text	no	0	retain
gateway_revision_route_scopes	retain	granted_at	integer	no	0	retain
gateway_revision_route_scopes	retain	revoked_by	text	yes	0	retain
gateway_revision_route_scopes	retain	revoked_at	integer	yes	0	retain
gateway_revision_route_scopes	retain	resource_version	integer	no	0	retain
gateway_revisions	retain	gateway_id	text	no	1	retain
gateway_revisions	retain	generation	integer	no	2	retain
gateway_revisions	retain	org_id	integer	yes	0	retain
gateway_revisions	retain	owner_scope_key	text	no	0	retain
gateway_revisions	retain	path_reservation_id	text	no	0	retain
gateway_revisions	retain	binding_id	integer	no	0	retain
gateway_revisions	retain	endpoint_id	text	no	0	retain
gateway_revisions	retain	endpoint_generation	integer	no	0	retain
gateway_revisions	retain	endpoint_ingress_kind	text	no	0	retain
gateway_revisions	retain	client_base_path	text	no	0	retain
gateway_revisions	retain	origin_prefix	text	no	0	retain
gateway_revisions	retain	access_policy_kind	text	no	0	retain
gateway_revisions	retain	access_boundary_id	text	yes	0	retain
gateway_revisions	retain	access_boundary_revision	integer	yes	0	retain
gateway_revisions	retain	external_provider_kind	text	yes	0	retain
gateway_revisions	retain	external_provider_resource_id	text	yes	0	retain
gateway_revisions	retain	external_provider_revision	text	yes	0	retain
gateway_revisions	retain	access_policy_json	text	no	0	private_json
gateway_revisions	retain	access_policy_digest	text	no	0	retain
gateway_revisions	retain	content_digest	text	no	0	retain
gateway_revisions	retain	created_by	text	no	0	retain
gateway_revisions	retain	created_at	integer	no	0	retain
gateway_scope_grant_pins	retain	pin_id	text	no	1	retain
gateway_scope_grant_pins	retain	gateway_id	text	no	0	retain
gateway_scope_grant_pins	retain	generation	integer	no	0	retain
gateway_scope_grant_pins	retain	consumer_scope_key	text	no	0	retain
gateway_scope_grant_pins	retain	grant_generation	integer	no	0	retain
gateway_scope_grant_pins	retain	grant_state	text	no	0	retain
gateway_scope_grant_pins	retain	target_kind	text	no	0	retain
gateway_scope_grant_pins	retain	target_stable_id	text	no	0	retain
gateway_scope_grant_pins	retain	target_generation_key	integer	no	0	retain
gateway_scope_grant_pins	retain	target_configuration_digest	text	no	0	retain
gateway_scope_grant_pins	retain	resource_version	integer	no	0	retain
gateways	retain	id	text	no	1	retain
gateways	retain	org_id	integer	yes	0	retain
gateways	retain	owner_scope_key	text	no	0	retain
gateways	retain	enabled	integer	no	0	retain
gateways	retain	desired_generation	integer	yes	0	retain
gateways	retain	observed_generation	integer	yes	0	retain
gateways	retain	reconciliation_state	text	no	0	retain
gateways	retain	reconciliation_error	text	yes	0	private_cell
gateways	retain	resource_version	integer	no	0	retain
gateways	retain	created_at	integer	no	0	retain
gateways	retain	updated_at	integer	no	0	retain
hub_schema_identity	source_metadata	identity	text	no	1	retain
image_snapshot_leases	retain	lease_id	text	no	1	retain
image_snapshot_leases	retain	digest	text	no	0	retain
image_snapshot_leases	retain	expires_at	integer	no	0	retain
image_snapshot_references	retain	digest	text	no	1	retain
image_snapshot_references	retain	registry_id	integer	no	2	retain
image_snapshot_references	retain	placement_id	integer	no	3	retain
image_snapshot_references	retain	object_key	text	no	4	retain
image_snapshots	retain	digest	text	no	1	retain
image_snapshots	retain	byte_size	integer	no	0	retain
image_snapshots	retain	state	text	no	0	retain
image_snapshots	retain	created_at	integer	no	0	retain
instance_config	retain	config_key	text	no	1	retain
instance_config	retain	value	text	no	0	instance_config
invitations	retain	id	integer	no	1	retain
invitations	retain	org_id	integer	no	0	retain
invitations	retain	email	text	no	0	retain
invitations	retain	scope_key	text	no	0	retain
invitations	retain	role	text	no	0	retain
invitations	retain	token_hash	text	no	0	secret
invitations	retain	created_at	integer	no	0	retain
invitations	retain	accepted_at	integer	yes	0	retain
invitations	retain	expires_at	integer	no	0	retain
invitations	retain	cancelled_at	integer	yes	0	retain
invitations	retain	secret_enc	text	yes	0	secret
key_rosters	retain	registry_id	integer	no	1	retain
key_rosters	retain	key_id	text	no	2	retain
key_rosters	retain	public_key	text	no	0	private_cell
key_rosters	retain	status	text	no	0	retain
live_invitations	retain	org_id	integer	no	1	retain
live_invitations	retain	email	text	no	2	retain
live_invitations	retain	scope_key	text	no	3	retain
live_invitations	retain	invitation_id	integer	no	0	retain
magic_links	auth_transient	token_hash	text	no	1	retain
magic_links	auth_transient	email	text	no	0	retain
magic_links	auth_transient	created_at	integer	no	0	retain
magic_links	auth_transient	expires_at	integer	no	0	retain
magic_links	auth_transient	consumed_at	integer	yes	0	retain
manual_retention_lease_heads	retain	manual_retention_root_id	text	no	1	retain
manual_retention_lease_heads	retain	cache_id	integer	no	0	retain
manual_retention_lease_heads	retain	current_lease_id	text	no	0	retain
manual_retention_lease_heads	retain	resource_version	integer	no	0	retain
manual_retention_lease_heads	retain	updated_at	integer	no	0	retain
manual_retention_roots	retain	id	text	no	1	retain
manual_retention_roots	retain	cache_id	integer	no	0	retain
manual_retention_roots	retain	store_hash	text	no	0	retain
manual_retention_roots	retain	protection_kind	text	no	0	retain
manual_retention_roots	retain	reason	text	no	0	private_cell
manual_retention_roots	retain	owner_kind	text	no	0	retain
manual_retention_roots	retain	owner_id	integer	no	0	retain
manual_retention_roots	retain	created_by	text	no	0	retain
manual_retention_roots	retain	created_at	integer	no	0	retain
manual_retention_roots	retain	deleted_at	integer	yes	0	retain
manual_retention_roots	retain	resource_version	integer	no	0	retain
memberships	retain	id	integer	no	1	retain
memberships	retain	principal_kind	text	no	0	retain
memberships	retain	principal_id	integer	no	0	retain
memberships	retain	scope_key	text	no	0	retain
memberships	retain	role	text	no	0	retain
memberships	retain	created_at	integer	no	0	retain
mirror_import_objects	retain	job_id	text	no	1	fingerprint
mirror_import_objects	retain	registry_id	integer	no	0	retain
mirror_import_objects	retain	original_digest	text	no	0	fingerprint
mirror_import_objects	retain	original_json	text	no	0	private_json
mirror_import_objects	retain	progress_json	text	yes	0	private_json
mirror_import_objects	retain	state	text	no	0	retain
mirror_import_objects	retain	commit_digest	text	yes	0	fingerprint
mirror_import_objects	retain	created_at	integer	no	0	retain
mirror_import_objects	retain	updated_at	integer	no	0	retain
mirror_import_objects	retain	source_path	text	yes	0	private_cell
mirror_import_objects	retain	source_path_digest	text	yes	0	fingerprint
mirror_import_objects	retain	copy_operation_id	text	yes	0	retain
mirror_import_objects	retain	publication_commit_version	integer	yes	0	retain
mirror_sources	retain	registry_id	integer	no	1	retain
mirror_sources	retain	upstream_url	text	no	0	private_cell
mirror_sources	retain	mode	text	no	0	retain
mirror_sources	retain	verify	integer	no	0	retain
mirror_sources	retain	schedule_secs	integer	no	0	retain
mirror_sources	retain	last_sync_at	integer	yes	0	retain
mirror_sources	retain	last_sync_status	text	yes	0	retain
mirror_sources	retain	last_sync_error	text	yes	0	private_cell
mirror_sources	retain	upstream_frontier	text	yes	0	retain
mirror_sources	retain	refspec	text	no	0	retain
mirror_sources	retain	auth_secret_ref	text	no	0	private_cell
mirror_sources	retain	resource_version	integer	no	0	retain
network_policies	retain	id	text	no	1	retain
network_policies	retain	org_id	integer	yes	0	retain
network_policies	retain	owner_scope_key	text	no	0	retain
network_policies	retain	name	text	no	0	retain
network_policies	retain	kind	text	no	0	retain
network_policies	retain	identity_spec_json	text	no	0	private_json
network_policies	retain	identity_fingerprint	text	no	0	retain
network_policies	retain	resource_version	integer	no	0	retain
network_policies	retain	created_at	integer	no	0	retain
network_policies	retain	updated_at	integer	no	0	retain
network_policy_consumer_scopes	retain	boundary_id	text	no	1	retain
network_policy_consumer_scopes	retain	consumer_scope_key	text	no	2	retain
network_policy_consumer_scopes	retain	grant_generation	integer	no	0	retain
network_policy_consumer_scopes	retain	grant_kind	text	no	0	retain
network_policy_consumer_scopes	retain	state	text	no	0	retain
network_policy_consumer_scopes	retain	granted_by	text	no	0	retain
network_policy_consumer_scopes	retain	granted_at	integer	no	0	retain
network_policy_consumer_scopes	retain	revoked_by	text	yes	0	retain
network_policy_consumer_scopes	retain	revoked_at	integer	yes	0	retain
network_policy_consumer_scopes	retain	resource_version	integer	no	0	retain
network_policy_defaults	retain	boundary_id	text	no	1	retain
network_policy_defaults	retain	revision	integer	no	0	retain
network_policy_defaults	retain	state	text	no	0	retain
network_policy_defaults	retain	resource_version	integer	no	0	retain
network_policy_defaults	retain	updated_at	integer	no	0	retain
network_policy_observations	retain	boundary_id	text	no	1	retain
network_policy_observations	retain	revision	integer	no	2	retain
network_policy_observations	retain	state	text	no	0	retain
network_policy_observations	retain	protected_transport_observed	integer	no	0	retain
network_policy_observations	retain	trusted_ingress_observed	text	no	0	retain
network_policy_observations	retain	observed_at	integer	no	0	retain
network_policy_observations	retain	error	text	yes	0	private_cell
network_policy_revision_lifecycle	retain	boundary_id	text	no	1	retain
network_policy_revision_lifecycle	retain	revision	integer	no	2	retain
network_policy_revision_lifecycle	retain	state	text	no	0	retain
network_policy_revision_lifecycle	retain	activation_mode	text	no	0	retain
network_policy_revision_lifecycle	retain	consumer_version	integer	no	0	retain
network_policy_revision_lifecycle	retain	activated_at	integer	yes	0	retain
network_policy_revision_lifecycle	retain	retired_at	integer	yes	0	retain
network_policy_revision_lifecycle	retain	resource_version	integer	no	0	retain
network_policy_revisions	retain	boundary_id	text	no	1	retain
network_policy_revisions	retain	revision	integer	no	2	retain
network_policy_revisions	retain	protected_transport_required	integer	no	0	retain
network_policy_revisions	retain	trusted_ingress_kind	text	no	0	retain
network_policy_revisions	retain	trusted_ingress_configuration	text	no	0	private_cell
network_policy_revisions	retain	source_allowlist_cidrs	text	yes	0	private_cell
network_policy_revisions	retain	probe_location_configuration	text	no	0	private_cell
network_policy_revisions	retain	content_digest	text	no	0	retain
network_policy_revisions	retain	created_by	text	no	0	retain
network_policy_revisions	retain	created_at	integer	no	0	retain
network_policy_serving_pins	retain	pin_id	text	no	1	retain
network_policy_serving_pins	retain	boundary_id	text	no	0	retain
network_policy_serving_pins	retain	revision	integer	no	0	retain
network_policy_serving_pins	retain	consumer_scope_key	text	no	0	retain
network_policy_serving_pins	retain	grant_generation	integer	no	0	retain
network_policy_serving_pins	retain	grant_state	text	no	0	retain
network_policy_serving_pins	retain	usage_kind	text	no	0	retain
network_policy_serving_pins	retain	target_kind	text	no	0	retain
network_policy_serving_pins	retain	target_stable_id	text	no	0	retain
network_policy_serving_pins	retain	target_generation_key	integer	no	0	retain
network_policy_serving_pins	retain	target_configuration_digest	text	no	0	retain
network_policy_serving_pins	retain	acquired_by	text	no	0	retain
network_policy_serving_pins	retain	acquired_at	integer	no	0	retain
network_policy_serving_pins	retain	resource_version	integer	no	0	retain
object_deletion_attempt_receipts	retain	request_id	text	no	1	retain
object_deletion_attempt_receipts	retain	cache_id	integer	no	0	retain
object_deletion_attempt_receipts	retain	job_id	text	no	0	retain
object_deletion_attempt_receipts	retain	attempt_number	integer	no	0	retain
object_deletion_attempt_receipts	retain	placement_id	integer	no	0	retain
object_deletion_attempt_receipts	retain	surface_object_id	integer	no	0	retain
object_deletion_attempt_receipts	retain	object_key	text	no	0	retain
object_deletion_attempt_receipts	retain	expected_etag	text	yes	0	retain
object_deletion_attempt_receipts	retain	expected_hash	text	yes	0	retain
object_deletion_attempt_receipts	retain	expected_size	integer	yes	0	retain
object_deletion_attempt_receipts	retain	expected_inventory_generation	integer	no	0	retain
object_deletion_attempt_receipts	retain	binding_id	integer	no	0	retain
object_deletion_attempt_receipts	retain	binding_resource_version	integer	no	0	retain
object_deletion_attempt_receipts	retain	delete_credential_purpose	text	no	0	retain
object_deletion_attempt_receipts	retain	delete_credential_generation	integer	no	0	retain
object_deletion_attempt_receipts	retain	state	text	no	0	retain
object_deletion_attempt_receipts	retain	outcome	text	yes	0	retain
object_deletion_attempt_receipts	retain	response_etag	text	yes	0	retain
object_deletion_attempt_receipts	retain	response_hash	text	yes	0	retain
object_deletion_attempt_receipts	retain	response_size	integer	yes	0	retain
object_deletion_attempt_receipts	retain	error_class	text	yes	0	retain
object_deletion_attempt_receipts	retain	response_detail	text	yes	0	private_cell
object_deletion_attempt_receipts	retain	requested_at	integer	no	0	retain
object_deletion_attempt_receipts	retain	responded_at	integer	yes	0	retain
object_deletion_attempt_receipts	retain	finalized_at	integer	yes	0	retain
object_deletion_attempt_receipts	retain	expected_provider_version	text	yes	0	retain
object_deletion_jobs	retain	job_id	text	no	1	retain
object_deletion_jobs	retain	cache_id	integer	no	0	retain
object_deletion_jobs	retain	originating_operation_id	text	no	0	retain
object_deletion_jobs	retain	operation_target_kind	text	no	0	retain
object_deletion_jobs	retain	operation_target_stable_id	text	no	0	retain
object_deletion_jobs	retain	surface_object_id	integer	no	0	retain
object_deletion_jobs	retain	placement_id	integer	no	0	retain
object_deletion_jobs	retain	phase	text	no	0	retain
object_deletion_jobs	retain	expected_etag	text	yes	0	retain
object_deletion_jobs	retain	expected_hash	text	yes	0	retain
object_deletion_jobs	retain	expected_size	integer	yes	0	retain
object_deletion_jobs	retain	expected_inventory_generation	integer	no	0	retain
object_deletion_jobs	retain	binding_id	integer	no	0	retain
object_deletion_jobs	retain	binding_resource_version	integer	no	0	retain
object_deletion_jobs	retain	delete_credential_purpose	text	no	0	retain
object_deletion_jobs	retain	delete_credential_generation	integer	no	0	retain
object_deletion_jobs	retain	state	text	no	0	retain
object_deletion_jobs	retain	active_slot	integer	yes	0	retain
object_deletion_jobs	retain	attempt_count	integer	no	0	retain
object_deletion_jobs	retain	max_attempts	integer	no	0	retain
object_deletion_jobs	retain	next_attempt_at	integer	yes	0	retain
object_deletion_jobs	retain	error_class	text	yes	0	retain
object_deletion_jobs	retain	error	text	yes	0	private_cell
object_deletion_jobs	retain	confirmed_reclaimed_bytes	integer	no	0	retain
object_deletion_jobs	retain	leaked_bytes	integer	no	0	retain
object_deletion_jobs	retain	resource_version	integer	no	0	retain
object_deletion_jobs	retain	created_at	integer	no	0	retain
object_deletion_jobs	retain	started_at	integer	yes	0	retain
object_deletion_jobs	retain	finished_at	integer	yes	0	retain
object_deletion_jobs	retain	expected_provider_version	text	yes	0	retain
object_placements	retain	surface_object_id	integer	no	1	retain
object_placements	retain	cache_id	integer	yes	0	retain
object_placements	retain	registry_id	integer	yes	0	retain
object_placements	retain	placement_id	integer	no	2	retain
object_placements	retain	state	text	no	0	retain
object_placements	retain	observed_hash	text	yes	0	retain
object_placements	retain	observed_size	integer	yes	0	retain
object_placements	retain	etag	text	yes	0	retain
object_placements	retain	observed_inventory_generation	integer	no	0	retain
object_placements	retain	observed_at	integer	no	0	retain
object_placements	retain	catalog_object_resource_version	integer	no	0	retain
object_placements	retain	provider_version	text	yes	0	retain
object_placements	retain	observed_placement_resource_version	integer	yes	0	retain
object_placements	retain	observed_write_spec_version	integer	yes	0	retain
object_placements	retain	observed_binding_resource_version	integer	yes	0	retain
object_placements	retain	direct_upload_session_id	text	yes	0	retain
oci_admin_mutations	retain	id	text	no	1	retain
oci_admin_mutations	retain	registry_id	integer	no	0	retain
oci_admin_mutations	retain	repository_id	integer	yes	0	retain
oci_admin_mutations	retain	repository_name	text	yes	0	retain
oci_admin_mutations	retain	mutation_kind	text	no	0	retain
oci_admin_mutations	retain	selector_json	text	no	0	private_json
oci_admin_mutations	retain	desired_json	text	no	0	private_json
oci_admin_mutations	retain	confirmation_hash	text	no	0	retain
oci_admin_mutations	retain	actor_id	text	no	0	retain
oci_admin_mutations	retain	idempotency_key	text	no	0	retain
oci_admin_mutations	retain	apply_idempotency_key	text	yes	0	retain
oci_admin_mutations	retain	expected_resource_version	integer	yes	0	retain
oci_admin_mutations	retain	state	text	no	0	retain
oci_admin_mutations	retain	created_at	integer	no	0	retain
oci_admin_mutations	retain	expires_at	integer	no	0	retain
oci_admin_mutations	retain	applied_at	integer	yes	0	retain
oci_admin_mutations	retain	resource_version	integer	no	0	retain
oci_admin_projection_reconciliations	retain	registry_id	integer	no	1	retain
oci_admin_projection_reconciliations	retain	repository_id	integer	no	2	retain
oci_admin_projection_reconciliations	retain	root_digest	text	no	3	retain
oci_admin_projection_reconciliations	retain	manifest_digest	text	no	4	retain
oci_admin_projection_reconciliations	retain	config_digest	text	no	0	retain
oci_admin_projection_reconciliations	retain	state	text	no	0	retain
oci_admin_projection_reconciliations	retain	attempts	integer	no	0	retain
oci_admin_projection_reconciliations	retain	last_error	text	yes	0	private_cell
oci_admin_projection_reconciliations	retain	updated_at	integer	no	0	retain
oci_blob_claims	retain	registry_id	integer	no	1	retain
oci_blob_claims	retain	digest	text	no	2	retain
oci_blob_claims	retain	upload_id	text	no	0	retain
oci_blob_claims	retain	claimed_at	integer	no	0	retain
oci_blobs	retain	registry_id	integer	no	1	retain
oci_blobs	retain	digest	text	no	2	retain
oci_blobs	retain	byte_size	integer	no	0	retain
oci_blobs	retain	media_type	text	no	0	retain
oci_blobs	retain	surface_object_id	integer	no	0	retain
oci_blobs	retain	quota_bytes	integer	no	0	retain
oci_blobs	retain	lifecycle_state	text	no	0	retain
oci_blobs	retain	created_at	integer	no	0	retain
oci_blobs	retain	updated_at	integer	no	0	retain
oci_blobs	retain	unreferenced_since	integer	yes	0	retain
oci_conditional_delete_capabilities	retain	binding_id	integer	no	1	retain
oci_conditional_delete_capabilities	retain	binding_write_revision	integer	no	2	retain
oci_conditional_delete_capabilities	retain	binding_resource_version	integer	no	0	retain
oci_conditional_delete_capabilities	retain	delete_credential_purpose	text	yes	0	retain
oci_conditional_delete_capabilities	retain	delete_credential_generation	integer	yes	0	retain
oci_conditional_delete_capabilities	retain	capability_fingerprint	text	no	0	retain
oci_conditional_delete_capabilities	retain	state	text	no	0	retain
oci_conditional_delete_capabilities	retain	resource_version	integer	no	0	retain
oci_conditional_delete_capabilities	retain	observed_at	integer	no	0	retain
oci_descriptor_edges	retain	registry_id	integer	no	1	retain
oci_descriptor_edges	retain	manifest_digest	text	no	2	retain
oci_descriptor_edges	retain	edge_role	text	no	3	retain
oci_descriptor_edges	retain	ordinal	integer	no	4	retain
oci_descriptor_edges	retain	target_digest	text	no	0	retain
oci_descriptor_edges	retain	media_type	text	no	0	retain
oci_descriptor_edges	retain	byte_size	integer	no	0	retain
oci_descriptor_edges	retain	platform_os	text	yes	0	retain
oci_descriptor_edges	retain	platform_architecture	text	yes	0	retain
oci_descriptor_edges	retain	platform_variant	text	yes	0	retain
oci_descriptor_edges	retain	annotations_json	text	no	0	private_json
oci_descriptor_edges	retain	platform_os_version	text	yes	0	retain
oci_descriptor_edges	retain	platform_os_features_json	text	no	0	private_json
oci_gc_blockers	retain	run_id	text	no	1	retain
oci_gc_blockers	retain	ordinal	integer	no	2	retain
oci_gc_blockers	retain	blocker_kind	text	no	0	retain
oci_gc_blockers	retain	digest	text	yes	0	retain
oci_gc_blockers	retain	detail	text	no	0	private_cell
oci_gc_candidate_repositories	retain	run_id	text	no	1	retain
oci_gc_candidate_repositories	retain	digest	text	no	2	retain
oci_gc_candidate_repositories	retain	repository_id	integer	no	3	retain
oci_gc_candidate_repositories	retain	repository_name	text	no	0	retain
oci_gc_candidates	retain	run_id	text	no	1	retain
oci_gc_candidates	retain	registry_id	integer	no	0	retain
oci_gc_candidates	retain	digest	text	no	2	retain
oci_gc_candidates	retain	media_type	text	no	0	retain
oci_gc_candidates	retain	byte_size	integer	no	0	retain
oci_gc_candidates	retain	object_key	text	no	0	retain
oci_gc_candidates	retain	surface_object_id	integer	no	0	retain
oci_gc_candidates	retain	catalog_object_resource_version	integer	no	0	retain
oci_gc_candidates	retain	repository_count	integer	no	0	retain
oci_gc_candidates	retain	eligible_at	integer	no	0	retain
oci_gc_candidates	retain	state	text	no	0	retain
oci_gc_candidates	retain	finalized_at	integer	yes	0	retain
oci_gc_candidates	retain	last_error	text	yes	0	private_cell
oci_gc_candidates	retain	resource_version	integer	no	0	retain
oci_gc_credential_holds	retain	run_id	text	no	1	retain
oci_gc_credential_holds	retain	binding_id	integer	no	2	retain
oci_gc_credential_holds	retain	purpose	text	no	3	retain
oci_gc_credential_holds	retain	generation	integer	no	4	retain
oci_gc_deletion_evidence	retain	action_id	text	no	1	retain
oci_gc_deletion_evidence	retain	response_idempotency_key	text	no	0	retain
oci_gc_deletion_evidence	retain	outcome	text	no	0	retain
oci_gc_deletion_evidence	retain	conditional_etag	text	yes	0	retain
oci_gc_deletion_evidence	retain	provider_request_id	text	yes	0	retain
oci_gc_deletion_evidence	retain	evidence_digest	text	no	0	retain
oci_gc_deletion_evidence	retain	confirmed_at	integer	no	0	retain
oci_gc_generations	retain	id	text	no	1	retain
oci_gc_generations	retain	registry_id	integer	no	0	retain
oci_gc_generations	retain	captured_mutation_epoch	integer	no	0	retain
oci_gc_generations	retain	placement_inventory_digest	text	no	0	retain
oci_gc_generations	retain	state	text	no	0	retain
oci_gc_generations	retain	plan_digest	text	yes	0	retain
oci_gc_generations	retain	planned_bytes	integer	no	0	retain
oci_gc_generations	retain	planned_objects	integer	no	0	retain
oci_gc_generations	retain	created_at	integer	no	0	retain
oci_gc_generations	retain	finished_at	integer	yes	0	retain
oci_gc_placement_actions	retain	id	text	no	1	retain
oci_gc_placement_actions	retain	run_id	text	no	0	retain
oci_gc_placement_actions	retain	registry_id	integer	no	0	retain
oci_gc_placement_actions	retain	digest	text	no	0	retain
oci_gc_placement_actions	retain	placement_id	integer	no	0	retain
oci_gc_placement_actions	retain	object_key	text	no	0	retain
oci_gc_placement_actions	retain	expected_hash	text	no	0	retain
oci_gc_placement_actions	retain	expected_size	integer	no	0	retain
oci_gc_placement_actions	retain	expected_strong_etag	text	yes	0	retain
oci_gc_placement_actions	retain	inventory_generation_id	text	no	0	retain
oci_gc_placement_actions	retain	inventory_entry_present	integer	no	0	retain
oci_gc_placement_actions	retain	state	text	no	0	retain
oci_gc_placement_actions	retain	worker_id	text	yes	0	retain
oci_gc_placement_actions	retain	claim_token	text	yes	0	retain
oci_gc_placement_actions	retain	lease_expires_at	integer	yes	0	retain
oci_gc_placement_actions	retain	attempt_count	integer	no	0	retain
oci_gc_placement_actions	retain	max_attempts	integer	no	0	retain
oci_gc_placement_actions	retain	next_attempt_at	integer	no	0	retain
oci_gc_placement_actions	retain	requeue_actor_id	text	yes	0	retain
oci_gc_placement_actions	retain	requeue_idempotency_key	text	yes	0	retain
oci_gc_placement_actions	retain	requeue_expected_resource_version	integer	yes	0	retain
oci_gc_placement_actions	retain	last_error	text	yes	0	private_cell
oci_gc_placement_actions	retain	confirmed_at	integer	yes	0	retain
oci_gc_placement_actions	retain	resource_version	integer	no	0	retain
oci_gc_placement_actions	retain	expected_provider_version	text	yes	0	retain
oci_gc_placement_snapshots	retain	run_id	text	no	1	retain
oci_gc_placement_snapshots	retain	registry_id	integer	no	0	retain
oci_gc_placement_snapshots	retain	placement_id	integer	no	2	retain
oci_gc_placement_snapshots	retain	placement_name	text	no	0	retain
oci_gc_placement_snapshots	retain	placement_prefix	text	no	0	retain
oci_gc_placement_snapshots	retain	placement_resource_version	integer	no	0	retain
oci_gc_placement_snapshots	retain	placement_write_spec_version	integer	no	0	retain
oci_gc_placement_snapshots	retain	placement_observation_version	integer	no	0	retain
oci_gc_placement_snapshots	retain	binding_id	integer	no	0	retain
oci_gc_placement_snapshots	retain	binding_resource_version	integer	no	0	retain
oci_gc_placement_snapshots	retain	binding_write_revision	integer	no	0	retain
oci_gc_placement_snapshots	retain	delete_credential_purpose	text	yes	0	retain
oci_gc_placement_snapshots	retain	delete_credential_generation	integer	yes	0	retain
oci_gc_placement_snapshots	retain	delete_capability_fingerprint	text	no	0	retain
oci_gc_placement_snapshots	retain	delete_capability_resource_version	integer	no	0	retain
oci_gc_placement_snapshots	retain	delete_capability_observed_at	integer	no	0	retain
oci_gc_placement_snapshots	retain	inventory_generation_id	text	no	0	retain
oci_gc_placement_snapshots	retain	inventory_digest	text	no	0	retain
oci_gc_placement_snapshots	retain	inventory_observed_at	integer	no	0	retain
oci_gc_registry_locks	retain	registry_id	integer	no	1	retain
oci_gc_registry_locks	retain	run_id	text	no	0	retain
oci_gc_registry_locks	retain	acquired_at	integer	no	0	retain
oci_gc_roots	retain	run_id	text	no	1	retain
oci_gc_roots	retain	root_kind	text	no	2	retain
oci_gc_roots	retain	digest	text	no	3	retain
oci_gc_roots	retain	source_id	text	no	4	retain
oci_gc_roots	retain	repository_id	integer	yes	0	retain
oci_gc_runs	retain	id	text	no	1	retain
oci_gc_runs	retain	registry_id	integer	no	0	retain
oci_gc_runs	retain	actor_id	text	no	0	retain
oci_gc_runs	retain	plan_idempotency_key	text	no	0	retain
oci_gc_runs	retain	apply_idempotency_key	text	yes	0	retain
oci_gc_runs	retain	state	text	no	0	retain
oci_gc_runs	retain	captured_mutation_epoch	integer	no	0	retain
oci_gc_runs	retain	applied_mutation_epoch	integer	yes	0	retain
oci_gc_runs	retain	policy_resource_version	integer	no	0	retain
oci_gc_runs	retain	policy_digest	text	no	0	retain
oci_gc_runs	retain	root_set_digest	text	no	0	retain
oci_gc_runs	retain	placement_inventory_digest	text	no	0	retain
oci_gc_runs	retain	topology_digest	text	no	0	retain
oci_gc_runs	retain	plan_digest	text	no	0	retain
oci_gc_runs	retain	confirmation_hash	text	no	0	retain
oci_gc_runs	retain	inventory_object_count	integer	no	0	retain
oci_gc_runs	retain	inventory_byte_size	integer	no	0	retain
oci_gc_runs	retain	reachable_object_count	integer	no	0	retain
oci_gc_runs	retain	planned_bytes	integer	no	0	retain
oci_gc_runs	retain	planned_objects	integer	no	0	retain
oci_gc_runs	retain	deleted_object_count	integer	no	0	retain
oci_gc_runs	retain	deleted_byte_size	integer	no	0	retain
oci_gc_runs	retain	placement_action_count	integer	no	0	retain
oci_gc_runs	retain	expires_at	integer	no	0	retain
oci_gc_runs	retain	created_at	integer	no	0	retain
oci_gc_runs	retain	applied_at	integer	yes	0	retain
oci_gc_runs	retain	finished_at	integer	yes	0	retain
oci_gc_runs	retain	last_error	text	yes	0	private_cell
oci_gc_runs	retain	resource_version	integer	no	0	retain
oci_gc_snapshot_lease_holds	retain	run_id	text	no	1	retain
oci_gc_snapshot_lease_holds	retain	registry_id	integer	no	0	retain
oci_gc_snapshot_lease_holds	retain	snapshot_digest	text	no	2	retain
oci_gc_snapshot_lease_holds	retain	retired_at	integer	no	0	retain
oci_image_config_projections	retain	registry_id	integer	no	0	retain
oci_image_config_projections	retain	repository_id	integer	no	1	retain
oci_image_config_projections	retain	root_digest	text	no	2	retain
oci_image_config_projections	retain	manifest_digest	text	no	3	retain
oci_image_config_projections	retain	config_digest	text	no	0	retain
oci_image_config_projections	retain	operating_system	text	no	0	retain
oci_image_config_projections	retain	architecture	text	no	0	retain
oci_image_config_projections	retain	variant	text	yes	0	retain
oci_image_config_projections	retain	os_version	text	yes	0	retain
oci_image_config_projections	retain	os_features_json	text	no	0	private_json
oci_image_config_projections	retain	aos_system	text	no	0	retain
oci_image_config_projections	retain	compressed_byte_size	integer	no	0	retain
oci_image_config_projections	retain	unpacked_byte_size	integer	no	0	retain
oci_image_config_projections	retain	layer_count	integer	no	0	retain
oci_image_config_projections	retain	config_json	text	no	0	private_json
oci_image_config_projections	retain	verified_at	integer	no	0	retain
oci_image_config_projections	retain	config_representation	text	no	0	retain
oci_image_config_projections	retain	config_source_size	integer	yes	0	retain
oci_image_config_projections	retain	config_summary_json	text	yes	0	private_json
oci_leases	retain	id	text	no	1	retain
oci_leases	retain	registry_id	integer	no	0	retain
oci_leases	retain	digest	text	no	0	retain
oci_leases	retain	lease_kind	text	no	0	retain
oci_leases	retain	expires_at	integer	no	0	retain
oci_leases	retain	created_at	integer	no	0	retain
oci_manifests	retain	registry_id	integer	no	1	retain
oci_manifests	retain	digest	text	no	2	retain
oci_manifests	retain	media_type	text	no	0	retain
oci_manifests	retain	byte_size	integer	no	0	retain
oci_manifests	retain	schema_version	integer	no	0	retain
oci_manifests	retain	artifact_type	text	yes	0	retain
oci_manifests	retain	subject_digest	text	yes	0	retain
oci_manifests	retain	config_digest	text	yes	0	retain
oci_manifests	retain	platform_os	text	yes	0	retain
oci_manifests	retain	platform_architecture	text	yes	0	retain
oci_manifests	retain	platform_variant	text	yes	0	retain
oci_manifests	retain	annotations_json	text	no	0	private_json
oci_manifests	retain	descriptor_count	integer	no	0	retain
oci_manifests	retain	created_at	integer	no	0	retain
oci_manifests	retain	platform_os_version	text	yes	0	retain
oci_manifests	retain	platform_os_features_json	text	no	0	private_json
oci_phase5_upgrade_guard	retain	id	text	no	1	retain
oci_phase5_upgrade_guard	retain	marker	integer	no	0	retain
oci_provider_inventory_entries	retain	generation_id	text	no	1	retain
oci_provider_inventory_entries	retain	registry_id	integer	no	0	retain
oci_provider_inventory_entries	retain	placement_id	integer	no	0	retain
oci_provider_inventory_entries	retain	object_key	text	no	2	retain
oci_provider_inventory_entries	retain	object_digest	text	no	0	retain
oci_provider_inventory_entries	retain	observed_hash	text	no	0	retain
oci_provider_inventory_entries	retain	byte_size	integer	no	0	retain
oci_provider_inventory_entries	retain	strong_etag	text	no	0	retain
oci_provider_inventory_entries	retain	surface_object_id	integer	yes	0	retain
oci_provider_inventory_entries	retain	catalog_object_resource_version	integer	yes	0	retain
oci_provider_inventory_entries	retain	classification	text	no	0	retain
oci_provider_inventory_entries	retain	deleted_at	integer	yes	0	retain
oci_provider_inventory_entries	retain	provider_version	text	yes	0	retain
oci_provider_inventory_generations	retain	id	text	no	1	retain
oci_provider_inventory_generations	retain	registry_id	integer	no	0	retain
oci_provider_inventory_generations	retain	placement_id	integer	no	0	retain
oci_provider_inventory_generations	retain	collector_id	text	no	0	retain
oci_provider_inventory_generations	retain	collector_claim_token	text	no	0	retain
oci_provider_inventory_generations	retain	collector_lease_expires_at	integer	yes	0	retain
oci_provider_inventory_generations	retain	idempotency_key	text	no	0	retain
oci_provider_inventory_generations	retain	source_kind	text	no	0	retain
oci_provider_inventory_generations	retain	captured_mutation_epoch	integer	no	0	retain
oci_provider_inventory_generations	retain	placement_resource_version	integer	no	0	retain
oci_provider_inventory_generations	retain	placement_write_spec_version	integer	no	0	retain
oci_provider_inventory_generations	retain	placement_observation_version	integer	no	0	retain
oci_provider_inventory_generations	retain	binding_id	integer	no	0	retain
oci_provider_inventory_generations	retain	binding_resource_version	integer	no	0	retain
oci_provider_inventory_generations	retain	binding_write_revision	integer	no	0	retain
oci_provider_inventory_generations	retain	state	text	no	0	retain
oci_provider_inventory_generations	retain	active_slot	integer	yes	0	retain
oci_provider_inventory_generations	retain	inventory_digest	text	yes	0	retain
oci_provider_inventory_generations	retain	object_count	integer	no	0	retain
oci_provider_inventory_generations	retain	byte_count	integer	no	0	retain
oci_provider_inventory_generations	retain	untracked_object_count	integer	no	0	retain
oci_provider_inventory_generations	retain	checkpoint_ordinal	integer	no	0	retain
oci_provider_inventory_generations	retain	provider_cursor	text	yes	0	retain
oci_provider_inventory_generations	retain	checkpoint_last_key	text	yes	0	retain
oci_provider_inventory_generations	retain	checkpoint_digest	text	yes	0	retain
oci_provider_inventory_generations	retain	checkpoint_page_digest	text	yes	0	retain
oci_provider_inventory_generations	retain	takeover_count	integer	no	0	retain
oci_provider_inventory_generations	retain	started_at	integer	no	0	retain
oci_provider_inventory_generations	retain	observed_at	integer	yes	0	retain
oci_provider_inventory_generations	retain	completed_at	integer	yes	0	retain
oci_provider_inventory_generations	retain	last_error	text	yes	0	private_cell
oci_provider_inventory_generations	retain	resource_version	integer	no	0	retain
oci_provider_inventory_generations	retain	purge_fence_resource_version	integer	yes	0	retain
oci_provider_inventory_heads	retain	placement_id	integer	no	1	retain
oci_provider_inventory_heads	retain	registry_id	integer	no	0	retain
oci_provider_inventory_heads	retain	generation_id	text	no	0	retain
oci_provider_inventory_heads	retain	updated_at	integer	no	0	retain
oci_publication_object_placements	retain	publication_id	text	no	1	retain
oci_publication_object_placements	retain	digest	text	no	2	retain
oci_publication_object_placements	retain	registry_id	integer	no	0	retain
oci_publication_object_placements	retain	surface_object_id	integer	no	0	retain
oci_publication_object_placements	retain	placement_id	integer	no	3	retain
oci_publication_object_placements	retain	object_resource_version	integer	no	0	retain
oci_publication_object_placements	retain	placement_resource_version	integer	no	0	retain
oci_publication_object_placements	retain	placement_observation_version	integer	no	0	retain
oci_publication_object_placements	retain	observed_inventory_generation	integer	no	0	retain
oci_publication_object_placements	retain	observed_size	integer	no	0	retain
oci_publication_object_placements	retain	observed_etag	text	no	0	retain
oci_publication_object_placements	retain	observed_at	integer	no	0	retain
oci_publication_objects	retain	publication_id	text	no	1	retain
oci_publication_objects	retain	registry_id	integer	no	0	retain
oci_publication_objects	retain	digest	text	no	2	retain
oci_publication_objects	retain	media_type	text	no	0	retain
oci_publication_objects	retain	byte_size	integer	no	0	retain
oci_publication_objects	retain	object_kind	text	no	0	retain
oci_publication_objects	retain	object_key	text	no	0	retain
oci_publication_objects	retain	descriptor_json	text	no	0	private_json
oci_publication_objects	retain	projection_json	text	yes	0	private_json
oci_publication_required_placements	retain	publication_id	text	no	1	retain
oci_publication_required_placements	retain	registry_id	integer	no	0	retain
oci_publication_required_placements	retain	placement_id	integer	no	2	retain
oci_publication_required_placements	retain	placement_resource_version	integer	no	0	retain
oci_publication_required_placements	retain	placement_write_spec_version	integer	no	0	retain
oci_publication_required_placements	retain	placement_observation_version	integer	no	0	retain
oci_publication_required_placements	retain	binding_id	integer	no	0	retain
oci_publication_required_placements	retain	binding_write_revision	integer	no	0	retain
oci_publication_required_placements	retain	revision_fingerprint	text	no	0	retain
oci_publication_required_placements	retain	capability_fingerprint	text	no	0	retain
oci_publication_sessions	retain	id	text	no	1	retain
oci_publication_sessions	retain	registry_id	integer	no	0	retain
oci_publication_sessions	retain	repository_id	integer	no	0	retain
oci_publication_sessions	retain	writer_id	text	no	0	retain
oci_publication_sessions	retain	token_id	text	no	0	retain
oci_publication_sessions	retain	target_tag	text	yes	0	retain
oci_publication_sessions	retain	expected_tag_version	integer	yes	0	retain
oci_publication_sessions	retain	expected_tag_digest	text	yes	0	retain
oci_publication_sessions	retain	root_digest	text	no	0	retain
oci_publication_sessions	retain	catalog_digest	text	no	0	retain
oci_publication_sessions	retain	release_tag	text	yes	0	retain
oci_publication_sessions	retain	sidecar_sha256	text	yes	0	retain
oci_publication_sessions	retain	confirmation_hash	text	no	0	retain
oci_publication_sessions	retain	topology_digest	text	no	0	retain
oci_publication_sessions	retain	required_placement_count	integer	no	0	retain
oci_publication_sessions	retain	source_kind	text	no	0	retain
oci_publication_sessions	retain	state	text	no	0	retain
oci_publication_sessions	retain	idempotency_key	text	no	0	retain
oci_publication_sessions	retain	commit_idempotency_key	text	yes	0	retain
oci_publication_sessions	retain	abort_idempotency_key	text	yes	0	retain
oci_publication_sessions	retain	expires_at	integer	no	0	retain
oci_publication_sessions	retain	created_at	integer	no	0	retain
oci_publication_sessions	retain	committed_at	integer	yes	0	retain
oci_publication_sessions	retain	resource_version	integer	no	0	retain
oci_publications	retain	id	text	no	1	retain
oci_publications	retain	registry_id	integer	no	0	retain
oci_publications	retain	repository_id	integer	no	0	retain
oci_publications	retain	target_tag	text	yes	0	retain
oci_publications	retain	root_digest	text	no	0	retain
oci_publications	retain	source_kind	text	no	0	retain
oci_publications	retain	state	text	no	0	retain
oci_publications	retain	idempotency_key	text	no	0	retain
oci_publications	retain	expires_at	integer	no	0	retain
oci_publications	retain	created_at	integer	no	0	retain
oci_publications	retain	committed_at	integer	yes	0	retain
oci_publications	retain	resource_version	integer	no	0	retain
oci_quota_reservations	retain	id	text	no	1	retain
oci_quota_reservations	retain	registry_id	integer	no	0	retain
oci_quota_reservations	retain	org_id	integer	no	0	retain
oci_quota_reservations	retain	owner_kind	text	no	0	retain
oci_quota_reservations	retain	owner_id	text	no	0	retain
oci_quota_reservations	retain	reserved_bytes	integer	no	0	retain
oci_quota_reservations	retain	reserved_objects	integer	no	0	retain
oci_quota_reservations	retain	state	text	no	0	retain
oci_quota_reservations	retain	created_at	integer	no	0	retain
oci_quota_reservations	retain	updated_at	integer	no	0	retain
oci_registry_purge_fence_plans	retain	id	text	no	1	retain
oci_registry_purge_fence_plans	retain	registry_id	integer	no	0	retain
oci_registry_purge_fence_plans	retain	action	text	no	0	retain
oci_registry_purge_fence_plans	retain	actor_id	text	no	0	retain
oci_registry_purge_fence_plans	retain	plan_idempotency_key	text	no	0	retain
oci_registry_purge_fence_plans	retain	apply_idempotency_key	text	yes	0	retain
oci_registry_purge_fence_plans	retain	expected_resource_version	integer	no	0	retain
oci_registry_purge_fence_plans	retain	captured_mutation_epoch	integer	no	0	retain
oci_registry_purge_fence_plans	retain	confirmation_hash	text	no	0	retain
oci_registry_purge_fence_plans	retain	state	text	no	0	retain
oci_registry_purge_fence_plans	retain	expires_at	integer	no	0	retain
oci_registry_purge_fence_plans	retain	created_at	integer	no	0	retain
oci_registry_purge_fence_plans	retain	applied_at	integer	yes	0	retain
oci_registry_purge_fence_plans	retain	finished_at	integer	yes	0	retain
oci_registry_purge_fence_plans	retain	last_error	text	yes	0	private_cell
oci_registry_purge_fence_plans	retain	resource_version	integer	no	0	retain
oci_registry_purge_fences	retain	registry_id	integer	no	1	retain
oci_registry_purge_fences	retain	actor_id	text	no	0	retain
oci_registry_purge_fences	retain	idempotency_key	text	no	0	retain
oci_registry_purge_fences	retain	registry_resource_version	integer	no	0	retain
oci_registry_purge_fences	retain	captured_mutation_epoch	integer	no	0	retain
oci_registry_purge_fences	retain	state	text	no	0	retain
oci_registry_purge_fences	retain	created_at	integer	no	0	retain
oci_registry_purge_fences	retain	aborted_at	integer	yes	0	retain
oci_registry_purge_fences	retain	resource_version	integer	no	0	retain
oci_registry_state	retain	registry_id	integer	no	1	retain
oci_registry_state	retain	mutation_epoch	integer	no	0	retain
oci_registry_state	retain	charged_bytes	integer	no	0	retain
oci_registry_state	retain	charged_objects	integer	no	0	retain
oci_registry_state	retain	updated_at	integer	no	0	retain
oci_release_closure_members	retain	registry_id	integer	no	1	retain
oci_release_closure_members	retain	repository_id	integer	no	2	retain
oci_release_closure_members	retain	root_digest	text	no	3	retain
oci_release_closure_members	retain	release_tag	text	no	4	retain
oci_release_closure_members	retain	store_path	text	no	5	retain
oci_release_closure_members	retain	nar_hash	text	no	0	retain
oci_release_closure_members	retain	nar_size	integer	no	0	retain
oci_release_closure_members	retain	layer_digest	text	no	0	retain
oci_release_closure_members	retain	is_direct	integer	no	0	retain
oci_release_evidence	retain	registry_id	integer	no	1	retain
oci_release_evidence	retain	repository_id	integer	no	2	retain
oci_release_evidence	retain	root_digest	text	no	3	retain
oci_release_evidence	retain	release_tag	text	no	4	retain
oci_release_evidence	retain	evidence_kind	text	no	5	retain
oci_release_evidence	retain	digest	text	no	0	retain
oci_release_evidence	retain	media_type	text	no	0	retain
oci_release_evidence	retain	verification	text	no	0	retain
oci_release_evidence	retain	referrer_digest	text	no	0	retain
oci_release_layers	retain	registry_id	integer	no	0	retain
oci_release_layers	retain	repository_id	integer	no	1	retain
oci_release_layers	retain	root_digest	text	no	2	retain
oci_release_layers	retain	manifest_digest	text	no	3	retain
oci_release_layers	retain	ordinal	integer	no	4	retain
oci_release_layers	retain	digest	text	no	0	retain
oci_release_layers	retain	media_type	text	no	0	retain
oci_release_layers	retain	compressed_byte_size	integer	no	0	retain
oci_release_layers	retain	unpacked_byte_size	integer	no	0	retain
oci_release_layers	retain	diff_id	text	no	0	retain
oci_release_layers	retain	closure_group	text	no	0	retain
oci_release_layers	retain	verified_at	integer	no	0	retain
oci_release_provenance	retain	registry_id	integer	no	1	retain
oci_release_provenance	retain	repository_id	integer	no	2	retain
oci_release_provenance	retain	root_digest	text	no	3	retain
oci_release_provenance	retain	package_name	text	no	0	retain
oci_release_provenance	retain	release_tag	text	no	4	retain
oci_release_provenance	retain	channel_name	text	yes	0	retain
oci_release_provenance	retain	signed_release_root	text	no	0	retain
oci_release_provenance	retain	catalog_digest	text	no	0	retain
oci_release_provenance	retain	verification	text	no	0	retain
oci_release_provenance	retain	verified_at	integer	no	0	retain
oci_release_roots	retain	registry_id	integer	no	1	retain
oci_release_roots	retain	release_id	integer	no	0	retain
oci_release_roots	retain	release_tag	text	no	2	retain
oci_release_roots	retain	repository_id	integer	no	3	retain
oci_release_roots	retain	container_name	text	no	4	retain
oci_release_roots	retain	index_digest	text	no	0	retain
oci_release_roots	retain	source_commit	text	no	0	retain
oci_release_roots	retain	verified_tag_oid	text	no	0	retain
oci_release_roots	retain	catalog_digest	text	no	0	retain
oci_release_roots	retain	created_at	integer	no	0	retain
oci_release_roots	retain	publication_fence	integer	no	0	retain
oci_repositories	retain	id	integer	no	1	retain
oci_repositories	retain	registry_id	integer	no	0	retain
oci_repositories	retain	name	text	no	0	retain
oci_repositories	retain	visibility	text	no	0	retain
oci_repositories	retain	lifecycle_state	text	no	0	retain
oci_repositories	retain	resource_version	integer	no	0	retain
oci_repositories	retain	created_at	integer	no	0	retain
oci_repositories	retain	updated_at	integer	no	0	retain
oci_repository_metadata	retain	repository_id	integer	no	1	retain
oci_repository_metadata	retain	registry_id	integer	no	0	retain
oci_repository_metadata	retain	description	text	no	0	private_cell
oci_repository_metadata	retain	resource_version	integer	no	0	retain
oci_repository_metadata	retain	updated_at	integer	no	0	retain
oci_repository_objects	retain	repository_id	integer	no	1	retain
oci_repository_objects	retain	registry_id	integer	no	0	retain
oci_repository_objects	retain	digest	text	no	2	retain
oci_repository_objects	retain	object_kind	text	no	0	retain
oci_repository_objects	retain	linked_at	integer	no	0	retain
oci_repository_objects	retain	media_type	text	no	0	retain
oci_retention_policies	retain	registry_id	integer	no	1	retain
oci_retention_policies	retain	untagged_grace_seconds	integer	no	0	retain
oci_retention_policies	retain	tag_history_limit	integer	no	0	retain
oci_retention_policies	retain	retain_referrers	integer	no	0	retain
oci_retention_policies	retain	resource_version	integer	no	0	retain
oci_retention_policies	retain	updated_at	integer	no	0	retain
oci_retention_policies	retain	deleted_tag_history_seconds	integer	no	0	retain
oci_retention_policies	retain	recent_manual_tag_revisions	integer	no	0	retain
oci_tag_history	retain	id	text	no	1	retain
oci_tag_history	retain	repository_id	integer	no	0	retain
oci_tag_history	retain	registry_id	integer	no	0	retain
oci_tag_history	retain	name	text	no	0	retain
oci_tag_history	retain	prior_digest	text	yes	0	retain
oci_tag_history	retain	next_digest	text	yes	0	retain
oci_tag_history	retain	source_kind	text	no	0	retain
oci_tag_history	retain	actor_id	text	no	0	retain
oci_tag_history	retain	changed_at	integer	no	0	retain
oci_tag_history	retain	tag_resource_version	integer	no	0	retain
oci_tags	retain	repository_id	integer	no	1	retain
oci_tags	retain	registry_id	integer	no	0	retain
oci_tags	retain	name	text	no	2	retain
oci_tags	retain	digest	text	no	0	retain
oci_tags	retain	source_kind	text	no	0	retain
oci_tags	retain	resource_version	integer	no	0	retain
oci_tags	retain	updated_at	integer	no	0	retain
oci_tags	retain	created_at	integer	no	0	retain
oci_untracked_repair_credential_holds	retain	plan_id	text	no	1	retain
oci_untracked_repair_credential_holds	retain	binding_id	integer	no	2	retain
oci_untracked_repair_credential_holds	retain	purpose	text	no	3	retain
oci_untracked_repair_credential_holds	retain	generation	integer	no	4	retain
oci_untracked_repair_evidence	retain	plan_id	text	no	1	retain
oci_untracked_repair_evidence	retain	outcome	text	no	0	retain
oci_untracked_repair_evidence	retain	provider_request_id	text	yes	0	retain
oci_untracked_repair_evidence	retain	conditional_etag	text	yes	0	retain
oci_untracked_repair_evidence	retain	evidence_digest	text	no	0	retain
oci_untracked_repair_evidence	retain	confirmed_at	integer	no	0	retain
oci_untracked_repair_plans	retain	id	text	no	1	retain
oci_untracked_repair_plans	retain	registry_id	integer	no	0	retain
oci_untracked_repair_plans	retain	placement_id	integer	no	0	retain
oci_untracked_repair_plans	retain	placement_name	text	no	0	retain
oci_untracked_repair_plans	retain	placement_prefix	text	no	0	retain
oci_untracked_repair_plans	retain	placement_resource_version	integer	no	0	retain
oci_untracked_repair_plans	retain	placement_write_spec_version	integer	no	0	retain
oci_untracked_repair_plans	retain	placement_observation_version	integer	no	0	retain
oci_untracked_repair_plans	retain	binding_id	integer	no	0	retain
oci_untracked_repair_plans	retain	binding_resource_version	integer	no	0	retain
oci_untracked_repair_plans	retain	binding_write_revision	integer	no	0	retain
oci_untracked_repair_plans	retain	delete_credential_purpose	text	yes	0	retain
oci_untracked_repair_plans	retain	delete_credential_generation	integer	yes	0	retain
oci_untracked_repair_plans	retain	delete_capability_fingerprint	text	no	0	retain
oci_untracked_repair_plans	retain	delete_capability_resource_version	integer	no	0	retain
oci_untracked_repair_plans	retain	inventory_generation_id	text	no	0	retain
oci_untracked_repair_plans	retain	inventory_digest	text	no	0	retain
oci_untracked_repair_plans	retain	inventory_observed_at	integer	no	0	retain
oci_untracked_repair_plans	retain	object_key	text	no	0	retain
oci_untracked_repair_plans	retain	object_digest	text	no	0	retain
oci_untracked_repair_plans	retain	observed_hash	text	no	0	retain
oci_untracked_repair_plans	retain	byte_size	integer	no	0	retain
oci_untracked_repair_plans	retain	strong_etag	text	no	0	retain
oci_untracked_repair_plans	retain	repair_kind	text	no	0	retain
oci_untracked_repair_plans	retain	adopt_media_type	text	yes	0	retain
oci_untracked_repair_plans	retain	actor_id	text	no	0	retain
oci_untracked_repair_plans	retain	plan_idempotency_key	text	no	0	retain
oci_untracked_repair_plans	retain	apply_idempotency_key	text	yes	0	retain
oci_untracked_repair_plans	retain	captured_mutation_epoch	integer	no	0	retain
oci_untracked_repair_plans	retain	confirmation_hash	text	no	0	retain
oci_untracked_repair_plans	retain	state	text	no	0	retain
oci_untracked_repair_plans	retain	worker_id	text	yes	0	retain
oci_untracked_repair_plans	retain	claim_token	text	yes	0	retain
oci_untracked_repair_plans	retain	lease_expires_at	integer	yes	0	retain
oci_untracked_repair_plans	retain	attempt_count	integer	no	0	retain
oci_untracked_repair_plans	retain	max_attempts	integer	no	0	retain
oci_untracked_repair_plans	retain	next_attempt_at	integer	no	0	retain
oci_untracked_repair_plans	retain	response_idempotency_key	text	yes	0	retain
oci_untracked_repair_plans	retain	created_at	integer	no	0	retain
oci_untracked_repair_plans	retain	expires_at	integer	no	0	retain
oci_untracked_repair_plans	retain	applied_at	integer	yes	0	retain
oci_untracked_repair_plans	retain	finished_at	integer	yes	0	retain
oci_untracked_repair_plans	retain	last_error	text	yes	0	private_cell
oci_untracked_repair_plans	retain	resource_version	integer	no	0	retain
oci_upload_chunks	retain	upload_id	text	no	1	retain
oci_upload_chunks	retain	ordinal	integer	no	2	retain
oci_upload_chunks	retain	byte_offset	integer	no	0	retain
oci_upload_chunks	retain	byte_size	integer	no	0	retain
oci_upload_chunks	retain	digest	text	no	0	retain
oci_upload_chunks	retain	staging_object_key	text	no	0	retain
oci_upload_chunks	retain	created_at	integer	no	0	retain
oci_upload_sessions	retain	id	text	no	1	retain
oci_upload_sessions	retain	registry_id	integer	no	0	retain
oci_upload_sessions	retain	repository_id	integer	no	0	retain
oci_upload_sessions	retain	publication_id	text	yes	0	retain
oci_upload_sessions	retain	quota_reservation_id	text	no	0	retain
oci_upload_sessions	retain	writer_id	text	no	0	retain
oci_upload_sessions	retain	token_id	text	no	0	retain
oci_upload_sessions	retain	idempotency_key	text	no	0	retain
oci_upload_sessions	retain	expected_digest	text	yes	0	retain
oci_upload_sessions	retain	expected_size	integer	yes	0	retain
oci_upload_sessions	retain	maximum_size	integer	no	0	retain
oci_upload_sessions	retain	uploaded_size	integer	no	0	retain
oci_upload_sessions	retain	staging_placement_id	integer	yes	0	retain
oci_upload_sessions	retain	staging_placement_resource_version	integer	yes	0	retain
oci_upload_sessions	retain	staging_binding_id	integer	yes	0	retain
oci_upload_sessions	retain	staging_binding_write_revision	integer	yes	0	retain
oci_upload_sessions	retain	final_digest	text	yes	0	retain
oci_upload_sessions	retain	materialization_placement_id	integer	yes	0	retain
oci_upload_sessions	retain	materialization_placement_resource_version	integer	yes	0	retain
oci_upload_sessions	retain	materialization_binding_id	integer	yes	0	retain
oci_upload_sessions	retain	materialization_binding_write_revision	integer	yes	0	retain
oci_upload_sessions	retain	sha256_state_version	integer	no	0	oci_sha256_state
oci_upload_sessions	retain	sha256_h0	integer	no	0	retain
oci_upload_sessions	retain	sha256_h1	integer	no	0	retain
oci_upload_sessions	retain	sha256_h2	integer	no	0	retain
oci_upload_sessions	retain	sha256_h3	integer	no	0	retain
oci_upload_sessions	retain	sha256_h4	integer	no	0	retain
oci_upload_sessions	retain	sha256_h5	integer	no	0	retain
oci_upload_sessions	retain	sha256_h6	integer	no	0	retain
oci_upload_sessions	retain	sha256_h7	integer	no	0	retain
oci_upload_sessions	retain	sha256_total_bytes	integer	no	0	retain
oci_upload_sessions	retain	sha256_tail_hex	text	no	0	private_cell
oci_upload_sessions	retain	state	text	no	0	retain
oci_upload_sessions	retain	expires_at	integer	no	0	retain
oci_upload_sessions	retain	created_at	integer	no	0	retain
oci_upload_sessions	retain	finished_at	integer	yes	0	retain
oci_upload_sessions	retain	cleanup_state	text	no	0	retain
oci_upload_sessions	retain	cleanup_finished_at	integer	yes	0	retain
oci_upload_sessions	retain	resource_version	integer	no	0	retain
oci_upload_sessions	retain	authenticated_source_sha256	text	yes	0	fingerprint
oci_upload_sessions	retain	authenticated_source_bytes	integer	yes	0	retain
oci_uploads	retain	id	text	no	1	retain
oci_uploads	retain	registry_id	integer	no	0	retain
oci_uploads	retain	repository_id	integer	no	0	retain
oci_uploads	retain	publication_id	text	yes	0	retain
oci_uploads	retain	expected_digest	text	yes	0	retain
oci_uploads	retain	expected_size	integer	yes	0	retain
oci_uploads	retain	uploaded_size	integer	no	0	retain
oci_uploads	retain	sha256_state	text	no	0	private_cell
oci_uploads	retain	backend_upload_id	text	yes	0	retain
oci_uploads	retain	state	text	no	0	retain
oci_uploads	retain	expires_at	integer	no	0	retain
oci_uploads	retain	created_at	integer	no	0	retain
oci_uploads	retain	finished_at	integer	yes	0	retain
oci_uploads	retain	resource_version	integer	no	0	retain
oidc_flows	auth_transient	state	text	no	1	retain
oidc_flows	auth_transient	org_id	integer	no	0	retain
oidc_flows	auth_transient	nonce	text	no	0	retain
oidc_flows	auth_transient	code_verifier	text	no	0	retain
oidc_flows	auth_transient	redirect_after	text	yes	0	retain
oidc_flows	auth_transient	created_at	integer	no	0	retain
oidc_flows	auth_transient	expires_at	integer	no	0	retain
operation_secondary_targets	retain	operation_id	text	no	1	retain
operation_secondary_targets	retain	role	text	no	2	retain
operation_secondary_targets	retain	target_kind	text	no	3	retain
operation_secondary_targets	retain	stable_id	text	no	4	retain
operation_secondary_targets	retain	authorization_scope_key	text	no	0	retain
operation_secondary_targets	retain	control_permission	text	no	0	retain
operation_secondary_targets	retain	generation_key	integer	no	5	retain
operation_secondary_targets	retain	configuration_digest	text	no	0	retain
org_domains	retain	domain	text	no	1	retain
org_domains	retain	org_id	integer	no	0	retain
org_domains	retain	txt_challenge	text	no	0	retain
org_domains	retain	verified_at	integer	yes	0	retain
org_domains	retain	resource_version	integer	no	0	retain
org_domains	retain	mutation_plan_id	text	yes	0	retain
org_domains	retain	incarnation_id	text	yes	0	retain
org_idp_configs	retain	org_id	integer	no	1	retain
org_idp_configs	retain	issuer	text	no	0	idp_locator
org_idp_configs	retain	authorization_endpoint	text	no	0	idp_locator
org_idp_configs	retain	token_endpoint	text	no	0	idp_locator
org_idp_configs	retain	jwks_uri	text	no	0	idp_locator
org_idp_configs	retain	client_id	text	no	0	retain
org_idp_configs	retain	client_secret_enc	text	yes	0	secret
org_idp_configs	retain	scopes	text	no	0	retain
org_idp_configs	retain	groups_claim	text	yes	0	retain
org_idp_configs	retain	role_map_json	text	no	0	private_json
org_idp_configs	retain	allow_jit	integer	no	0	retain
org_idp_configs	retain	enforce_sso	integer	no	0	retain
org_idp_configs	retain	default_role	text	no	0	retain
org_idp_configs	retain	created_at	integer	no	0	retain
org_idp_configs	retain	updated_at	integer	no	0	retain
org_idp_configs	retain	resource_version	integer	no	0	retain
org_idp_configs	retain	mutation_plan_id	text	yes	0	retain
org_idp_configs	retain	incarnation_id	text	yes	0	retain
org_quotas	retain	org_id	integer	no	1	retain
org_quotas	retain	max_bytes	integer	yes	0	retain
org_quotas	retain	max_objects	integer	yes	0	retain
org_quotas	retain	max_registries	integer	yes	0	retain
org_quotas	retain	max_tokens	integer	yes	0	retain
org_usage	retain	org_id	integer	no	1	retain
org_usage	retain	used_bytes	integer	no	0	retain
org_usage	retain	object_count	integer	no	0	retain
org_usage	retain	updated_at	integer	no	0	retain
orgs	retain	id	integer	no	1	retain
orgs	retain	stable_id	text	no	0	retain
orgs	retain	slug	text	no	0	retain
orgs	retain	name	text	no	0	retain
orgs	retain	created_at	integer	no	0	retain
orgs	retain	deleted_at	integer	yes	0	retain
orgs	retain	purge_after	integer	yes	0	retain
orgs	retain	resource_version	integer	no	0	retain
orgs	retain	updated_at	integer	yes	0	retain
orgs	retain	creation_plan_id	text	yes	0	retain
orgs	retain	mutation_plan_id	text	yes	0	retain
package_documentation	retain	registry_id	integer	no	1	retain
package_documentation	retain	indexed_commit	text	no	0	retain
package_documentation	retain	package_name	text	no	2	retain
package_documentation	retain	package_version	text	no	3	retain
package_documentation	retain	platform	text	no	4	retain
package_documentation	retain	format	text	no	0	retain
package_documentation	retain	store_path	text	no	0	retain
package_documentation	retain	nar_hash	text	no	0	retain
package_documentation	retain	nar_size	integer	no	0	retain
package_documentation	retain	document_sha256	text	no	0	retain
package_documentation	retain	document_size	integer	no	0	retain
package_documentation	retain	semantic_schema_sha256	text	no	0	retain
package_documentation	retain	system_module_nar_hash	text	yes	0	retain
package_documentation_search	retain	registry_id	integer	no	1	retain
package_documentation_search	retain	package_name	text	no	2	retain
package_documentation_search	retain	package_version	text	no	3	retain
package_documentation_search	retain	platform	text	no	4	retain
package_documentation_search	retain	kind	text	no	5	retain
package_documentation_search	retain	document_key	text	no	6	retain
package_documentation_search	retain	title	text	no	0	retain
package_documentation_search	retain	summary	text	no	0	retain
package_documentation_search	retain	terms	text	no	0	private_json
package_versions	retain	id	integer	no	1	retain
package_versions	retain	package_id	integer	no	0	retain
package_versions	retain	version	text	no	0	retain
package_versions	retain	previous	text	yes	0	retain
packages	retain	id	integer	no	1	retain
packages	retain	registry_id	integer	no	0	retain
packages	retain	name	text	no	0	retain
packages	retain	description	text	no	0	private_cell
packages	retain	homepage	text	yes	0	retain
packages	retain	license	text	no	0	retain
packages	retain	maintainer	text	no	0	retain
packages	retain	sysroot	integer	no	0	retain
physical_storage_aliases	retain	alias_id	text	no	1	retain
physical_storage_aliases	retain	authority_id	text	no	0	retain
physical_storage_aliases	retain	canonical_alias_digest	text	no	0	retain
physical_storage_aliases	retain	specification_json	text	no	0	authority
physical_storage_aliases	retain	approval_plan_id	text	no	0	retain
physical_storage_aliases	retain	approved_at	integer	no	0	retain
physical_storage_authorities	retain	authority_id	text	no	1	retain
physical_storage_authorities	retain	guard_namespace_id	text	no	0	retain
physical_storage_authorities	retain	specification_json	text	no	0	authority
physical_storage_authorities	retain	specification_digest	text	no	0	retain
physical_storage_authorities	retain	creation_plan_id	text	no	0	retain
physical_storage_authorities	retain	created_at	integer	no	0	retain
placement_delivery_manifest_heads	retain	placement_id	integer	no	1	retain
placement_delivery_manifest_heads	retain	registry_id	integer	yes	0	retain
placement_delivery_manifest_heads	retain	cache_id	integer	yes	0	retain
placement_delivery_manifest_heads	retain	manifest_id	text	no	0	retain
placement_delivery_manifest_heads	retain	resource_version	integer	no	0	retain
placement_delivery_manifest_heads	retain	updated_at	integer	no	0	retain
placement_delivery_manifests	retain	manifest_id	text	no	1	retain
placement_delivery_manifests	retain	placement_id	integer	no	0	retain
placement_delivery_manifests	retain	registry_id	integer	yes	0	retain
placement_delivery_manifests	retain	cache_id	integer	yes	0	retain
placement_delivery_manifests	retain	kind	text	no	0	retain
placement_delivery_manifests	retain	registry_publication_id	text	yes	0	retain
placement_delivery_manifests	retain	cache_inventory_generation	integer	yes	0	retain
placement_delivery_manifests	retain	content_digest	text	no	0	retain
placement_delivery_manifests	retain	published_at	integer	no	0	retain
placement_equivalences	retain	id	text	no	1	retain
placement_equivalences	retain	placement_a_id	integer	no	0	retain
placement_equivalences	retain	placement_b_id	integer	no	0	retain
placement_equivalences	retain	physical_identity_fingerprint	text	no	0	retain
placement_equivalences	retain	evidence_digest	text	no	0	retain
placement_equivalences	retain	state	text	no	0	retain
placement_equivalences	retain	creation_token	text	no	0	retain
placement_equivalences	retain	confirmed_by	text	no	0	retain
placement_equivalences	retain	confirmed_at	integer	no	0	retain
placement_equivalences	retain	validation_revision	text	no	0	retain
placement_equivalences	retain	resource_version	integer	no	0	retain
placement_equivalences	retain	created_at	integer	no	0	retain
placement_equivalences	retain	updated_at	integer	no	0	retain
placement_policies	retain	id	text	no	1	retain
placement_policies	retain	registry_id	integer	yes	0	retain
placement_policies	retain	cache_id	integer	yes	0	retain
placement_policies	retain	name	text	no	0	retain
placement_policies	retain	creation_token	text	no	0	retain
placement_policies	retain	created_at	integer	no	0	retain
placement_policy_build_events	retain	event_id	text	no	1	retain
placement_policy_build_events	retain	policy_revision_id	text	no	0	retain
placement_policy_build_events	retain	build_version	integer	no	0	retain
placement_policy_build_events	retain	revision_state	text	no	0	retain
placement_policy_build_events	retain	mutation_kind	text	no	0	retain
placement_policy_build_events	retain	created_at	integer	no	0	retain
placement_policy_complete_members	retain	policy_revision_id	text	no	1	retain
placement_policy_complete_members	retain	group_id	text	no	2	retain
placement_policy_complete_members	retain	registry_id	integer	yes	0	retain
placement_policy_complete_members	retain	cache_id	integer	yes	0	retain
placement_policy_complete_members	retain	policy_kind	text	no	0	retain
placement_policy_complete_members	retain	group_purpose	text	no	0	retain
placement_policy_complete_members	retain	placement_id	integer	no	3	retain
placement_policy_complete_members	retain	placement_kind	text	no	0	retain
placement_policy_complete_members	retain	member_order	integer	no	0	retain
placement_policy_heads	retain	policy_id	text	no	1	retain
placement_policy_heads	retain	current_revision_id	text	yes	0	retain
placement_policy_heads	retain	current_revision_state	text	yes	0	retain
placement_policy_heads	retain	resource_version	integer	no	0	retain
placement_policy_heads	retain	updated_at	integer	no	0	retain
placement_policy_publications	retain	publication_id	text	no	1	retain
placement_policy_publications	retain	policy_revision_id	text	no	0	retain
placement_policy_publications	retain	policy_id	text	no	0	retain
placement_policy_publications	retain	revision_state	text	no	0	retain
placement_policy_publications	retain	policy_resource_version	integer	no	0	retain
placement_policy_publications	retain	content_digest	text	no	0	retain
placement_policy_publications	retain	published_by	text	no	0	retain
placement_policy_publications	retain	published_at	integer	no	0	retain
placement_policy_replica_groups	retain	policy_revision_id	text	no	1	retain
placement_policy_replica_groups	retain	registry_id	integer	yes	0	retain
placement_policy_replica_groups	retain	cache_id	integer	yes	0	retain
placement_policy_replica_groups	retain	group_id	text	no	2	retain
placement_policy_replica_groups	retain	group_order	integer	no	0	retain
placement_policy_replica_groups	retain	policy_kind	text	no	0	retain
placement_policy_replica_groups	retain	purpose	text	no	0	retain
placement_policy_replica_groups	retain	range_start	integer	yes	0	retain
placement_policy_replica_groups	retain	range_end	integer	yes	0	retain
placement_policy_revisions	retain	id	text	no	1	retain
placement_policy_revisions	retain	policy_id	text	no	0	retain
placement_policy_revisions	retain	registry_id	integer	yes	0	retain
placement_policy_revisions	retain	cache_id	integer	yes	0	retain
placement_policy_revisions	retain	consumer_scope_key	text	no	0	retain
placement_policy_revisions	retain	revision	integer	no	0	retain
placement_policy_revisions	retain	kind	text	no	0	retain
placement_policy_revisions	retain	local_boundary_id	text	yes	0	retain
placement_policy_revisions	retain	local_boundary_revision	integer	yes	0	retain
placement_policy_revisions	retain	allow_remote_fallback	integer	yes	0	retain
placement_policy_revisions	retain	hash_rule	text	yes	0	retain
placement_policy_revisions	retain	retry_on_json	text	no	0	private_json
placement_policy_revisions	retain	state	text	no	0	retain
placement_policy_revisions	retain	expected_group_count	integer	no	0	retain
placement_policy_revisions	retain	expected_member_count	integer	no	0	retain
placement_policy_revisions	retain	build_version	integer	no	0	retain
placement_policy_revisions	retain	content_digest	text	yes	0	retain
placement_policy_revisions	retain	created_by	text	no	0	retain
placement_policy_revisions	retain	created_at	integer	no	0	retain
placement_policy_revisions	retain	published_at	integer	yes	0	retain
placement_policy_revisions	retain	error	text	yes	0	private_cell
placement_policy_shard_members	retain	policy_revision_id	text	no	1	retain
placement_policy_shard_members	retain	group_id	text	no	2	retain
placement_policy_shard_members	retain	registry_id	integer	yes	0	retain
placement_policy_shard_members	retain	cache_id	integer	yes	0	retain
placement_policy_shard_members	retain	policy_kind	text	no	0	retain
placement_policy_shard_members	retain	group_purpose	text	no	0	retain
placement_policy_shard_members	retain	range_start	integer	no	0	retain
placement_policy_shard_members	retain	range_end	integer	no	0	retain
placement_policy_shard_members	retain	placement_id	integer	no	3	retain
placement_policy_shard_members	retain	placement_kind	text	no	0	retain
placement_policy_shard_members	retain	member_order	integer	no	0	retain
placement_scan_claims	retain	operation_id	text	no	1	retain
placement_scan_claims	retain	claim_token	text	no	0	retain
placement_scan_claims	retain	operation_resource_version	integer	no	0	retain
placement_scan_claims	retain	heartbeat_at	integer	no	0	retain
placement_scan_claims	retain	lease_expires_at	integer	no	0	retain
projects	retain	id	integer	no	1	retain
projects	retain	stable_id	text	no	0	retain
projects	retain	scope_key	text	no	0	retain
projects	retain	owner_scope_key	text	no	0	retain
projects	retain	scope_kind	text	no	0	retain
projects	retain	org_id	integer	no	0	retain
projects	retain	path	text	no	0	retain
projects	retain	name	text	no	0	retain
projects	retain	created_at	integer	no	0	retain
projects	retain	resource_version	integer	no	0	retain
projects	retain	updated_at	integer	no	0	retain
projects	retain	creation_plan_id	text	yes	0	retain
publish_leases	retain	registry_id	integer	no	1	retain
publish_leases	retain	holder_token_id	text	no	0	retain
publish_leases	retain	deadline	integer	no	0	retain
rate_limits	auth_transient	class	text	no	1	retain
rate_limits	auth_transient	key	text	no	2	retain
rate_limits	auth_transient	window	integer	no	3	retain
rate_limits	auth_transient	count	integer	no	0	retain
refresh_token_families	auth_transient	id	text	no	1	retain
refresh_token_families	auth_transient	token_id	text	no	0	retain
refresh_token_families	auth_transient	created_at	integer	no	0	retain
refresh_token_families	auth_transient	last_used_at	integer	no	0	retain
refresh_token_families	auth_transient	absolute_expires_at	integer	no	0	retain
refresh_token_families	auth_transient	revoked_at	integer	yes	0	retain
refresh_tokens	auth_transient	hash	text	no	1	retain
refresh_tokens	auth_transient	family_id	text	no	0	retain
refresh_tokens	auth_transient	created_at	integer	no	0	retain
refresh_tokens	auth_transient	expires_at	integer	no	0	retain
refresh_tokens	auth_transient	consumed_at	integer	yes	0	retain
registries	retain	id	integer	no	1	retain
registries	retain	stable_id	text	no	0	retain
registries	retain	slug	text	no	0	retain
registries	retain	trust_keys	text	no	0	private_json
registries	retain	require_signatures	integer	no	0	retain
registries	retain	created_at	integer	no	0	retain
registries	retain	org_id	integer	yes	0	retain
registries	retain	project_path	text	no	0	retain
registries	retain	visibility	text	no	0	retain
registries	retain	crawl_policy	text	no	0	retain
registries	retain	llms_txt_body	text	yes	0	private_cell
registries	retain	scope_key	text	no	0	retain
registries	retain	owner_scope_key	text	no	0	retain
registries	retain	scope_kind	text	no	0	retain
registries	retain	creation_plan_id	text	yes	0	retain
registries	retain	resource_version	integer	no	0	retain
registries	retain	updated_at	integer	no	0	retain
registry_cache_stack_entries	retain	registry_id	integer	no	1	retain
registry_cache_stack_entries	retain	stack_path	text	no	2	retain
registry_cache_stack_entries	retain	committed_url	text	no	0	private_cell
registry_cache_stack_entries	retain	resolved_priority	integer	no	0	retain
registry_cache_stack_entries	retain	mirror_group_id	text	yes	0	retain
registry_cache_stack_entries	retain	cache_id	integer	yes	0	retain
registry_cache_stack_entries	retain	route_id	text	yes	0	retain
registry_cache_stack_entries	retain	route_configuration_generation	integer	yes	0	retain
registry_cache_stack_entries	retain	route_configuration_digest	text	yes	0	retain
registry_cache_stack_entries	retain	indexed_commit	text	no	0	retain
registry_catalog_artifacts	retain	registry_id	integer	no	1	retain
registry_catalog_artifacts	retain	source_revision	text	no	2	retain
registry_catalog_artifacts	retain	package_name	text	no	3	retain
registry_catalog_artifacts	retain	package_version	text	no	4	retain
registry_catalog_artifacts	retain	platform	text	no	5	retain
registry_catalog_artifacts	retain	artifact_kind	text	no	6	retain
registry_catalog_artifacts	retain	store_path	text	no	0	retain
registry_catalog_artifacts	retain	store_hash	text	no	7	retain
registry_catalog_artifacts	retain	metadata_digest	text	no	0	retain
registry_image_roots	retain	registry_id	integer	no	1	retain
registry_image_roots	retain	release	text	no	2	retain
registry_image_roots	retain	surface_object_id	integer	no	3	retain
registry_image_roots	retain	object_role	text	no	4	retain
registry_image_roots	retain	expected_hash	text	no	0	retain
registry_image_roots	retain	expected_size	integer	no	0	retain
registry_index	retain	registry_id	integer	no	1	retain
registry_index	retain	state	text	no	0	retain
registry_index	retain	error	text	yes	0	private_cell
registry_index	retain	last_indexed_commit	text	yes	0	retain
registry_index	retain	name	text	yes	0	retain
registry_index	retain	description	text	yes	0	private_cell
registry_index	retain	indexed_at	integer	yes	0	retain
registry_index	retain	refs_digest	text	yes	0	retain
registry_index	retain	cache_stack	text	yes	0	private_json
registry_index	retain	readme	text	yes	0	private_cell
registry_index	retain	generation	integer	no	0	retain
registry_index	retain	content_digest	text	yes	0	retain
registry_index	retain	documentation_projection_generation	integer	no	0	retain
registry_index	retain	support_json	text	yes	0	private_json
registry_index_build_heads	retain	registry_id	integer	no	1	retain
registry_index_build_heads	retain	build_id	text	no	0	retain
registry_index_build_heads	retain	owner_token	text	yes	0	retain
registry_index_build_heads	retain	base_generation	integer	no	0	retain
registry_index_build_heads	retain	target_generation	integer	no	0	retain
registry_index_build_heads	retain	state	text	no	0	retain
registry_index_build_heads	retain	lease_expires_at	integer	yes	0	retain
registry_index_build_heads	retain	started_at	integer	no	0	retain
registry_index_build_heads	retain	finished_at	integer	yes	0	retain
registry_index_build_heads	retain	content_digest	text	yes	0	retain
registry_index_build_heads	retain	error	text	yes	0	private_cell
registry_index_build_heads	retain	resource_version	integer	no	0	retain
registry_index_publication_state	retain	registry_id	integer	no	1	retain
registry_index_publication_state	retain	publication_id	text	no	0	retain
registry_placement_publication_watermarks	retain	placement_id	integer	no	1	retain
registry_placement_publication_watermarks	retain	registry_id	integer	no	0	retain
registry_placement_publication_watermarks	retain	mutable_publication_id	text	yes	0	retain
registry_placement_publication_watermarks	retain	pending_publication_id	text	yes	0	retain
registry_placement_publication_watermarks	retain	observed_at	integer	no	0	retain
registry_placement_publication_watermarks	retain	resource_version	integer	no	0	retain
registry_publication_manifest_chunks	retain	publication_id	text	no	1	retain
registry_publication_manifest_chunks	retain	chunk_index	integer	no	2	retain
registry_publication_manifest_chunks	retain	chunk_digest	text	no	0	retain
registry_publication_manifest_chunks	retain	object_count	integer	no	0	retain
registry_publication_manifest_chunks	retain	accepted_at	integer	no	0	retain
registry_publication_manifest_sessions	retain	publication_id	text	no	1	retain
registry_publication_manifest_sessions	retain	registry_id	integer	no	0	retain
registry_publication_manifest_sessions	retain	lease_token	text	no	0	retain
registry_publication_manifest_sessions	retain	manifest_digest	text	no	0	retain
registry_publication_manifest_sessions	retain	expected_object_count	integer	no	0	retain
registry_publication_manifest_sessions	retain	admitted_object_count	integer	no	0	retain
registry_publication_manifest_sessions	retain	next_chunk_index	integer	no	0	retain
registry_publication_manifest_sessions	retain	state	text	no	0	retain
registry_publication_manifest_sessions	retain	lease_expires_at	integer	yes	0	retain
registry_publication_manifest_sessions	retain	created_at	integer	no	0	retain
registry_publication_manifest_sessions	retain	updated_at	integer	no	0	retain
registry_publication_manifest_sessions	retain	resource_version	integer	no	0	retain
registry_publication_multipart_backends	retain	upload_id	text	no	1	retain
registry_publication_multipart_backends	retain	placement_id	integer	no	2	retain
registry_publication_multipart_backends	retain	placement_resource_version	integer	no	0	retain
registry_publication_multipart_backends	retain	backend_upload_id	text	yes	0	retain
registry_publication_multipart_backends	retain	state	text	no	0	retain
registry_publication_multipart_backends	retain	completion_etag	text	yes	0	private_cell
registry_publication_multipart_parts	retain	upload_id	text	no	1	retain
registry_publication_multipart_parts	retain	part_number	integer	no	2	retain
registry_publication_multipart_parts	retain	placement_id	integer	no	3	retain
registry_publication_multipart_parts	retain	etag	text	no	0	private_cell
registry_publication_multipart_uploads	retain	upload_id	text	no	1	retain
registry_publication_multipart_uploads	retain	publication_id	text	no	0	retain
registry_publication_multipart_uploads	retain	registry_id	integer	no	0	retain
registry_publication_multipart_uploads	retain	surface_object_id	integer	no	0	retain
registry_publication_multipart_uploads	retain	state	text	no	0	retain
registry_publication_multipart_uploads	retain	active_object_slot	integer	yes	0	retain
registry_publication_multipart_uploads	retain	expires_at	integer	no	0	retain
registry_publication_multipart_uploads	retain	created_at	integer	no	0	retain
registry_publication_multipart_uploads	retain	finished_at	integer	yes	0	retain
registry_publication_multipart_uploads	retain	hashed_size	integer	no	0	retain
registry_publication_multipart_uploads	retain	sha256_state	text	no	0	private_cell
registry_publication_multipart_uploads	retain	pending_part	integer	yes	0	retain
registry_publication_multipart_uploads	retain	pending_hash	text	yes	0	private_cell
registry_publication_multipart_uploads	retain	pending_token	text	yes	0	retain
registry_publication_multipart_uploads	retain	pending_since	integer	yes	0	retain
registry_publication_multipart_uploads	retain	completion_token	text	yes	0	retain
registry_publication_multipart_uploads	retain	completion_since	integer	yes	0	retain
registry_publication_object_evidence	retain	publication_id	text	no	1	retain
registry_publication_object_evidence	retain	surface_object_id	integer	no	2	retain
registry_publication_object_evidence	retain	placement_id	integer	no	3	retain
registry_publication_object_evidence	retain	observed_hash	text	no	0	retain
registry_publication_object_evidence	retain	observed_size	integer	no	0	retain
registry_publication_object_evidence	retain	strong_etag	text	yes	0	retain
registry_publication_object_evidence	retain	observed_at	integer	no	0	retain
registry_publication_objects	retain	publication_id	text	no	1	retain
registry_publication_objects	retain	registry_id	integer	no	0	retain
registry_publication_objects	retain	surface_object_id	integer	no	2	retain
registry_publication_objects	retain	object_kind	text	no	0	retain
registry_publication_objects	retain	expected_hash	text	no	0	retain
registry_publication_objects	retain	expected_size	integer	no	0	retain
registry_publication_placements	retain	publication_id	text	no	1	retain
registry_publication_placements	retain	registry_id	integer	no	0	retain
registry_publication_placements	retain	placement_id	integer	no	2	retain
registry_publication_placements	retain	required	integer	no	0	retain
registry_publication_placements	retain	state	text	no	0	retain
registry_publication_placements	retain	observed_at	integer	no	0	retain
registry_publication_state	retain	registry_id	integer	no	1	retain
registry_publication_state	retain	current_publication_id	text	yes	0	retain
registry_publication_state	retain	next_ordinal	integer	no	0	retain
registry_publication_state	retain	resource_version	integer	no	0	retain
registry_publication_state	retain	updated_at	integer	no	0	retain
registry_publications	retain	publication_id	text	no	1	retain
registry_publications	retain	registry_id	integer	no	0	retain
registry_publications	retain	ordinal	integer	no	0	retain
registry_publications	retain	generation	text	no	0	retain
registry_publications	retain	manifest_digest	text	no	0	retain
registry_publications	retain	refs_digest	text	no	0	retain
registry_publications	retain	default_commit	text	yes	0	retain
registry_publications	retain	parent_publication_id	text	yes	0	retain
registry_publications	retain	state	text	no	0	retain
registry_publications	retain	mutation_version	integer	no	0	retain
registry_publications	retain	created_at	integer	no	0	retain
registry_publications	retain	completed_at	integer	yes	0	retain
registry_publications	retain	retired_at	integer	yes	0	retain
registry_system_images	retain	registry_id	integer	no	1	retain
registry_system_images	retain	release	text	no	2	retain
registry_system_images	retain	source_commit	text	no	0	retain
registry_system_images	retain	verified_tag_oid	text	no	0	retain
registry_system_images	retain	catalog_digest	text	no	0	retain
registry_system_images	retain	package_name	text	no	3	retain
registry_system_images	retain	platform	text	no	4	retain
registry_system_images	retain	format	text	no	5	retain
registry_system_images	retain	delivery	text	no	0	private_json
release_artifact_snapshot_heads	retain	release_id	integer	no	1	retain
release_artifact_snapshot_heads	retain	registry_id	integer	no	0	retain
release_artifact_snapshot_heads	retain	complete_artifact_snapshot_id	text	no	0	retain
release_artifact_snapshot_heads	retain	resource_version	integer	no	0	retain
release_artifact_snapshot_heads	retain	updated_at	integer	no	0	retain
release_artifact_snapshots	retain	snapshot_id	text	no	1	retain
release_artifact_snapshots	retain	release_id	integer	no	0	retain
release_artifact_snapshots	retain	registry_id	integer	no	0	retain
release_artifact_snapshots	retain	source_commit	text	no	0	retain
release_artifact_snapshots	retain	verified_tag_oid	text	no	0	retain
release_artifact_snapshots	retain	verification_record_id	text	no	0	retain
release_artifact_snapshots	retain	manifest_digest	text	yes	0	retain
release_artifact_snapshots	retain	state	text	no	0	retain
release_artifact_snapshots	retain	complete_slot	integer	yes	0	retain
release_artifact_snapshots	retain	expected_artifact_count	integer	no	0	retain
release_artifact_snapshots	retain	actual_artifact_count	integer	no	0	retain
release_artifact_snapshots	retain	started_at	integer	no	0	retain
release_artifact_snapshots	retain	completed_at	integer	yes	0	retain
release_artifact_snapshots	retain	error	text	yes	0	private_cell
release_artifact_snapshots	retain	resource_version	integer	no	0	retain
release_artifacts	retain	snapshot_id	text	no	1	retain
release_artifacts	retain	release_id	integer	no	0	retain
release_artifacts	retain	registry_id	integer	no	0	retain
release_artifacts	retain	package_name	text	no	2	retain
release_artifacts	retain	package_version	text	no	3	retain
release_artifacts	retain	platform	text	no	4	retain
release_artifacts	retain	artifact_kind	text	no	5	retain
release_artifacts	retain	store_path	text	no	0	retain
release_artifacts	retain	store_hash	text	no	6	retain
release_artifacts	retain	metadata_digest	text	no	0	retain
release_browse_catalogs	retain	registry_id	integer	no	1	retain
release_browse_catalogs	retain	source_commit	text	no	2	retain
release_browse_catalogs	retain	packages_json	text	no	0	private_json
release_browse_catalogs	retain	content_digest	text	no	0	retain
release_browse_catalogs	retain	package_count	integer	no	0	retain
release_browse_catalogs	retain	documentation_count	integer	no	0	retain
release_browse_catalogs	retain	default_release	text	yes	0	retain
release_browse_notes	retain	registry_id	integer	no	1	retain
release_browse_notes	retain	tag_oid	text	no	2	retain
release_browse_notes	retain	body	text	no	0	private_cell
release_browse_search_terms	retain	registry_id	integer	no	1	retain
release_browse_search_terms	retain	source_commit	text	no	2	retain
release_browse_search_terms	retain	term	text	no	3	retain
release_browse_search_terms	retain	entry_key	text	no	4	retain
release_browse_search_terms	retain	weight	integer	no	0	retain
release_browse_tree_ancestors	retain	registry_id	integer	no	1	retain
release_browse_tree_ancestors	retain	source_commit	text	no	2	retain
release_browse_tree_ancestors	retain	ancestor_key	text	no	3	retain
release_browse_tree_ancestors	retain	node_key	text	no	4	retain
release_browse_tree_entries	retain	registry_id	integer	no	1	retain
release_browse_tree_entries	retain	source_commit	text	no	2	retain
release_browse_tree_entries	retain	entry_key	text	no	3	retain
release_browse_tree_entries	retain	node_key	text	yes	0	retain
release_browse_tree_entries	retain	document_sha256	text	no	0	retain
release_browse_tree_entries	retain	package_name	text	no	0	retain
release_browse_tree_entries	retain	package_version	text	no	0	retain
release_browse_tree_entries	retain	platform	text	no	0	retain
release_browse_tree_entries	retain	kind	text	no	0	retain
release_browse_tree_entries	retain	document_key	text	no	0	retain
release_browse_tree_entries	retain	title	text	no	0	retain
release_browse_tree_entries	retain	summary	text	no	0	retain
release_browse_tree_entries	retain	type_signature	text	yes	0	retain
release_browse_tree_nodes	retain	registry_id	integer	no	1	retain
release_browse_tree_nodes	retain	source_commit	text	no	2	retain
release_browse_tree_nodes	retain	node_key	text	no	3	retain
release_browse_tree_nodes	retain	parent_key	text	yes	0	retain
release_browse_tree_nodes	retain	path_json	text	no	0	private_json
release_browse_tree_nodes	retain	label	text	no	0	retain
release_browse_tree_nodes	retain	sort_key	text	no	0	retain
release_browse_tree_nodes	retain	child_count	integer	no	0	retain
release_browse_tree_nodes	retain	entry_count	integer	no	0	retain
release_bundle_publications	retain	bundle_digest	text	no	1	retain
release_bundle_publications	retain	registry_id	integer	no	0	retain
release_bundle_publications	retain	environment	text	no	2	retain
release_bundle_publications	retain	publication_id	text	no	0	retain
release_bundle_publications	retain	deployment_id	text	no	0	retain
release_bundle_publications	retain	receipt_digest	text	no	0	retain
release_bundle_publications	retain	receipt_json	text	no	0	private_json
release_bundle_publications	retain	staging_receipt_digest	text	yes	0	retain
release_bundle_publications	retain	committed_at	integer	no	0	retain
release_bundles	retain	bundle_digest	text	no	1	retain
release_bundles	retain	registry_id	integer	no	0	retain
release_bundles	retain	release_id	text	no	0	retain
release_bundles	retain	manifest_digest	text	no	0	retain
release_bundles	retain	registry_base_commit	text	no	0	retain
release_bundles	retain	staging_deployment_id	text	no	0	retain
release_bundles	retain	production_deployment_id	text	no	0	retain
release_bundles	retain	created_at	integer	no	0	retain
release_channel_advances	retain	registry_id	integer	no	1	retain
release_channel_advances	retain	channel	text	no	2	retain
release_channel_advances	retain	prior_generation	integer	no	0	retain
release_channel_advances	retain	new_generation	integer	no	3	retain
release_channel_advances	retain	first_partition	integer	no	0	retain
release_channel_advances	retain	last_partition	integer	no	0	retain
release_channel_advances	retain	manifest_digest	text	no	0	retain
release_channel_advances	retain	publication_receipt_digest	text	no	0	retain
release_channel_advances	retain	operation_digest	text	no	0	retain
release_channel_advances	retain	receipt_json	text	no	0	private_json
release_channel_advances	retain	committed_at	integer	no	0	retain
release_channel_operations	retain	registry_id	integer	no	1	retain
release_channel_operations	retain	channel	text	no	2	retain
release_channel_operations	retain	prior_generation	integer	no	0	retain
release_channel_operations	retain	new_generation	integer	no	3	retain
release_channel_operations	retain	first_partition	integer	no	0	retain
release_channel_operations	retain	last_partition	integer	no	0	retain
release_channel_operations	retain	manifest_digest	text	no	0	retain
release_channel_operations	retain	production_receipt_digest	text	no	0	retain
release_channel_operations	retain	operation_digest	text	no	0	retain
release_channel_operations	retain	receipt_json	text	no	0	private_json
release_channel_operations	retain	committed_at	integer	no	0	retain
release_package_documentation	retain	snapshot_id	text	no	1	retain
release_package_documentation	retain	release_id	integer	no	0	retain
release_package_documentation	retain	registry_id	integer	no	0	retain
release_package_documentation	retain	package_name	text	no	2	retain
release_package_documentation	retain	package_version	text	no	3	retain
release_package_documentation	retain	platform	text	no	4	retain
release_package_documentation	retain	artifact_kind	text	no	0	retain
release_package_documentation	retain	store_path	text	no	0	retain
release_package_documentation	retain	store_hash	text	no	0	retain
release_package_documentation	retain	format	text	no	0	retain
release_package_documentation	retain	nar_hash	text	no	0	retain
release_package_documentation	retain	nar_size	integer	no	0	retain
release_package_documentation	retain	document_sha256	text	no	0	retain
release_package_documentation	retain	document_size	integer	no	0	retain
release_package_documentation	retain	semantic_schema_sha256	text	no	0	retain
release_package_documentation	retain	system_module_nar_hash	text	yes	0	retain
release_package_documentation	retain	metadata_digest	text	no	0	retain
release_promotions	retain	bundle_digest	text	no	1	retain
release_promotions	retain	staging_receipt_digest	text	no	0	retain
release_promotions	retain	qualification_digest	text	no	0	retain
release_promotions	retain	production_receipt_digest	text	no	0	retain
release_promotions	retain	promoted_at	integer	no	0	retain
release_qualifications	retain	bundle_digest	text	no	1	retain
release_qualifications	retain	staging_receipt_digest	text	no	0	retain
release_qualifications	retain	staging_receipt_json	text	no	0	private_json
release_qualifications	retain	qualification_digest	text	no	0	retain
release_qualifications	retain	receipt_json	text	no	0	private_json
release_qualifications	retain	qualified_at	integer	no	0	retain
release_records	retain	registry_id	integer	no	1	retain
release_records	retain	tag_oid	text	no	2	retain
release_records	retain	record_json	text	no	0	private_json
release_timestamp_publications	retain	registry_id	integer	no	1	retain
release_timestamp_publications	retain	snapshot_digest	text	no	0	retain
release_timestamp_publications	retain	snapshot_version	integer	no	0	retain
release_timestamp_publications	retain	timestamp_version	integer	no	2	retain
release_timestamp_publications	retain	timestamp_digest	text	no	0	retain
release_timestamp_publications	retain	publication_id	text	no	0	retain
release_timestamp_publications	retain	committed_at	integer	no	0	retain
releases	retain	id	integer	no	1	retain
releases	retain	registry_id	integer	no	0	retain
releases	retain	semver	text	no	0	retain
releases	retain	tag_oid	text	no	0	retain
releases	retain	commit_oid	text	no	0	retain
releases	retain	signer	text	yes	0	retain
releases	retain	tagged_at	integer	yes	0	retain
releases	retain	pack_present	integer	no	0	retain
retention_leases	retain	id	text	no	1	retain
retention_leases	retain	manual_retention_root_id	text	no	0	retain
retention_leases	retain	begins_at	integer	no	0	retain
retention_leases	retain	expires_at	integer	no	0	retain
retention_leases	retain	renewed_from_lease_id	text	yes	0	retain
retention_leases	retain	state	text	no	0	retain
retention_leases	retain	renewed_by	text	no	0	retain
retention_leases	retain	renewed_at	integer	no	0	retain
retention_leases	retain	revoked_by	text	yes	0	retain
retention_leases	retain	revoked_at	integer	yes	0	retain
retention_leases	retain	resource_version	integer	no	0	retain
route_access_observations	retain	route_id	text	no	1	retain
route_access_observations	retain	configuration_generation	integer	no	0	retain
route_access_observations	retain	configuration_digest	text	no	0	retain
route_access_observations	retain	access_policy_digest	text	no	0	retain
route_access_observations	retain	state	text	no	0	retain
route_access_observations	retain	observed_at	integer	no	0	retain
route_access_observations	retain	error	text	yes	0	private_cell
route_advertisements	retain	id	integer	no	1	retain
route_advertisements	retain	registry_id	integer	yes	0	retain
route_advertisements	retain	cache_id	integer	yes	0	retain
route_advertisements	retain	audience	text	no	0	retain
route_advertisements	retain	route_id	text	no	0	retain
route_advertisements	retain	resource_version	integer	no	0	retain
route_advertisements	retain	created_at	integer	no	0	retain
route_advertisements	retain	updated_at	integer	no	0	retain
route_configurations	retain	route_id	text	no	1	retain
route_configurations	retain	registry_id	integer	yes	0	retain
route_configurations	retain	cache_id	integer	yes	0	retain
route_configurations	retain	configuration_generation	integer	no	2	retain
route_configurations	retain	configuration_digest	text	no	0	retain
route_configurations	retain	canonical_rendered_url	text	no	0	private_cell
route_configurations	retain	canonical_configuration_json	text	no	0	private_json
route_configurations	retain	created_by	text	no	0	retain
route_configurations	retain	created_at	integer	no	0	retain
route_heads	retain	route_id	text	no	1	retain
route_heads	retain	registry_id	integer	yes	0	retain
route_heads	retain	cache_id	integer	yes	0	retain
route_heads	retain	configuration_generation	integer	no	0	retain
route_heads	retain	configuration_digest	text	no	0	retain
route_heads	retain	access_policy_digest	text	no	0	retain
route_observations	retain	route_id	text	no	1	retain
route_observations	retain	registry_id	integer	yes	0	retain
route_observations	retain	cache_id	integer	yes	0	retain
route_observations	retain	configuration_generation	integer	no	0	retain
route_observations	retain	configuration_digest	text	no	0	retain
route_observations	retain	state	text	no	0	retain
route_observations	retain	observed_at	integer	no	0	retain
route_observations	retain	error	text	yes	0	private_cell
route_oci_capabilities	retain	route_id	text	no	1	retain
route_oci_capabilities	retain	serves_web	integer	no	0	retain
route_oci_capabilities	retain	created_at	integer	no	0	retain
route_replacements	retain	successor_route_id	text	no	1	retain
route_replacements	retain	predecessor_route_id	text	no	0	retain
route_replacements	retain	predecessor_resource_version	integer	no	0	retain
route_replacements	retain	created_at	integer	no	0	retain
route_url_reservations	retain	id	text	no	1	retain
route_url_reservations	retain	digest_scheme	text	no	0	retain
route_url_reservations	retain	reservation_key_version	integer	no	0	retain
route_url_reservations	retain	reservation_digest	bytes	no	0	retain
route_url_reservations	retain	created_at	integer	no	0	retain
routes	retain	id	text	no	1	retain
routes	retain	url_reservation_id	text	no	0	retain
routes	retain	resource_version	integer	no	0	retain
routes	retain	endpoint_id	text	no	0	retain
routes	retain	endpoint_generation	integer	no	0	retain
routes	retain	endpoint_ingress_kind	text	no	0	retain
routes	retain	consumer_scope_key	text	no	0	retain
routes	retain	gateway_id	text	yes	0	retain
routes	retain	gateway_generation	integer	yes	0	retain
routes	retain	target_binding_id	integer	yes	0	retain
routes	retain	gateway_client_base_path	text	yes	0	retain
routes	retain	target_placement_prefix	text	yes	0	retain
routes	retain	base_path	text	no	0	retain
routes	retain	registry_id	integer	yes	0	retain
routes	retain	cache_id	integer	yes	0	retain
routes	retain	mode	text	no	0	retain
routes	retain	access_policy_kind	text	no	0	retain
routes	retain	access_boundary_id	text	yes	0	retain
routes	retain	access_boundary_revision	integer	yes	0	retain
routes	retain	external_provider_kind	text	yes	0	retain
routes	retain	external_provider_resource_id	text	yes	0	retain
routes	retain	external_provider_revision	text	yes	0	retain
routes	retain	access_policy_json	text	no	0	private_json
routes	retain	access_policy_digest	text	no	0	retain
routes	retain	placement_id	integer	yes	0	retain
routes	retain	target_placement_kind	text	yes	0	retain
routes	retain	placement_policy_revision_id	text	yes	0	retain
routes	retain	placement_policy_revision_state	text	yes	0	retain
routes	retain	serves_git	integer	no	0	retain
routes	retain	serves_cache	integer	no	0	retain
routes	retain	serves_web	integer	no	0	retain
routes	retain	enabled	integer	no	0	retain
routes	retain	created_at	integer	no	0	retain
routes	retain	updated_at	integer	no	0	retain
schema_version	source_metadata	version	integer	no	0	retain
service_accounts	retain	id	integer	no	1	retain
service_accounts	retain	org_id	integer	no	0	retain
service_accounts	retain	name	text	no	0	retain
service_accounts	retain	created_at	integer	no	0	retain
service_accounts	retain	principal_incarnation	text	yes	0	retain
sessions	auth_transient	id_hash	text	no	1	retain
sessions	auth_transient	user_id	integer	no	0	retain
sessions	auth_transient	created_at	integer	no	0	retain
sessions	auth_transient	last_seen_at	integer	no	0	retain
sessions	auth_transient	expires_at	integer	no	0	retain
sessions	auth_transient	auth_level	integer	no	0	retain
sessions	auth_transient	last_authenticated_at	integer	no	0	retain
sessions	auth_transient	owner_incarnation	text	yes	0	retain
signing_key_generations	retain	signing_key_id	text	no	1	retain
signing_key_generations	retain	generation	integer	no	2	retain
signing_key_generations	retain	algorithm	text	no	0	retain
signing_key_generations	retain	public_key	text	no	0	private_cell
signing_key_generations	retain	public_key_fingerprint	text	no	0	retain
signing_key_generations	retain	custody	text	no	0	retain
signing_key_generations	retain	state	text	no	0	retain
signing_key_generations	retain	active_slot	integer	yes	0	retain
signing_key_generations	retain	created_at	integer	no	0	retain
signing_key_generations	retain	retired_at	integer	yes	0	retain
signing_key_usages	retain	id	integer	no	1	retain
signing_key_usages	retain	stable_id	text	no	0	retain
signing_key_usages	retain	consumer_stable_id	text	no	0	retain
signing_key_usages	retain	consumer_kind	text	no	0	retain
signing_key_usages	retain	consumer_scope_key	text	no	0	retain
signing_key_usages	retain	consumer_name	text	yes	0	retain
signing_key_usages	retain	purpose	text	no	0	retain
signing_key_usages	retain	signing_key_id	text	no	0	retain
signing_key_usages	retain	signing_key_generation	integer	no	0	retain
signing_key_usages	retain	state	text	no	0	retain
signing_key_usages	retain	resource_version	integer	no	0	retain
signing_key_usages	retain	created_at	integer	no	0	retain
signing_key_usages	retain	updated_at	integer	no	0	retain
signing_keys	retain	stable_id	text	no	1	retain
signing_keys	retain	scope_key	text	no	0	retain
signing_keys	retain	name	text	no	0	retain
signing_keys	retain	resource_version	integer	no	0	retain
signing_keys	retain	created_at	integer	no	0	retain
signing_keys	retain	updated_at	integer	no	0	retain
storage_authority_admission_heads	retain	authority_id	text	no	1	retain
storage_authority_admission_heads	retain	desired_generation	integer	yes	0	retain
storage_authority_admission_heads	retain	acknowledged_generation	integer	yes	0	retain
storage_authority_admission_heads	retain	acknowledged_digest	text	yes	0	retain
storage_authority_admission_heads	retain	resource_version	integer	no	0	retain
storage_authority_admission_revisions	retain	authority_id	text	no	1	retain
storage_authority_admission_revisions	retain	generation	integer	no	2	retain
storage_authority_admission_revisions	retain	state	text	no	0	retain
storage_authority_admission_revisions	retain	attestation_id	text	yes	0	retain
storage_authority_admission_revisions	retain	specification_json	text	no	0	authority
storage_authority_admission_revisions	retain	specification_digest	text	no	0	retain
storage_authority_admission_revisions	retain	approval_plan_id	text	no	0	retain
storage_authority_admission_revisions	retain	approved_at	integer	no	0	retain
storage_authority_attestations	retain	attestation_id	text	no	1	retain
storage_authority_attestations	retain	authority_id	text	no	0	retain
storage_authority_attestations	retain	provider_mode	text	no	0	retain
storage_authority_attestations	retain	managed_prefix	text	no	0	retain
storage_authority_attestations	retain	specification_json	text	no	0	authority
storage_authority_attestations	retain	specification_digest	text	no	0	retain
storage_authority_attestations	retain	approval_plan_id	text	no	0	retain
storage_authority_attestations	retain	valid_until	integer	no	0	retain
storage_authority_attestations	retain	approved_at	integer	no	0	retain
storage_authority_control_requests	retain	authority_id	text	no	1	retain
storage_authority_control_requests	retain	generation	integer	no	2	retain
storage_authority_control_requests	retain	request_id	text	no	0	retain
storage_authority_control_requests	retain	specification_digest	text	no	0	retain
storage_authority_control_requests	retain	acknowledged_at	integer	yes	0	retain
storage_authority_credential_members	retain	attestation_id	text	no	1	retain
storage_authority_credential_members	retain	authority_id	text	no	0	retain
storage_authority_credential_members	retain	association_id	text	no	2	retain
storage_authority_credential_members	retain	binding_id	integer	no	0	retain
storage_authority_credential_members	retain	purpose	text	no	3	retain
storage_authority_credential_members	retain	generation	integer	no	0	retain
surface_object_usage	retain	surface_object_id	integer	no	1	retain
surface_object_usage	retain	org_id	integer	yes	0	retain
surface_object_usage	retain	accounted_bytes	integer	no	0	retain
surface_object_usage	retain	resource_version	integer	no	0	retain
surface_object_usage	retain	updated_at	integer	no	0	retain
surface_objects	retain	id	integer	no	1	retain
surface_objects	retain	registry_id	integer	yes	0	retain
surface_objects	retain	cache_id	integer	yes	0	retain
surface_objects	retain	object_key	text	no	0	retain
surface_objects	retain	object_kind	text	no	0	retain
surface_objects	retain	partition_key	bytes	yes	0	retain
surface_objects	retain	content_hash	text	yes	0	retain
surface_objects	retain	size	integer	yes	0	retain
surface_objects	retain	mutable_publication_id	text	yes	0	retain
surface_objects	retain	lifecycle_state	text	no	0	retain
surface_objects	retain	tombstoned_at	integer	yes	0	retain
surface_objects	retain	created_at	integer	no	0	retain
surface_objects	retain	updated_at	integer	no	0	retain
surface_objects	retain	resource_version	integer	no	0	retain
surface_objects	retain	accounting_origin_version	integer	yes	0	retain
surface_placement_observations	retain	placement_id	integer	no	1	retain
surface_placement_observations	retain	state	text	no	0	retain
surface_placement_observations	retain	completeness	text	no	0	retain
surface_placement_observations	retain	observed_at	integer	no	0	retain
surface_placement_observations	retain	observation_version	integer	no	0	retain
surface_placement_write_capabilities	retain	placement_id	integer	no	1	retain
surface_placement_write_capabilities	retain	placement_write_spec_version	integer	no	2	retain
surface_placement_write_capabilities	retain	binding_id	integer	no	0	retain
surface_placement_write_capabilities	retain	binding_write_revision	integer	no	3	retain
surface_placement_write_capabilities	retain	created_at	integer	no	0	retain
surface_placements	retain	id	integer	no	1	retain
surface_placements	retain	registry_id	integer	yes	0	retain
surface_placements	retain	cache_id	integer	yes	0	retain
surface_placements	retain	name	text	no	0	retain
surface_placements	retain	binding_id	integer	no	0	retain
surface_placements	retain	consumer_scope_key	text	no	0	retain
surface_placements	retain	binding_grant_generation	integer	no	0	retain
surface_placements	retain	binding_grant_state	text	no	0	retain
surface_placements	retain	prefix	text	no	0	retain
surface_placements	retain	kind	text	no	0	retain
surface_placements	retain	desired_state	text	no	0	retain
surface_placements	retain	desired_read_enabled	integer	no	0	retain
surface_placements	retain	read_order	integer	no	0	retain
surface_placements	retain	hash_range_start	integer	yes	0	retain
surface_placements	retain	hash_range_end	integer	yes	0	retain
surface_placements	retain	write_spec_version	integer	no	0	retain
surface_placements	retain	requires_conditional_writes	integer	no	0	retain
surface_placements	retain	created_at	integer	no	0	retain
surface_placements	retain	updated_at	integer	no	0	retain
surface_placements	retain	resource_version	integer	no	0	retain
surface_write_authorities	retain	id	integer	no	1	retain
surface_write_authorities	retain	incarnation_id	text	no	0	retain
surface_write_authorities	retain	registry_id	integer	yes	0	retain
surface_write_authorities	retain	cache_id	integer	yes	0	retain
surface_write_authorities	retain	mode	text	no	0	retain
surface_write_authorities	retain	desired_placement_id	integer	no	0	retain
surface_write_authorities	retain	desired_write_spec_version	integer	no	0	retain
surface_write_authorities	retain	desired_binding_write_revision	integer	no	0	retain
surface_write_authorities	retain	desired_generation	integer	no	0	retain
surface_write_authorities	retain	observed_placement_id	integer	yes	0	retain
surface_write_authorities	retain	observed_write_spec_version	integer	yes	0	retain
surface_write_authorities	retain	observed_binding_write_revision	integer	yes	0	retain
surface_write_authorities	retain	observed_generation	integer	yes	0	retain
surface_write_authorities	retain	reconciliation_state	text	no	0	retain
surface_write_authorities	retain	reconciliation_error	text	yes	0	private_cell
surface_write_authorities	retain	resource_version	integer	no	0	retain
surface_write_authorities	retain	created_at	integer	no	0	retain
surface_write_authorities	retain	updated_at	integer	no	0	retain
tokens	retain	id	text	no	1	retain
tokens	retain	hash	text	no	0	secret
tokens	retain	owner_kind	text	no	0	retain
tokens	retain	owner_id	integer	no	0	retain
tokens	retain	scope_key	text	no	0	retain
tokens	retain	permissions	text	no	0	private_json
tokens	retain	comment	text	yes	0	private_cell
tokens	retain	created_at	integer	no	0	retain
tokens	retain	expires_at	integer	yes	0	retain
tokens	retain	revoked_at	integer	yes	0	retain
tokens	retain	last_used_at	integer	yes	0	retain
tokens	retain	rotated_at	integer	yes	0	retain
tokens	retain	owner_incarnation	text	yes	0	retain
topology_defaults	retain	id	integer	no	1	retain
topology_defaults	retain	scope_kind	text	no	0	retain
topology_defaults	retain	org_id	integer	yes	0	retain
topology_defaults	retain	scope_key	text	no	0	retain
topology_defaults	retain	binding_id	integer	yes	0	retain
topology_defaults	retain	domain_id	integer	yes	0	retain
topology_defaults	retain	endpoint_id	text	yes	0	retain
topology_defaults	retain	endpoint_generation	integer	yes	0	retain
topology_defaults	retain	gateway_id	text	yes	0	retain
topology_defaults	retain	gateway_generation	integer	yes	0	retain
topology_defaults	retain	resource_version	integer	no	0	retain
topology_defaults	retain	created_at	integer	no	0	retain
topology_defaults	retain	updated_at	integer	no	0	retain
topology_event_outbox	retain	event_id	text	no	1	retain
topology_event_outbox	retain	event_name	text	no	0	retain
topology_event_outbox	retain	owner_scope_key	text	no	0	retain
topology_event_outbox	retain	resource_kind	text	no	0	retain
topology_event_outbox	retain	resource_stable_id	text	no	0	retain
topology_event_outbox	retain	resource_generation_key	integer	no	0	retain
topology_event_outbox	retain	actor_kind	text	no	0	retain
topology_event_outbox	retain	actor_id	integer	yes	0	retain
topology_event_outbox	retain	actor_label	text	no	0	retain
topology_event_outbox	retain	payload_json	text	no	0	private_json
topology_event_outbox	retain	occurred_at	integer	no	0	retain
topology_event_outbox	retain	materialized_at	integer	yes	0	retain
topology_operation_mutations	retain	operation_id	text	no	1	retain
topology_operation_mutations	retain	idempotency_key	text	no	2	retain
topology_operation_mutations	retain	mutation_kind	text	no	0	retain
topology_operation_mutations	retain	expected_resource_version	integer	no	0	retain
topology_operation_mutations	retain	resulting_resource_version	integer	no	0	retain
topology_operation_mutations	retain	created_at	integer	no	0	retain
topology_operations	retain	operation_id	text	no	1	retain
topology_operations	retain	operation_kind	text	no	0	retain
topology_operations	retain	authorization_scope_key	text	no	0	retain
topology_operations	retain	control_permission	text	no	0	retain
topology_operations	retain	primary_target_kind	text	no	0	retain
topology_operations	retain	primary_target_stable_id	text	no	0	retain
topology_operations	retain	primary_target_generation_key	integer	no	0	retain
topology_operations	retain	primary_target_configuration_digest	text	no	0	retain
topology_operations	retain	state	text	no	0	retain
topology_operations	retain	progress_current	integer	no	0	retain
topology_operations	retain	progress_total	integer	yes	0	retain
topology_operations	retain	detail_json	text	no	0	private_json
topology_operations	retain	error	text	yes	0	private_cell
topology_operations	retain	created_at	integer	no	0	retain
topology_operations	retain	started_at	integer	yes	0	retain
topology_operations	retain	finished_at	integer	yes	0	retain
topology_operations	retain	resource_version	integer	no	0	retain
topology_pin_resolution_jobs	retain	operation_id	text	no	1	retain
topology_pin_resolution_jobs	retain	pin_id	text	no	2	retain
topology_pin_resolution_jobs	retain	action_kind	text	no	0	retain
topology_pin_resolution_jobs	retain	source_boundary_id	text	no	0	retain
topology_pin_resolution_jobs	retain	source_boundary_revision	integer	no	0	retain
topology_pin_resolution_jobs	retain	source_consumer_scope_key	text	no	0	retain
topology_pin_resolution_jobs	retain	source_grant_generation	integer	no	0	retain
topology_pin_resolution_jobs	retain	source_usage_kind	text	no	0	retain
topology_pin_resolution_jobs	retain	source_target_kind	text	no	0	retain
topology_pin_resolution_jobs	retain	source_target_stable_id	text	no	0	retain
topology_pin_resolution_jobs	retain	source_target_generation_key	integer	no	0	retain
topology_pin_resolution_jobs	retain	source_target_configuration_digest	text	no	0	retain
topology_pin_resolution_jobs	retain	source_target_resource_version	integer	no	0	retain
topology_pin_resolution_jobs	retain	replacement_target_kind	text	yes	0	retain
topology_pin_resolution_jobs	retain	replacement_target_stable_id	text	yes	0	retain
topology_pin_resolution_jobs	retain	replacement_target_generation_key	integer	yes	0	retain
topology_pin_resolution_jobs	retain	replacement_target_configuration_digest	text	yes	0	retain
topology_pin_resolution_jobs	retain	replacement_target_resource_version	integer	yes	0	retain
topology_pin_resolution_jobs	retain	state	text	no	0	retain
topology_pin_resolution_jobs	retain	attempt	integer	no	0	retain
topology_pin_resolution_jobs	retain	error	text	yes	0	private_cell
topology_pin_resolution_jobs	retain	started_at	integer	yes	0	retain
topology_pin_resolution_jobs	retain	finished_at	integer	yes	0	retain
topology_pin_resolution_jobs	retain	resource_version	integer	no	0	retain
topology_plans	retain	plan_id	text	no	1	retain
topology_plans	retain	plan_kind	text	no	0	retain
topology_plans	retain	actor_kind	text	no	0	retain
topology_plans	retain	actor_id	integer	yes	0	retain
topology_plans	retain	actor_label	text	no	0	retain
topology_plans	retain	scope	text	no	0	retain
topology_plans	retain	input_versions_json	text	no	0	private_json
topology_plans	retain	effects_json	text	no	0	private_json
topology_plans	retain	warnings_json	text	no	0	private_json
topology_plans	retain	confirmation_hash	text	yes	0	retain
topology_plans	retain	created_at	integer	no	0	retain
topology_plans	retain	expires_at	integer	no	0	retain
topology_plans	retain	applied_at	integer	yes	0	retain
topology_plans	retain	request_idempotency_key	text	yes	0	retain
topology_plans	retain	request_digest	text	yes	0	retain
topology_plans	retain	apply_idempotency_key	text	yes	0	retain
topology_plans	retain	apply_result_json	text	yes	0	private_json
topology_plans	retain	actor_incarnation	text	yes	0	retain
user_identities	retain	user_id	integer	no	0	retain
user_identities	retain	issuer	text	no	1	retain
user_identities	retain	subject	text	no	2	retain
user_identities	retain	email	text	yes	0	retain
user_identities	retain	last_login	integer	yes	0	retain
users	retain	id	integer	no	1	retain
users	retain	email	text	no	0	retain
users	retain	display_name	text	yes	0	retain
users	retain	created_at	integer	no	0	retain
users	retain	deleted_at	integer	yes	0	retain
users	retain	password_hash	text	yes	0	secret
users	retain	principal_incarnation	text	yes	0	retain
version_platforms	retain	id	integer	no	1	retain
version_platforms	retain	version_id	integer	no	0	retain
version_platforms	retain	platform	text	no	0	retain
version_platforms	retain	store_path	text	no	0	retain
version_platforms	retain	nar_hash	text	no	0	retain
version_platforms	retain	nar_size	integer	no	0	retain
version_platforms	retain	closure_size	integer	no	0	retain
version_platforms	retain	refs	text	no	0	private_json
version_platforms	retain	images	text	no	0	private_json
version_platforms	retain	source_drv	text	no	0	retain
webauthn_challenges	auth_transient	challenge	text	no	1	retain
webauthn_challenges	auth_transient	user_id	integer	yes	0	retain
webauthn_challenges	auth_transient	kind	text	no	0	retain
webauthn_challenges	auth_transient	created_at	integer	no	0	retain
webauthn_challenges	auth_transient	expires_at	integer	no	0	retain
webauthn_credentials	retain	id	integer	no	1	retain
webauthn_credentials	retain	user_id	integer	no	0	retain
webauthn_credentials	retain	credential_id	text	no	0	retain
webauthn_credentials	retain	public_key	text	no	0	private_cell
webauthn_credentials	retain	sign_count	integer	no	0	retain
webauthn_credentials	retain	transports	text	yes	0	retain
webauthn_credentials	retain	label	text	yes	0	retain
webauthn_credentials	retain	created_at	integer	no	0	retain
webauthn_credentials	retain	last_used_at	integer	yes	0	retain
webhook_deliveries	retain	id	integer	no	1	retain
webhook_deliveries	retain	delivery_id	text	no	0	retain
webhook_deliveries	retain	outbox_event_id	text	no	0	retain
webhook_deliveries	retain	webhook_id	integer	no	0	retain
webhook_deliveries	retain	event	text	no	0	retain
webhook_deliveries	retain	payload	text	no	0	private_json
webhook_deliveries	retain	status	text	no	0	retain
webhook_deliveries	retain	response_code	integer	yes	0	retain
webhook_deliveries	retain	attempts	integer	no	0	retain
webhook_deliveries	retain	created_at	integer	no	0	retain
webhook_deliveries	retain	delivered_at	integer	yes	0	retain
webhook_deliveries	retain	next_attempt_at	integer	yes	0	retain
webhook_deliveries	retain	claim_token	text	yes	0	retain
webhook_deliveries	retain	claim_expires_at	integer	yes	0	retain
webhooks	retain	id	integer	no	1	retain
webhooks	retain	org_id	integer	no	0	retain
webhooks	retain	url	text	no	0	private_cell
webhooks	retain	secret_version_ref	text	no	0	secret_reference
webhooks	retain	credential_fingerprint	text	no	0	fingerprint
webhooks	retain	events	text	no	0	private_json
webhooks	retain	active	integer	no	0	retain
webhooks	retain	created_at	integer	no	0	retain
webhooks	retain	resource_version	integer	no	0	retain
webhooks	retain	updated_at	integer	no	0	retain
webhooks	retain	creation_plan_id	text	yes	0	retain
worker_job_executions	retain	operation_id	text	no	1	retain
worker_job_executions	retain	job_kind	text	no	0	retain
worker_job_executions	retain	payload_digest	text	no	0	retain
worker_job_executions	retain	state	text	no	0	retain
worker_job_executions	retain	claim_token	text	yes	0	retain
worker_job_executions	retain	attempt_count	integer	no	0	retain
worker_job_executions	retain	lease_expires_at	integer	yes	0	retain
worker_job_executions	retain	last_error	text	yes	0	private_cell
worker_job_executions	retain	created_at	integer	no	0	retain
worker_job_executions	retain	updated_at	integer	no	0	retain
worker_job_executions	retain	completed_at	integer	yes	0	retain
write_recovery_cursors	retain	recovery_kind	text	no	1	retain
write_recovery_cursors	retain	after_expires_at	integer	no	0	retain
write_recovery_cursors	retain	after_ticket_id	text	no	0	retain
write_recovery_cursors	retain	resource_version	integer	no	0	retain
write_recovery_cursors	retain	updated_at	integer	no	0	retain
