order,workload,pair,variant,phase,wall_seconds,user_ticks_before,user_ticks_after,system_ticks_before,system_ticks_after,user_tick_delta,system_tick_delta,process_cpu_seconds,raw_icount,logical_tick_ps,registers_sha256,ram_window_sha256,ram_prefix_hex,witness_verified
0,bios.bin,0,baseline,cold,0.2634771529119462,0,25,1,1,25,0,0.25,240000000,12000000000,5b31ae7e18876c5ee982f86eae4c6b728429a9ba98c296c88e34f9cfd410683d,5f146652326fa4a639d81d4626c09aa974582cc005ed0a7619d575aaceefc62b,c9b0708b91280b02,true
1,bios.bin,0,baseline,source,0.13244410487823188,0,13,0,1,13,1,0.14,120000000,6000000000,fa10cd2c6db57102da6c0f1006d8833c023f13823e8ab83326ea82edc2109a79,c74f2de58befea01c01f629198397a73cb9426ca37551792a668902b1bfec738,9eb25b2e48940501,true
2,bios.bin,0,baseline,restored,0.7979006159584969,1,74,0,1,73,1,0.74,240000000,12000000000,5b31ae7e18876c5ee982f86eae4c6b728429a9ba98c296c88e34f9cfd410683d,5f146652326fa4a639d81d4626c09aa974582cc005ed0a7619d575aaceefc62b,c9b0708b91280b02,true
3,bios.bin,0,current,cold,0.26379558886401355,0,25,2,2,25,0,0.25,240000000,12000000000,5b31ae7e18876c5ee982f86eae4c6b728429a9ba98c296c88e34f9cfd410683d,5f146652326fa4a639d81d4626c09aa974582cc005ed0a7619d575aaceefc62b,c9b0708b91280b02,true
4,bios.bin,0,current,source,0.1324109141714871,0,13,0,0,13,0,0.13,120000000,6000000000,fa10cd2c6db57102da6c0f1006d8833c023f13823e8ab83326ea82edc2109a79,c74f2de58befea01c01f629198397a73cb9426ca37551792a668902b1bfec738,9eb25b2e48940501,true
5,bios.bin,0,current,restored,0.7352402959950268,0,70,0,2,70,2,0.72,240000000,12000000000,5b31ae7e18876c5ee982f86eae4c6b728429a9ba98c296c88e34f9cfd410683d,5f146652326fa4a639d81d4626c09aa974582cc005ed0a7619d575aaceefc62b,c9b0708b91280b02,true
6,bios.bin,1,current,cold,0.2631677049212158,1,25,0,1,24,1,0.25,240000000,12000000000,5b31ae7e18876c5ee982f86eae4c6b728429a9ba98c296c88e34f9cfd410683d,5f146652326fa4a639d81d4626c09aa974582cc005ed0a7619d575aaceefc62b,c9b0708b91280b02,true
7,bios.bin,1,current,source,0.13420744007453322,1,13,0,0,12,0,0.12000000000000001,120000000,6000000000,fa10cd2c6db57102da6c0f1006d8833c023f13823e8ab83326ea82edc2109a79,c74f2de58befea01c01f629198397a73cb9426ca37551792a668902b1bfec738,9eb25b2e48940501,true
8,bios.bin,1,current,restored,0.722194149158895,1,69,0,1,68,1,0.69,240000000,12000000000,5b31ae7e18876c5ee982f86eae4c6b728429a9ba98c296c88e34f9cfd410683d,5f146652326fa4a639d81d4626c09aa974582cc005ed0a7619d575aaceefc62b,c9b0708b91280b02,true
9,bios.bin,1,baseline,cold,0.27547278883866966,1,26,1,1,25,0,0.25,240000000,12000000000,5b31ae7e18876c5ee982f86eae4c6b728429a9ba98c296c88e34f9cfd410683d,5f146652326fa4a639d81d4626c09aa974582cc005ed0a7619d575aaceefc62b,c9b0708b91280b02,true
10,bios.bin,1,baseline,source,0.13155597704462707,1,13,0,0,12,0,0.12000000000000001,120000000,6000000000,fa10cd2c6db57102da6c0f1006d8833c023f13823e8ab83326ea82edc2109a79,c74f2de58befea01c01f629198397a73cb9426ca37551792a668902b1bfec738,9eb25b2e48940501,true
11,bios.bin,1,baseline,restored,0.7327883169054985,1,69,0,1,68,1,0.69,240000000,12000000000,5b31ae7e18876c5ee982f86eae4c6b728429a9ba98c296c88e34f9cfd410683d,5f146652326fa4a639d81d4626c09aa974582cc005ed0a7619d575aaceefc62b,c9b0708b91280b02,true
12,bios.bin,2,baseline,cold,0.2632416470441967,0,25,0,0,25,0,0.25,240000000,12000000000,5b31ae7e18876c5ee982f86eae4c6b728429a9ba98c296c88e34f9cfd410683d,5f146652326fa4a639d81d4626c09aa974582cc005ed0a7619d575aaceefc62b,c9b0708b91280b02,true
13,bios.bin,2,baseline,source,0.13281836197711527,1,13,0,0,12,0,0.12000000000000001,120000000,6000000000,fa10cd2c6db57102da6c0f1006d8833c023f13823e8ab83326ea82edc2109a79,c74f2de58befea01c01f629198397a73cb9426ca37551792a668902b1bfec738,9eb25b2e48940501,true
14,bios.bin,2,baseline,restored,0.7241380070336163,0,68,0,2,68,2,0.7000000000000001,240000000,12000000000,5b31ae7e18876c5ee982f86eae4c6b728429a9ba98c296c88e34f9cfd410683d,5f146652326fa4a639d81d4626c09aa974582cc005ed0a7619d575aaceefc62b,c9b0708b91280b02,true
15,bios.bin,2,current,cold,0.2629582812078297,0,25,1,1,25,0,0.25,240000000,12000000000,5b31ae7e18876c5ee982f86eae4c6b728429a9ba98c296c88e34f9cfd410683d,5f146652326fa4a639d81d4626c09aa974582cc005ed0a7619d575aaceefc62b,c9b0708b91280b02,true
16,bios.bin,2,current,source,0.1336952089332044,1,13,0,0,12,0,0.12000000000000001,120000000,6000000000,fa10cd2c6db57102da6c0f1006d8833c023f13823e8ab83326ea82edc2109a79,c74f2de58befea01c01f629198397a73cb9426ca37551792a668902b1bfec738,9eb25b2e48940501,true
17,bios.bin,2,current,restored,0.7394587681628764,1,69,0,1,68,1,0.69,240000000,12000000000,5b31ae7e18876c5ee982f86eae4c6b728429a9ba98c296c88e34f9cfd410683d,5f146652326fa4a639d81d4626c09aa974582cc005ed0a7619d575aaceefc62b,c9b0708b91280b02,true
18,bios.bin,3,current,cold,0.2730455899145454,1,26,0,0,25,0,0.25,240000000,12000000000,5b31ae7e18876c5ee982f86eae4c6b728429a9ba98c296c88e34f9cfd410683d,5f146652326fa4a639d81d4626c09aa974582cc005ed0a7619d575aaceefc62b,c9b0708b91280b02,true
19,bios.bin,3,current,source,0.1334221640136093,1,13,0,0,12,0,0.12000000000000001,120000000,6000000000,fa10cd2c6db57102da6c0f1006d8833c023f13823e8ab83326ea82edc2109a79,c74f2de58befea01c01f629198397a73cb9426ca37551792a668902b1bfec738,9eb25b2e48940501,true
20,bios.bin,3,current,restored,0.7229026320856065,1,68,0,2,67,2,0.6900000000000001,240000000,12000000000,5b31ae7e18876c5ee982f86eae4c6b728429a9ba98c296c88e34f9cfd410683d,5f146652326fa4a639d81d4626c09aa974582cc005ed0a7619d575aaceefc62b,c9b0708b91280b02,true
21,bios.bin,3,baseline,cold,0.26147093204781413,1,25,0,1,24,1,0.25,240000000,12000000000,5b31ae7e18876c5ee982f86eae4c6b728429a9ba98c296c88e34f9cfd410683d,5f146652326fa4a639d81d4626c09aa974582cc005ed0a7619d575aaceefc62b,c9b0708b91280b02,true
22,bios.bin,3,baseline,source,0.13323242007754743,0,13,0,1,13,1,0.14,120000000,6000000000,fa10cd2c6db57102da6c0f1006d8833c023f13823e8ab83326ea82edc2109a79,c74f2de58befea01c01f629198397a73cb9426ca37551792a668902b1bfec738,9eb25b2e48940501,true
23,bios.bin,3,baseline,restored,0.7424707668833435,1,69,0,1,68,1,0.69,240000000,12000000000,5b31ae7e18876c5ee982f86eae4c6b728429a9ba98c296c88e34f9cfd410683d,5f146652326fa4a639d81d4626c09aa974582cc005ed0a7619d575aaceefc62b,c9b0708b91280b02,true
24,bios.bin,4,baseline,cold,0.2705722521059215,0,26,0,0,26,0,0.26,240000000,12000000000,5b31ae7e18876c5ee982f86eae4c6b728429a9ba98c296c88e34f9cfd410683d,5f146652326fa4a639d81d4626c09aa974582cc005ed0a7619d575aaceefc62b,c9b0708b91280b02,true
25,bios.bin,4,baseline,source,0.15806405013427138,1,13,0,0,12,0,0.12000000000000001,120000000,6000000000,fa10cd2c6db57102da6c0f1006d8833c023f13823e8ab83326ea82edc2109a79,c74f2de58befea01c01f629198397a73cb9426ca37551792a668902b1bfec738,9eb25b2e48940501,true
26,bios.bin,4,baseline,restored,0.7405812200158834,0,70,0,2,70,2,0.72,240000000,12000000000,5b31ae7e18876c5ee982f86eae4c6b728429a9ba98c296c88e34f9cfd410683d,5f146652326fa4a639d81d4626c09aa974582cc005ed0a7619d575aaceefc62b,c9b0708b91280b02,true
27,bios.bin,4,current,cold,0.26358857401646674,0,25,0,1,25,1,0.26,240000000,12000000000,5b31ae7e18876c5ee982f86eae4c6b728429a9ba98c296c88e34f9cfd410683d,5f146652326fa4a639d81d4626c09aa974582cc005ed0a7619d575aaceefc62b,c9b0708b91280b02,true
28,bios.bin,4,current,source,0.1339809549972415,1,13,0,0,12,0,0.12000000000000001,120000000,6000000000,fa10cd2c6db57102da6c0f1006d8833c023f13823e8ab83326ea82edc2109a79,c74f2de58befea01c01f629198397a73cb9426ca37551792a668902b1bfec738,9eb25b2e48940501,true
29,bios.bin,4,current,restored,0.7398263739887625,1,69,0,1,68,1,0.69,240000000,12000000000,5b31ae7e18876c5ee982f86eae4c6b728429a9ba98c296c88e34f9cfd410683d,5f146652326fa4a639d81d4626c09aa974582cc005ed0a7619d575aaceefc62b,c9b0708b91280b02,true
30,bios.bin,5,current,cold,0.26573483599349856,0,25,0,1,25,1,0.26,240000000,12000000000,5b31ae7e18876c5ee982f86eae4c6b728429a9ba98c296c88e34f9cfd410683d,5f146652326fa4a639d81d4626c09aa974582cc005ed0a7619d575aaceefc62b,c9b0708b91280b02,true
31,bios.bin,5,current,source,0.13271669996902347,0,13,0,1,13,1,0.14,120000000,6000000000,fa10cd2c6db57102da6c0f1006d8833c023f13823e8ab83326ea82edc2109a79,c74f2de58befea01c01f629198397a73cb9426ca37551792a668902b1bfec738,9eb25b2e48940501,true
32,bios.bin,5,current,restored,0.7577186180278659,1,71,1,2,70,1,0.71,240000000,12000000000,5b31ae7e18876c5ee982f86eae4c6b728429a9ba98c296c88e34f9cfd410683d,5f146652326fa4a639d81d4626c09aa974582cc005ed0a7619d575aaceefc62b,c9b0708b91280b02,true
33,bios.bin,5,baseline,cold,0.2620651931501925,1,25,0,0,24,0,0.24,240000000,12000000000,5b31ae7e18876c5ee982f86eae4c6b728429a9ba98c296c88e34f9cfd410683d,5f146652326fa4a639d81d4626c09aa974582cc005ed0a7619d575aaceefc62b,c9b0708b91280b02,true
34,bios.bin,5,baseline,source,0.13267017900943756,1,13,0,0,12,0,0.12000000000000001,120000000,6000000000,fa10cd2c6db57102da6c0f1006d8833c023f13823e8ab83326ea82edc2109a79,c74f2de58befea01c01f629198397a73cb9426ca37551792a668902b1bfec738,9eb25b2e48940501,true
35,bios.bin,5,baseline,restored,0.805926620028913,1,73,0,1,72,1,0.73,240000000,12000000000,5b31ae7e18876c5ee982f86eae4c6b728429a9ba98c296c88e34f9cfd410683d,5f146652326fa4a639d81d4626c09aa974582cc005ed0a7619d575aaceefc62b,c9b0708b91280b02,true
36,bios.bin,6,baseline,cold,0.26526663615368307,1,26,0,0,25,0,0.25,240000000,12000000000,5b31ae7e18876c5ee982f86eae4c6b728429a9ba98c296c88e34f9cfd410683d,5f146652326fa4a639d81d4626c09aa974582cc005ed0a7619d575aaceefc62b,c9b0708b91280b02,true
37,bios.bin,6,baseline,source,0.1326253479346633,1,13,0,0,12,0,0.12000000000000001,120000000,6000000000,fa10cd2c6db57102da6c0f1006d8833c023f13823e8ab83326ea82edc2109a79,c74f2de58befea01c01f629198397a73cb9426ca37551792a668902b1bfec738,9eb25b2e48940501,true
38,bios.bin,6,baseline,restored,0.7343253751751035,1,69,0,0,68,0,0.6799999999999999,240000000,12000000000,5b31ae7e18876c5ee982f86eae4c6b728429a9ba98c296c88e34f9cfd410683d,5f146652326fa4a639d81d4626c09aa974582cc005ed0a7619d575aaceefc62b,c9b0708b91280b02,true
39,bios.bin,6,current,cold,0.2635574929881841,0,25,0,1,25,1,0.26,240000000,12000000000,5b31ae7e18876c5ee982f86eae4c6b728429a9ba98c296c88e34f9cfd410683d,5f146652326fa4a639d81d4626c09aa974582cc005ed0a7619d575aaceefc62b,c9b0708b91280b02,true
40,bios.bin,6,current,source,0.1341737089678645,0,13,0,1,13,1,0.14,120000000,6000000000,fa10cd2c6db57102da6c0f1006d8833c023f13823e8ab83326ea82edc2109a79,c74f2de58befea01c01f629198397a73cb9426ca37551792a668902b1bfec738,9eb25b2e48940501,true
41,bios.bin,6,current,restored,0.7274090780410916,0,69,0,2,69,2,0.71,240000000,12000000000,5b31ae7e18876c5ee982f86eae4c6b728429a9ba98c296c88e34f9cfd410683d,5f146652326fa4a639d81d4626c09aa974582cc005ed0a7619d575aaceefc62b,c9b0708b91280b02,true
42,bios.bin,7,current,cold,0.26431241701357067,0,25,0,0,25,0,0.25,240000000,12000000000,5b31ae7e18876c5ee982f86eae4c6b728429a9ba98c296c88e34f9cfd410683d,5f146652326fa4a639d81d4626c09aa974582cc005ed0a7619d575aaceefc62b,c9b0708b91280b02,true
43,bios.bin,7,current,source,0.1380078149959445,1,14,1,1,13,0,0.13,120000000,6000000000,fa10cd2c6db57102da6c0f1006d8833c023f13823e8ab83326ea82edc2109a79,c74f2de58befea01c01f629198397a73cb9426ca37551792a668902b1bfec738,9eb25b2e48940501,true
44,bios.bin,7,current,restored,0.7264499291777611,1,69,0,1,68,1,0.69,240000000,12000000000,5b31ae7e18876c5ee982f86eae4c6b728429a9ba98c296c88e34f9cfd410683d,5f146652326fa4a639d81d4626c09aa974582cc005ed0a7619d575aaceefc62b,c9b0708b91280b02,true
45,bios.bin,7,baseline,cold,0.2866210681386292,1,26,0,0,25,0,0.25,240000000,12000000000,5b31ae7e18876c5ee982f86eae4c6b728429a9ba98c296c88e34f9cfd410683d,5f146652326fa4a639d81d4626c09aa974582cc005ed0a7619d575aaceefc62b,c9b0708b91280b02,true
46,bios.bin,7,baseline,source,0.13352517504245043,1,13,0,0,12,0,0.12000000000000001,120000000,6000000000,fa10cd2c6db57102da6c0f1006d8833c023f13823e8ab83326ea82edc2109a79,c74f2de58befea01c01f629198397a73cb9426ca37551792a668902b1bfec738,9eb25b2e48940501,true
47,bios.bin,7,baseline,restored,0.7254539700224996,0,69,1,1,69,0,0.69,240000000,12000000000,5b31ae7e18876c5ee982f86eae4c6b728429a9ba98c296c88e34f9cfd410683d,5f146652326fa4a639d81d4626c09aa974582cc005ed0a7619d575aaceefc62b,c9b0708b91280b02,true
48,bios.bin,8,baseline,cold,0.2616605751682073,1,26,0,0,25,0,0.25,240000000,12000000000,5b31ae7e18876c5ee982f86eae4c6b728429a9ba98c296c88e34f9cfd410683d,5f146652326fa4a639d81d4626c09aa974582cc005ed0a7619d575aaceefc62b,c9b0708b91280b02,true
49,bios.bin,8,baseline,source,0.13218406913802028,1,13,0,0,12,0,0.12000000000000001,120000000,6000000000,fa10cd2c6db57102da6c0f1006d8833c023f13823e8ab83326ea82edc2109a79,c74f2de58befea01c01f629198397a73cb9426ca37551792a668902b1bfec738,9eb25b2e48940501,true
50,bios.bin,8,baseline,restored,0.7233443381264806,0,69,0,1,69,1,0.7,240000000,12000000000,5b31ae7e18876c5ee982f86eae4c6b728429a9ba98c296c88e34f9cfd410683d,5f146652326fa4a639d81d4626c09aa974582cc005ed0a7619d575aaceefc62b,c9b0708b91280b02,true
51,bios.bin,8,current,cold,0.2645087209530175,0,25,1,1,25,0,0.25,240000000,12000000000,5b31ae7e18876c5ee982f86eae4c6b728429a9ba98c296c88e34f9cfd410683d,5f146652326fa4a639d81d4626c09aa974582cc005ed0a7619d575aaceefc62b,c9b0708b91280b02,true
52,bios.bin,8,current,source,0.1327813109382987,1,13,0,0,12,0,0.12000000000000001,120000000,6000000000,fa10cd2c6db57102da6c0f1006d8833c023f13823e8ab83326ea82edc2109a79,c74f2de58befea01c01f629198397a73cb9426ca37551792a668902b1bfec738,9eb25b2e48940501,true
53,bios.bin,8,current,restored,0.7514792319852859,0,71,0,2,71,2,0.73,240000000,12000000000,5b31ae7e18876c5ee982f86eae4c6b728429a9ba98c296c88e34f9cfd410683d,5f146652326fa4a639d81d4626c09aa974582cc005ed0a7619d575aaceefc62b,c9b0708b91280b02,true
54,bios.bin,9,current,cold,0.26344287884421647,0,25,1,1,25,0,0.25,240000000,12000000000,5b31ae7e18876c5ee982f86eae4c6b728429a9ba98c296c88e34f9cfd410683d,5f146652326fa4a639d81d4626c09aa974582cc005ed0a7619d575aaceefc62b,c9b0708b91280b02,true
55,bios.bin,9,current,source,0.13427999103441834,0,13,0,0,13,0,0.13,120000000,6000000000,fa10cd2c6db57102da6c0f1006d8833c023f13823e8ab83326ea82edc2109a79,c74f2de58befea01c01f629198397a73cb9426ca37551792a668902b1bfec738,9eb25b2e48940501,true
56,bios.bin,9,current,restored,0.7394355339929461,0,71,0,1,71,1,0.72,240000000,12000000000,5b31ae7e18876c5ee982f86eae4c6b728429a9ba98c296c88e34f9cfd410683d,5f146652326fa4a639d81d4626c09aa974582cc005ed0a7619d575aaceefc62b,c9b0708b91280b02,true
57,bios.bin,9,baseline,cold,0.28586286306381226,0,25,0,1,25,1,0.26,240000000,12000000000,5b31ae7e18876c5ee982f86eae4c6b728429a9ba98c296c88e34f9cfd410683d,5f146652326fa4a639d81d4626c09aa974582cc005ed0a7619d575aaceefc62b,c9b0708b91280b02,true
58,bios.bin,9,baseline,source,0.1332031290512532,1,13,0,0,12,0,0.12000000000000001,120000000,6000000000,fa10cd2c6db57102da6c0f1006d8833c023f13823e8ab83326ea82edc2109a79,c74f2de58befea01c01f629198397a73cb9426ca37551792a668902b1bfec738,9eb25b2e48940501,true
59,bios.bin,9,baseline,restored,0.7395943778101355,1,69,0,1,68,1,0.69,240000000,12000000000,5b31ae7e18876c5ee982f86eae4c6b728429a9ba98c296c88e34f9cfd410683d,5f146652326fa4a639d81d4626c09aa974582cc005ed0a7619d575aaceefc62b,c9b0708b91280b02,true
60,bios.bin,10,baseline,cold,0.2637591559905559,1,26,0,0,25,0,0.25,240000000,12000000000,5b31ae7e18876c5ee982f86eae4c6b728429a9ba98c296c88e34f9cfd410683d,5f146652326fa4a639d81d4626c09aa974582cc005ed0a7619d575aaceefc62b,c9b0708b91280b02,true
61,bios.bin,10,baseline,source,0.1336419079452753,1,13,0,0,12,0,0.12000000000000001,120000000,6000000000,fa10cd2c6db57102da6c0f1006d8833c023f13823e8ab83326ea82edc2109a79,c74f2de58befea01c01f629198397a73cb9426ca37551792a668902b1bfec738,9eb25b2e48940501,true
62,bios.bin,10,baseline,restored,0.7894750020932406,1,70,0,1,69,1,0.7,240000000,12000000000,5b31ae7e18876c5ee982f86eae4c6b728429a9ba98c296c88e34f9cfd410683d,5f146652326fa4a639d81d4626c09aa974582cc005ed0a7619d575aaceefc62b,c9b0708b91280b02,true
63,bios.bin,10,current,cold,0.310904486104846,0,25,1,1,25,0,0.25,240000000,12000000000,5b31ae7e18876c5ee982f86eae4c6b728429a9ba98c296c88e34f9cfd410683d,5f146652326fa4a639d81d4626c09aa974582cc005ed0a7619d575aaceefc62b,c9b0708b91280b02,true
64,bios.bin,10,current,source,0.13307747687213123,0,13,0,0,13,0,0.13,120000000,6000000000,fa10cd2c6db57102da6c0f1006d8833c023f13823e8ab83326ea82edc2109a79,c74f2de58befea01c01f629198397a73cb9426ca37551792a668902b1bfec738,9eb25b2e48940501,true
65,bios.bin,10,current,restored,0.8200579250697047,1,68,0,1,67,1,0.68,240000000,12000000000,5b31ae7e18876c5ee982f86eae4c6b728429a9ba98c296c88e34f9cfd410683d,5f146652326fa4a639d81d4626c09aa974582cc005ed0a7619d575aaceefc62b,c9b0708b91280b02,true
66,bios.bin,11,current,cold,0.262945800088346,0,25,0,0,25,0,0.25,240000000,12000000000,5b31ae7e18876c5ee982f86eae4c6b728429a9ba98c296c88e34f9cfd410683d,5f146652326fa4a639d81d4626c09aa974582cc005ed0a7619d575aaceefc62b,c9b0708b91280b02,true
67,bios.bin,11,current,source,0.13570699794217944,1,13,0,0,12,0,0.12000000000000001,120000000,6000000000,fa10cd2c6db57102da6c0f1006d8833c023f13823e8ab83326ea82edc2109a79,c74f2de58befea01c01f629198397a73cb9426ca37551792a668902b1bfec738,9eb25b2e48940501,true
68,bios.bin,11,current,restored,0.7191423228941858,0,67,0,2,67,2,0.6900000000000001,240000000,12000000000,5b31ae7e18876c5ee982f86eae4c6b728429a9ba98c296c88e34f9cfd410683d,5f146652326fa4a639d81d4626c09aa974582cc005ed0a7619d575aaceefc62b,c9b0708b91280b02,true
69,bios.bin,11,baseline,cold,0.2742210819851607,0,25,0,1,25,1,0.26,240000000,12000000000,5b31ae7e18876c5ee982f86eae4c6b728429a9ba98c296c88e34f9cfd410683d,5f146652326fa4a639d81d4626c09aa974582cc005ed0a7619d575aaceefc62b,c9b0708b91280b02,true
70,bios.bin,11,baseline,source,0.1341234971769154,0,13,0,0,13,0,0.13,120000000,6000000000,fa10cd2c6db57102da6c0f1006d8833c023f13823e8ab83326ea82edc2109a79,c74f2de58befea01c01f629198397a73cb9426ca37551792a668902b1bfec738,9eb25b2e48940501,true
71,bios.bin,11,baseline,restored,0.7154304089490324,1,68,0,2,67,2,0.6900000000000001,240000000,12000000000,5b31ae7e18876c5ee982f86eae4c6b728429a9ba98c296c88e34f9cfd410683d,5f146652326fa4a639d81d4626c09aa974582cc005ed0a7619d575aaceefc62b,c9b0708b91280b02,true
72,bios.bin,12,baseline,cold,0.2637360948137939,0,25,0,0,25,0,0.25,240000000,12000000000,5b31ae7e18876c5ee982f86eae4c6b728429a9ba98c296c88e34f9cfd410683d,5f146652326fa4a639d81d4626c09aa974582cc005ed0a7619d575aaceefc62b,c9b0708b91280b02,true
73,bios.bin,12,baseline,source,0.1313230108935386,1,13,0,0,12,0,0.12000000000000001,120000000,6000000000,fa10cd2c6db57102da6c0f1006d8833c023f13823e8ab83326ea82edc2109a79,c74f2de58befea01c01f629198397a73cb9426ca37551792a668902b1bfec738,9eb25b2e48940501,true
74,bios.bin,12,baseline,restored,0.7633570050820708,0,72,0,1,72,1,0.73,240000000,12000000000,5b31ae7e18876c5ee982f86eae4c6b728429a9ba98c296c88e34f9cfd410683d,5f146652326fa4a639d81d4626c09aa974582cc005ed0a7619d575aaceefc62b,c9b0708b91280b02,true
75,bios.bin,12,current,cold,0.26428778492845595,0,25,0,1,25,1,0.26,240000000,12000000000,5b31ae7e18876c5ee982f86eae4c6b728429a9ba98c296c88e34f9cfd410683d,5f146652326fa4a639d81d4626c09aa974582cc005ed0a7619d575aaceefc62b,c9b0708b91280b02,true
76,bios.bin,12,current,source,0.13207322591915727,0,13,0,0,13,0,0.13,120000000,6000000000,fa10cd2c6db57102da6c0f1006d8833c023f13823e8ab83326ea82edc2109a79,c74f2de58befea01c01f629198397a73cb9426ca37551792a668902b1bfec738,9eb25b2e48940501,true
77,bios.bin,12,current,restored,0.7205977099947631,0,67,0,2,67,2,0.6900000000000001,240000000,12000000000,5b31ae7e18876c5ee982f86eae4c6b728429a9ba98c296c88e34f9cfd410683d,5f146652326fa4a639d81d4626c09aa974582cc005ed0a7619d575aaceefc62b,c9b0708b91280b02,true
78,bios.bin,13,current,cold,0.2657704148441553,1,26,0,0,25,0,0.25,240000000,12000000000,5b31ae7e18876c5ee982f86eae4c6b728429a9ba98c296c88e34f9cfd410683d,5f146652326fa4a639d81d4626c09aa974582cc005ed0a7619d575aaceefc62b,c9b0708b91280b02,true
79,bios.bin,13,current,source,0.13313251687213778,1,13,0,0,12,0,0.12000000000000001,120000000,6000000000,fa10cd2c6db57102da6c0f1006d8833c023f13823e8ab83326ea82edc2109a79,c74f2de58befea01c01f629198397a73cb9426ca37551792a668902b1bfec738,9eb25b2e48940501,true
80,bios.bin,13,current,restored,0.8407889818772674,1,71,0,1,70,1,0.71,240000000,12000000000,5b31ae7e18876c5ee982f86eae4c6b728429a9ba98c296c88e34f9cfd410683d,5f146652326fa4a639d81d4626c09aa974582cc005ed0a7619d575aaceefc62b,c9b0708b91280b02,true
81,bios.bin,13,baseline,cold,0.2630059600342065,0,25,0,1,25,1,0.26,240000000,12000000000,5b31ae7e18876c5ee982f86eae4c6b728429a9ba98c296c88e34f9cfd410683d,5f146652326fa4a639d81d4626c09aa974582cc005ed0a7619d575aaceefc62b,c9b0708b91280b02,true
82,bios.bin,13,baseline,source,0.1309668249450624,0,13,0,0,13,0,0.13,120000000,6000000000,fa10cd2c6db57102da6c0f1006d8833c023f13823e8ab83326ea82edc2109a79,c74f2de58befea01c01f629198397a73cb9426ca37551792a668902b1bfec738,9eb25b2e48940501,true
83,bios.bin,13,baseline,restored,0.725002798018977,1,69,0,1,68,1,0.69,240000000,12000000000,5b31ae7e18876c5ee982f86eae4c6b728429a9ba98c296c88e34f9cfd410683d,5f146652326fa4a639d81d4626c09aa974582cc005ed0a7619d575aaceefc62b,c9b0708b91280b02,true
84,bios.bin,14,baseline,cold,0.3234719838947058,0,25,0,1,25,1,0.26,240000000,12000000000,5b31ae7e18876c5ee982f86eae4c6b728429a9ba98c296c88e34f9cfd410683d,5f146652326fa4a639d81d4626c09aa974582cc005ed0a7619d575aaceefc62b,c9b0708b91280b02,true
85,bios.bin,14,baseline,source,0.13180300197564065,0,13,0,0,13,0,0.13,120000000,6000000000,fa10cd2c6db57102da6c0f1006d8833c023f13823e8ab83326ea82edc2109a79,c74f2de58befea01c01f629198397a73cb9426ca37551792a668902b1bfec738,9eb25b2e48940501,true
86,bios.bin,14,baseline,restored,0.7202496430836618,1,68,0,2,67,2,0.6900000000000001,240000000,12000000000,5b31ae7e18876c5ee982f86eae4c6b728429a9ba98c296c88e34f9cfd410683d,5f146652326fa4a639d81d4626c09aa974582cc005ed0a7619d575aaceefc62b,c9b0708b91280b02,true
87,bios.bin,14,current,cold,0.26337463804520667,0,25,0,0,25,0,0.25,240000000,12000000000,5b31ae7e18876c5ee982f86eae4c6b728429a9ba98c296c88e34f9cfd410683d,5f146652326fa4a639d81d4626c09aa974582cc005ed0a7619d575aaceefc62b,c9b0708b91280b02,true
88,bios.bin,14,current,source,0.13289136299863458,0,13,0,0,13,0,0.13,120000000,6000000000,fa10cd2c6db57102da6c0f1006d8833c023f13823e8ab83326ea82edc2109a79,c74f2de58befea01c01f629198397a73cb9426ca37551792a668902b1bfec738,9eb25b2e48940501,true
89,bios.bin,14,current,restored,0.7213403438217938,1,69,0,1,68,1,0.69,240000000,12000000000,5b31ae7e18876c5ee982f86eae4c6b728429a9ba98c296c88e34f9cfd410683d,5f146652326fa4a639d81d4626c09aa974582cc005ed0a7619d575aaceefc62b,c9b0708b91280b02,true
90,bios.bin,15,current,cold,0.2733169230632484,1,26,0,0,25,0,0.25,240000000,12000000000,5b31ae7e18876c5ee982f86eae4c6b728429a9ba98c296c88e34f9cfd410683d,5f146652326fa4a639d81d4626c09aa974582cc005ed0a7619d575aaceefc62b,c9b0708b91280b02,true
91,bios.bin,15,current,source,0.131934423930943,0,12,0,1,12,1,0.13,120000000,6000000000,fa10cd2c6db57102da6c0f1006d8833c023f13823e8ab83326ea82edc2109a79,c74f2de58befea01c01f629198397a73cb9426ca37551792a668902b1bfec738,9eb25b2e48940501,true
92,bios.bin,15,current,restored,0.7312010091263801,0,69,1,2,69,1,0.7,240000000,12000000000,5b31ae7e18876c5ee982f86eae4c6b728429a9ba98c296c88e34f9cfd410683d,5f146652326fa4a639d81d4626c09aa974582cc005ed0a7619d575aaceefc62b,c9b0708b91280b02,true
93,bios.bin,15,baseline,cold,0.2627205541357398,1,25,0,0,24,0,0.24,240000000,12000000000,5b31ae7e18876c5ee982f86eae4c6b728429a9ba98c296c88e34f9cfd410683d,5f146652326fa4a639d81d4626c09aa974582cc005ed0a7619d575aaceefc62b,c9b0708b91280b02,true
94,bios.bin,15,baseline,source,0.13107568700797856,0,13,0,0,13,0,0.13,120000000,6000000000,fa10cd2c6db57102da6c0f1006d8833c023f13823e8ab83326ea82edc2109a79,c74f2de58befea01c01f629198397a73cb9426ca37551792a668902b1bfec738,9eb25b2e48940501,true
95,bios.bin,15,baseline,restored,0.7172756739892066,1,68,0,2,67,2,0.6900000000000001,240000000,12000000000,5b31ae7e18876c5ee982f86eae4c6b728429a9ba98c296c88e34f9cfd410683d,5f146652326fa4a639d81d4626c09aa974582cc005ed0a7619d575aaceefc62b,c9b0708b91280b02,true
96,bios.bin,16,baseline,cold,0.26305210101418197,0,26,0,0,26,0,0.26,240000000,12000000000,5b31ae7e18876c5ee982f86eae4c6b728429a9ba98c296c88e34f9cfd410683d,5f146652326fa4a639d81d4626c09aa974582cc005ed0a7619d575aaceefc62b,c9b0708b91280b02,true
97,bios.bin,16,baseline,source,0.13290824298746884,0,13,0,0,13,0,0.13,120000000,6000000000,fa10cd2c6db57102da6c0f1006d8833c023f13823e8ab83326ea82edc2109a79,c74f2de58befea01c01f629198397a73cb9426ca37551792a668902b1bfec738,9eb25b2e48940501,true
98,bios.bin,16,baseline,restored,0.7330205938778818,1,68,0,1,67,1,0.68,240000000,12000000000,5b31ae7e18876c5ee982f86eae4c6b728429a9ba98c296c88e34f9cfd410683d,5f146652326fa4a639d81d4626c09aa974582cc005ed0a7619d575aaceefc62b,c9b0708b91280b02,true
99,bios.bin,16,current,cold,0.2638065260834992,1,26,0,0,25,0,0.25,240000000,12000000000,5b31ae7e18876c5ee982f86eae4c6b728429a9ba98c296c88e34f9cfd410683d,5f146652326fa4a639d81d4626c09aa974582cc005ed0a7619d575aaceefc62b,c9b0708b91280b02,true
100,bios.bin,16,current,source,0.13418190786615014,0,13,0,0,13,0,0.13,120000000,6000000000,fa10cd2c6db57102da6c0f1006d8833c023f13823e8ab83326ea82edc2109a79,c74f2de58befea01c01f629198397a73cb9426ca37551792a668902b1bfec738,9eb25b2e48940501,true
101,bios.bin,16,current,restored,0.7504831079859287,1,69,0,1,68,1,0.69,240000000,12000000000,5b31ae7e18876c5ee982f86eae4c6b728429a9ba98c296c88e34f9cfd410683d,5f146652326fa4a639d81d4626c09aa974582cc005ed0a7619d575aaceefc62b,c9b0708b91280b02,true
102,bios.bin,17,current,cold,0.2628724069800228,0,26,0,0,26,0,0.26,240000000,12000000000,5b31ae7e18876c5ee982f86eae4c6b728429a9ba98c296c88e34f9cfd410683d,5f146652326fa4a639d81d4626c09aa974582cc005ed0a7619d575aaceefc62b,c9b0708b91280b02,true
103,bios.bin,17,current,source,0.13329024985432625,1,13,0,0,12,0,0.12000000000000001,120000000,6000000000,fa10cd2c6db57102da6c0f1006d8833c023f13823e8ab83326ea82edc2109a79,c74f2de58befea01c01f629198397a73cb9426ca37551792a668902b1bfec738,9eb25b2e48940501,true
104,bios.bin,17,current,restored,0.7205739580094814,0,68,1,2,68,1,0.6900000000000001,240000000,12000000000,5b31ae7e18876c5ee982f86eae4c6b728429a9ba98c296c88e34f9cfd410683d,5f146652326fa4a639d81d4626c09aa974582cc005ed0a7619d575aaceefc62b,c9b0708b91280b02,true
105,bios.bin,17,baseline,cold,0.30570933199487627,1,25,1,1,24,0,0.24,240000000,12000000000,5b31ae7e18876c5ee982f86eae4c6b728429a9ba98c296c88e34f9cfd410683d,5f146652326fa4a639d81d4626c09aa974582cc005ed0a7619d575aaceefc62b,c9b0708b91280b02,true
106,bios.bin,17,baseline,source,0.13598138303495944,0,13,0,0,13,0,0.13,120000000,6000000000,fa10cd2c6db57102da6c0f1006d8833c023f13823e8ab83326ea82edc2109a79,c74f2de58befea01c01f629198397a73cb9426ca37551792a668902b1bfec738,9eb25b2e48940501,true
107,bios.bin,17,baseline,restored,0.7413515981752425,1,69,0,2,68,2,0.7,240000000,12000000000,5b31ae7e18876c5ee982f86eae4c6b728429a9ba98c296c88e34f9cfd410683d,5f146652326fa4a639d81d4626c09aa974582cc005ed0a7619d575aaceefc62b,c9b0708b91280b02,true
108,bios.bin,18,baseline,cold,0.2726684499066323,1,26,0,0,25,0,0.25,240000000,12000000000,5b31ae7e18876c5ee982f86eae4c6b728429a9ba98c296c88e34f9cfd410683d,5f146652326fa4a639d81d4626c09aa974582cc005ed0a7619d575aaceefc62b,c9b0708b91280b02,true
109,bios.bin,18,baseline,source,0.13182561099529266,0,13,0,1,13,1,0.14,120000000,6000000000,fa10cd2c6db57102da6c0f1006d8833c023f13823e8ab83326ea82edc2109a79,c74f2de58befea01c01f629198397a73cb9426ca37551792a668902b1bfec738,9eb25b2e48940501,true
110,bios.bin,18,baseline,restored,0.7246516379527748,1,69,0,1,68,1,0.69,240000000,12000000000,5b31ae7e18876c5ee982f86eae4c6b728429a9ba98c296c88e34f9cfd410683d,5f146652326fa4a639d81d4626c09aa974582cc005ed0a7619d575aaceefc62b,c9b0708b91280b02,true
111,bios.bin,18,current,cold,0.26176269515417516,0,25,0,0,25,0,0.25,240000000,12000000000,5b31ae7e18876c5ee982f86eae4c6b728429a9ba98c296c88e34f9cfd410683d,5f146652326fa4a639d81d4626c09aa974582cc005ed0a7619d575aaceefc62b,c9b0708b91280b02,true
112,bios.bin,18,current,source,0.13356992602348328,0,13,0,1,13,1,0.14,120000000,6000000000,fa10cd2c6db57102da6c0f1006d8833c023f13823e8ab83326ea82edc2109a79,c74f2de58befea01c01f629198397a73cb9426ca37551792a668902b1bfec738,9eb25b2e48940501,true
113,bios.bin,18,current,restored,0.72236392297782,0,69,0,1,69,1,0.7,240000000,12000000000,5b31ae7e18876c5ee982f86eae4c6b728429a9ba98c296c88e34f9cfd410683d,5f146652326fa4a639d81d4626c09aa974582cc005ed0a7619d575aaceefc62b,c9b0708b91280b02,true
114,bios.bin,19,current,cold,0.2647496238350868,1,25,0,1,24,1,0.25,240000000,12000000000,5b31ae7e18876c5ee982f86eae4c6b728429a9ba98c296c88e34f9cfd410683d,5f146652326fa4a639d81d4626c09aa974582cc005ed0a7619d575aaceefc62b,c9b0708b91280b02,true
115,bios.bin,19,current,source,0.1320622148923576,1,13,0,0,12,0,0.12000000000000001,120000000,6000000000,fa10cd2c6db57102da6c0f1006d8833c023f13823e8ab83326ea82edc2109a79,c74f2de58befea01c01f629198397a73cb9426ca37551792a668902b1bfec738,9eb25b2e48940501,true
116,bios.bin,19,current,restored,0.7239196829032153,1,69,0,1,68,1,0.69,240000000,12000000000,5b31ae7e18876c5ee982f86eae4c6b728429a9ba98c296c88e34f9cfd410683d,5f146652326fa4a639d81d4626c09aa974582cc005ed0a7619d575aaceefc62b,c9b0708b91280b02,true
117,bios.bin,19,baseline,cold,0.26275460491888225,1,26,0,0,25,0,0.25,240000000,12000000000,5b31ae7e18876c5ee982f86eae4c6b728429a9ba98c296c88e34f9cfd410683d,5f146652326fa4a639d81d4626c09aa974582cc005ed0a7619d575aaceefc62b,c9b0708b91280b02,true
118,bios.bin,19,baseline,source,0.13114852784201503,1,13,0,0,12,0,0.12000000000000001,120000000,6000000000,fa10cd2c6db57102da6c0f1006d8833c023f13823e8ab83326ea82edc2109a79,c74f2de58befea01c01f629198397a73cb9426ca37551792a668902b1bfec738,9eb25b2e48940501,true
119,bios.bin,19,baseline,restored,0.7348014079034328,1,70,0,2,69,2,0.71,240000000,12000000000,5b31ae7e18876c5ee982f86eae4c6b728429a9ba98c296c88e34f9cfd410683d,5f146652326fa4a639d81d4626c09aa974582cc005ed0a7619d575aaceefc62b,c9b0708b91280b02,true
120,bios.bin,20,baseline,cold,0.260737864067778,0,25,0,0,25,0,0.25,240000000,12000000000,5b31ae7e18876c5ee982f86eae4c6b728429a9ba98c296c88e34f9cfd410683d,5f146652326fa4a639d81d4626c09aa974582cc005ed0a7619d575aaceefc62b,c9b0708b91280b02,true
121,bios.bin,20,baseline,source,0.1313089809846133,0,13,0,0,13,0,0.13,120000000,6000000000,fa10cd2c6db57102da6c0f1006d8833c023f13823e8ab83326ea82edc2109a79,c74f2de58befea01c01f629198397a73cb9426ca37551792a668902b1bfec738,9eb25b2e48940501,true
122,bios.bin,20,baseline,restored,0.7148233531042933,0,67,1,2,67,1,0.68,240000000,12000000000,5b31ae7e18876c5ee982f86eae4c6b728429a9ba98c296c88e34f9cfd410683d,5f146652326fa4a639d81d4626c09aa974582cc005ed0a7619d575aaceefc62b,c9b0708b91280b02,true
123,bios.bin,20,current,cold,0.26396079803816974,1,26,0,0,25,0,0.25,240000000,12000000000,5b31ae7e18876c5ee982f86eae4c6b728429a9ba98c296c88e34f9cfd410683d,5f146652326fa4a639d81d4626c09aa974582cc005ed0a7619d575aaceefc62b,c9b0708b91280b02,true
124,bios.bin,20,current,source,0.13240083190612495,0,13,0,0,13,0,0.13,120000000,6000000000,fa10cd2c6db57102da6c0f1006d8833c023f13823e8ab83326ea82edc2109a79,c74f2de58befea01c01f629198397a73cb9426ca37551792a668902b1bfec738,9eb25b2e48940501,true
125,bios.bin,20,current,restored,0.7631712870206684,1,69,0,1,68,1,0.69,240000000,12000000000,5b31ae7e18876c5ee982f86eae4c6b728429a9ba98c296c88e34f9cfd410683d,5f146652326fa4a639d81d4626c09aa974582cc005ed0a7619d575aaceefc62b,c9b0708b91280b02,true
126,bios.bin,21,current,cold,0.26466000103391707,0,26,1,1,26,0,0.26,240000000,12000000000,5b31ae7e18876c5ee982f86eae4c6b728429a9ba98c296c88e34f9cfd410683d,5f146652326fa4a639d81d4626c09aa974582cc005ed0a7619d575aaceefc62b,c9b0708b91280b02,true
127,bios.bin,21,current,source,0.1331767679657787,0,13,1,1,13,0,0.13,120000000,6000000000,fa10cd2c6db57102da6c0f1006d8833c023f13823e8ab83326ea82edc2109a79,c74f2de58befea01c01f629198397a73cb9426ca37551792a668902b1bfec738,9eb25b2e48940501,true
128,bios.bin,21,current,restored,0.748104649130255,0,68,1,2,68,1,0.6900000000000001,240000000,12000000000,5b31ae7e18876c5ee982f86eae4c6b728429a9ba98c296c88e34f9cfd410683d,5f146652326fa4a639d81d4626c09aa974582cc005ed0a7619d575aaceefc62b,c9b0708b91280b02,true
129,bios.bin,21,baseline,cold,0.28452942287549376,1,25,1,1,24,0,0.24,240000000,12000000000,5b31ae7e18876c5ee982f86eae4c6b728429a9ba98c296c88e34f9cfd410683d,5f146652326fa4a639d81d4626c09aa974582cc005ed0a7619d575aaceefc62b,c9b0708b91280b02,true
130,bios.bin,21,baseline,source,0.13149694399908185,1,13,0,0,12,0,0.12000000000000001,120000000,6000000000,fa10cd2c6db57102da6c0f1006d8833c023f13823e8ab83326ea82edc2109a79,c74f2de58befea01c01f629198397a73cb9426ca37551792a668902b1bfec738,9eb25b2e48940501,true
131,bios.bin,21,baseline,restored,0.7845656091812998,1,70,3,4,69,1,0.7,240000000,12000000000,5b31ae7e18876c5ee982f86eae4c6b728429a9ba98c296c88e34f9cfd410683d,5f146652326fa4a639d81d4626c09aa974582cc005ed0a7619d575aaceefc62b,c9b0708b91280b02,true
132,bios.bin,22,baseline,cold,0.2796161859296262,0,26,0,1,26,1,0.27,240000000,12000000000,5b31ae7e18876c5ee982f86eae4c6b728429a9ba98c296c88e34f9cfd410683d,5f146652326fa4a639d81d4626c09aa974582cc005ed0a7619d575aaceefc62b,c9b0708b91280b02,true
133,bios.bin,22,baseline,source,0.13372848788276315,1,13,0,0,12,0,0.12000000000000001,120000000,6000000000,fa10cd2c6db57102da6c0f1006d8833c023f13823e8ab83326ea82edc2109a79,c74f2de58befea01c01f629198397a73cb9426ca37551792a668902b1bfec738,9eb25b2e48940501,true
134,bios.bin,22,baseline,restored,0.7308126571588218,1,69,0,1,68,1,0.69,240000000,12000000000,5b31ae7e18876c5ee982f86eae4c6b728429a9ba98c296c88e34f9cfd410683d,5f146652326fa4a639d81d4626c09aa974582cc005ed0a7619d575aaceefc62b,c9b0708b91280b02,true
135,bios.bin,22,current,cold,0.2804357230197638,1,27,0,1,26,1,0.27,240000000,12000000000,5b31ae7e18876c5ee982f86eae4c6b728429a9ba98c296c88e34f9cfd410683d,5f146652326fa4a639d81d4626c09aa974582cc005ed0a7619d575aaceefc62b,c9b0708b91280b02,true
136,bios.bin,22,current,source,0.14698565006256104,1,14,0,1,13,1,0.14,120000000,6000000000,fa10cd2c6db57102da6c0f1006d8833c023f13823e8ab83326ea82edc2109a79,c74f2de58befea01c01f629198397a73cb9426ca37551792a668902b1bfec738,9eb25b2e48940501,true
137,bios.bin,22,current,restored,0.8251129779964685,1,76,1,1,75,0,0.75,240000000,12000000000,5b31ae7e18876c5ee982f86eae4c6b728429a9ba98c296c88e34f9cfd410683d,5f146652326fa4a639d81d4626c09aa974582cc005ed0a7619d575aaceefc62b,c9b0708b91280b02,true
138,bios.bin,23,current,cold,0.26467299088835716,1,25,0,1,24,1,0.25,240000000,12000000000,5b31ae7e18876c5ee982f86eae4c6b728429a9ba98c296c88e34f9cfd410683d,5f146652326fa4a639d81d4626c09aa974582cc005ed0a7619d575aaceefc62b,c9b0708b91280b02,true
139,bios.bin,23,current,source,0.1336122949142009,1,13,0,0,12,0,0.12000000000000001,120000000,6000000000,fa10cd2c6db57102da6c0f1006d8833c023f13823e8ab83326ea82edc2109a79,c74f2de58befea01c01f629198397a73cb9426ca37551792a668902b1bfec738,9eb25b2e48940501,true
140,bios.bin,23,current,restored,0.7884367138613015,1,69,0,1,68,1,0.69,240000000,12000000000,5b31ae7e18876c5ee982f86eae4c6b728429a9ba98c296c88e34f9cfd410683d,5f146652326fa4a639d81d4626c09aa974582cc005ed0a7619d575aaceefc62b,c9b0708b91280b02,true
141,bios.bin,23,baseline,cold,0.30267113097943366,1,26,1,1,25,0,0.25,240000000,12000000000,5b31ae7e18876c5ee982f86eae4c6b728429a9ba98c296c88e34f9cfd410683d,5f146652326fa4a639d81d4626c09aa974582cc005ed0a7619d575aaceefc62b,c9b0708b91280b02,true
142,bios.bin,23,baseline,source,0.13319984707050025,1,13,0,0,12,0,0.12000000000000001,120000000,6000000000,fa10cd2c6db57102da6c0f1006d8833c023f13823e8ab83326ea82edc2109a79,c74f2de58befea01c01f629198397a73cb9426ca37551792a668902b1bfec738,9eb25b2e48940501,true
143,bios.bin,23,baseline,restored,0.7658431469462812,0,69,0,1,69,1,0.7,240000000,12000000000,5b31ae7e18876c5ee982f86eae4c6b728429a9ba98c296c88e34f9cfd410683d,5f146652326fa4a639d81d4626c09aa974582cc005ed0a7619d575aaceefc62b,c9b0708b91280b02,true
144,bios.bin,24,baseline,cold,0.26093562692403793,0,25,1,1,25,0,0.25,240000000,12000000000,5b31ae7e18876c5ee982f86eae4c6b728429a9ba98c296c88e34f9cfd410683d,5f146652326fa4a639d81d4626c09aa974582cc005ed0a7619d575aaceefc62b,c9b0708b91280b02,true
145,bios.bin,24,baseline,source,0.13230352010577917,1,13,0,0,12,0,0.12000000000000001,120000000,6000000000,fa10cd2c6db57102da6c0f1006d8833c023f13823e8ab83326ea82edc2109a79,c74f2de58befea01c01f629198397a73cb9426ca37551792a668902b1bfec738,9eb25b2e48940501,true
146,bios.bin,24,baseline,restored,0.7459714352153242,1,70,0,1,69,1,0.7,240000000,12000000000,5b31ae7e18876c5ee982f86eae4c6b728429a9ba98c296c88e34f9cfd410683d,5f146652326fa4a639d81d4626c09aa974582cc005ed0a7619d575aaceefc62b,c9b0708b91280b02,true
147,bios.bin,24,current,cold,0.2640934500377625,1,26,0,0,25,0,0.25,240000000,12000000000,5b31ae7e18876c5ee982f86eae4c6b728429a9ba98c296c88e34f9cfd410683d,5f146652326fa4a639d81d4626c09aa974582cc005ed0a7619d575aaceefc62b,c9b0708b91280b02,true
148,bios.bin,24,current,source,0.14375910605303943,0,13,0,0,13,0,0.13,120000000,6000000000,fa10cd2c6db57102da6c0f1006d8833c023f13823e8ab83326ea82edc2109a79,c74f2de58befea01c01f629198397a73cb9426ca37551792a668902b1bfec738,9eb25b2e48940501,true
149,bios.bin,24,current,restored,0.7556220849510282,0,68,0,2,68,2,0.7000000000000001,240000000,12000000000,5b31ae7e18876c5ee982f86eae4c6b728429a9ba98c296c88e34f9cfd410683d,5f146652326fa4a639d81d4626c09aa974582cc005ed0a7619d575aaceefc62b,c9b0708b91280b02,true
150,bios.bin,25,current,cold,0.2636124398559332,0,25,0,0,25,0,0.25,240000000,12000000000,5b31ae7e18876c5ee982f86eae4c6b728429a9ba98c296c88e34f9cfd410683d,5f146652326fa4a639d81d4626c09aa974582cc005ed0a7619d575aaceefc62b,c9b0708b91280b02,true
151,bios.bin,25,current,source,0.13245661300607026,1,13,0,0,12,0,0.12000000000000001,120000000,6000000000,fa10cd2c6db57102da6c0f1006d8833c023f13823e8ab83326ea82edc2109a79,c74f2de58befea01c01f629198397a73cb9426ca37551792a668902b1bfec738,9eb25b2e48940501,true
152,bios.bin,25,current,restored,0.7841584191191941,1,74,0,2,73,2,0.75,240000000,12000000000,5b31ae7e18876c5ee982f86eae4c6b728429a9ba98c296c88e34f9cfd410683d,5f146652326fa4a639d81d4626c09aa974582cc005ed0a7619d575aaceefc62b,c9b0708b91280b02,true
153,bios.bin,25,baseline,cold,0.2610414500813931,0,25,1,1,25,0,0.25,240000000,12000000000,5b31ae7e18876c5ee982f86eae4c6b728429a9ba98c296c88e34f9cfd410683d,5f146652326fa4a639d81d4626c09aa974582cc005ed0a7619d575aaceefc62b,c9b0708b91280b02,true
154,bios.bin,25,baseline,source,0.16224266006611288,0,13,0,0,13,0,0.13,120000000,6000000000,fa10cd2c6db57102da6c0f1006d8833c023f13823e8ab83326ea82edc2109a79,c74f2de58befea01c01f629198397a73cb9426ca37551792a668902b1bfec738,9eb25b2e48940501,true
155,bios.bin,25,baseline,restored,0.7356908419169486,1,70,0,2,69,2,0.71,240000000,12000000000,5b31ae7e18876c5ee982f86eae4c6b728429a9ba98c296c88e34f9cfd410683d,5f146652326fa4a639d81d4626c09aa974582cc005ed0a7619d575aaceefc62b,c9b0708b91280b02,true
156,bios.bin,26,baseline,cold,0.2622251119464636,0,25,0,0,25,0,0.25,240000000,12000000000,5b31ae7e18876c5ee982f86eae4c6b728429a9ba98c296c88e34f9cfd410683d,5f146652326fa4a639d81d4626c09aa974582cc005ed0a7619d575aaceefc62b,c9b0708b91280b02,true
157,bios.bin,26,baseline,source,0.13183052092790604,0,13,0,0,13,0,0.13,120000000,6000000000,fa10cd2c6db57102da6c0f1006d8833c023f13823e8ab83326ea82edc2109a79,c74f2de58befea01c01f629198397a73cb9426ca37551792a668902b1bfec738,9eb25b2e48940501,true
158,bios.bin,26,baseline,restored,0.7235785729717463,1,68,0,1,67,1,0.68,240000000,12000000000,5b31ae7e18876c5ee982f86eae4c6b728429a9ba98c296c88e34f9cfd410683d,5f146652326fa4a639d81d4626c09aa974582cc005ed0a7619d575aaceefc62b,c9b0708b91280b02,true
159,bios.bin,26,current,cold,0.3469702338334173,1,26,1,1,25,0,0.25,240000000,12000000000,5b31ae7e18876c5ee982f86eae4c6b728429a9ba98c296c88e34f9cfd410683d,5f146652326fa4a639d81d4626c09aa974582cc005ed0a7619d575aaceefc62b,c9b0708b91280b02,true
160,bios.bin,26,current,source,0.1360412030480802,1,14,0,0,13,0,0.13,120000000,6000000000,fa10cd2c6db57102da6c0f1006d8833c023f13823e8ab83326ea82edc2109a79,c74f2de58befea01c01f629198397a73cb9426ca37551792a668902b1bfec738,9eb25b2e48940501,true
161,bios.bin,26,current,restored,0.7635381100699306,1,72,0,1,71,1,0.72,240000000,12000000000,5b31ae7e18876c5ee982f86eae4c6b728429a9ba98c296c88e34f9cfd410683d,5f146652326fa4a639d81d4626c09aa974582cc005ed0a7619d575aaceefc62b,c9b0708b91280b02,true
162,bios.bin,27,current,cold,0.2657042210921645,1,26,0,0,25,0,0.25,240000000,12000000000,5b31ae7e18876c5ee982f86eae4c6b728429a9ba98c296c88e34f9cfd410683d,5f146652326fa4a639d81d4626c09aa974582cc005ed0a7619d575aaceefc62b,c9b0708b91280b02,true
163,bios.bin,27,current,source,0.1332754590548575,0,13,0,1,13,1,0.14,120000000,6000000000,fa10cd2c6db57102da6c0f1006d8833c023f13823e8ab83326ea82edc2109a79,c74f2de58befea01c01f629198397a73cb9426ca37551792a668902b1bfec738,9eb25b2e48940501,true
164,bios.bin,27,current,restored,0.7653128951787949,0,68,0,2,68,2,0.7000000000000001,240000000,12000000000,5b31ae7e18876c5ee982f86eae4c6b728429a9ba98c296c88e34f9cfd410683d,5f146652326fa4a639d81d4626c09aa974582cc005ed0a7619d575aaceefc62b,c9b0708b91280b02,true
165,bios.bin,27,baseline,cold,0.26325076213106513,0,25,0,1,25,1,0.26,240000000,12000000000,5b31ae7e18876c5ee982f86eae4c6b728429a9ba98c296c88e34f9cfd410683d,5f146652326fa4a639d81d4626c09aa974582cc005ed0a7619d575aaceefc62b,c9b0708b91280b02,true
166,bios.bin,27,baseline,source,0.13211137591861188,0,13,0,0,13,0,0.13,120000000,6000000000,fa10cd2c6db57102da6c0f1006d8833c023f13823e8ab83326ea82edc2109a79,c74f2de58befea01c01f629198397a73cb9426ca37551792a668902b1bfec738,9eb25b2e48940501,true
167,bios.bin,27,baseline,restored,0.8361361019778997,1,75,0,1,74,1,0.75,240000000,12000000000,5b31ae7e18876c5ee982f86eae4c6b728429a9ba98c296c88e34f9cfd410683d,5f146652326fa4a639d81d4626c09aa974582cc005ed0a7619d575aaceefc62b,c9b0708b91280b02,true
168,bios.bin,28,baseline,cold,0.26452987804077566,1,26,0,0,25,0,0.25,240000000,12000000000,5b31ae7e18876c5ee982f86eae4c6b728429a9ba98c296c88e34f9cfd410683d,5f146652326fa4a639d81d4626c09aa974582cc005ed0a7619d575aaceefc62b,c9b0708b91280b02,true
169,bios.bin,28,baseline,source,0.13404015405103564,1,13,0,1,12,1,0.13,120000000,6000000000,fa10cd2c6db57102da6c0f1006d8833c023f13823e8ab83326ea82edc2109a79,c74f2de58befea01c01f629198397a73cb9426ca37551792a668902b1bfec738,9eb25b2e48940501,true
170,bios.bin,28,baseline,restored,0.7680152889806777,1,70,0,2,69,2,0.71,240000000,12000000000,5b31ae7e18876c5ee982f86eae4c6b728429a9ba98c296c88e34f9cfd410683d,5f146652326fa4a639d81d4626c09aa974582cc005ed0a7619d575aaceefc62b,c9b0708b91280b02,true
171,bios.bin,28,current,cold,0.26608977909199893,0,26,1,1,26,0,0.26,240000000,12000000000,5b31ae7e18876c5ee982f86eae4c6b728429a9ba98c296c88e34f9cfd410683d,5f146652326fa4a639d81d4626c09aa974582cc005ed0a7619d575aaceefc62b,c9b0708b91280b02,true
172,bios.bin,28,current,source,0.13308556494303048,0,13,1,1,13,0,0.13,120000000,6000000000,fa10cd2c6db57102da6c0f1006d8833c023f13823e8ab83326ea82edc2109a79,c74f2de58befea01c01f629198397a73cb9426ca37551792a668902b1bfec738,9eb25b2e48940501,true
173,bios.bin,28,current,restored,0.785870720166713,0,70,1,2,70,1,0.71,240000000,12000000000,5b31ae7e18876c5ee982f86eae4c6b728429a9ba98c296c88e34f9cfd410683d,5f146652326fa4a639d81d4626c09aa974582cc005ed0a7619d575aaceefc62b,c9b0708b91280b02,true
174,bios.bin,29,current,cold,0.29983333381824195,0,25,0,1,25,1,0.26,240000000,12000000000,5b31ae7e18876c5ee982f86eae4c6b728429a9ba98c296c88e34f9cfd410683d,5f146652326fa4a639d81d4626c09aa974582cc005ed0a7619d575aaceefc62b,c9b0708b91280b02,true
175,bios.bin,29,current,source,0.13367270585149527,0,13,0,0,13,0,0.13,120000000,6000000000,fa10cd2c6db57102da6c0f1006d8833c023f13823e8ab83326ea82edc2109a79,c74f2de58befea01c01f629198397a73cb9426ca37551792a668902b1bfec738,9eb25b2e48940501,true
176,bios.bin,29,current,restored,0.7906378239858896,1,73,0,1,72,1,0.73,240000000,12000000000,5b31ae7e18876c5ee982f86eae4c6b728429a9ba98c296c88e34f9cfd410683d,5f146652326fa4a639d81d4626c09aa974582cc005ed0a7619d575aaceefc62b,c9b0708b91280b02,true
177,bios.bin,29,baseline,cold,0.2632911531254649,1,25,0,1,24,1,0.25,240000000,12000000000,5b31ae7e18876c5ee982f86eae4c6b728429a9ba98c296c88e34f9cfd410683d,5f146652326fa4a639d81d4626c09aa974582cc005ed0a7619d575aaceefc62b,c9b0708b91280b02,true
178,bios.bin,29,baseline,source,0.1338516699615866,1,13,0,1,12,1,0.13,120000000,6000000000,fa10cd2c6db57102da6c0f1006d8833c023f13823e8ab83326ea82edc2109a79,c74f2de58befea01c01f629198397a73cb9426ca37551792a668902b1bfec738,9eb25b2e48940501,true
179,bios.bin,29,baseline,restored,0.7618260150775313,1,69,0,2,68,2,0.7,240000000,12000000000,5b31ae7e18876c5ee982f86eae4c6b728429a9ba98c296c88e34f9cfd410683d,5f146652326fa4a639d81d4626c09aa974582cc005ed0a7619d575aaceefc62b,c9b0708b91280b02,true
180,bios.bin,30,baseline,cold,0.26356734801083803,0,25,0,1,25,1,0.26,240000000,12000000000,5b31ae7e18876c5ee982f86eae4c6b728429a9ba98c296c88e34f9cfd410683d,5f146652326fa4a639d81d4626c09aa974582cc005ed0a7619d575aaceefc62b,c9b0708b91280b02,true
181,bios.bin,30,baseline,source,0.13303895411081612,0,13,0,1,13,1,0.14,120000000,6000000000,fa10cd2c6db57102da6c0f1006d8833c023f13823e8ab83326ea82edc2109a79,c74f2de58befea01c01f629198397a73cb9426ca37551792a668902b1bfec738,9eb25b2e48940501,true
182,bios.bin,30,baseline,restored,0.7511064428836107,1,69,0,1,68,1,0.69,240000000,12000000000,5b31ae7e18876c5ee982f86eae4c6b728429a9ba98c296c88e34f9cfd410683d,5f146652326fa4a639d81d4626c09aa974582cc005ed0a7619d575aaceefc62b,c9b0708b91280b02,true
183,bios.bin,30,current,cold,0.2695807770360261,0,26,0,1,26,1,0.27,240000000,12000000000,5b31ae7e18876c5ee982f86eae4c6b728429a9ba98c296c88e34f9cfd410683d,5f146652326fa4a639d81d4626c09aa974582cc005ed0a7619d575aaceefc62b,c9b0708b91280b02,true
184,bios.bin,30,current,source,0.1363979100715369,1,13,0,0,12,0,0.12000000000000001,120000000,6000000000,fa10cd2c6db57102da6c0f1006d8833c023f13823e8ab83326ea82edc2109a79,c74f2de58befea01c01f629198397a73cb9426ca37551792a668902b1bfec738,9eb25b2e48940501,true
185,bios.bin,30,current,restored,0.7333638530690223,1,69,0,1,68,1,0.69,240000000,12000000000,5b31ae7e18876c5ee982f86eae4c6b728429a9ba98c296c88e34f9cfd410683d,5f146652326fa4a639d81d4626c09aa974582cc005ed0a7619d575aaceefc62b,c9b0708b91280b02,true
186,bios.bin,31,current,cold,0.2658591140061617,1,26,0,0,25,0,0.25,240000000,12000000000,5b31ae7e18876c5ee982f86eae4c6b728429a9ba98c296c88e34f9cfd410683d,5f146652326fa4a639d81d4626c09aa974582cc005ed0a7619d575aaceefc62b,c9b0708b91280b02,true
187,bios.bin,31,current,source,0.1347458679229021,0,13,0,0,13,0,0.13,120000000,6000000000,fa10cd2c6db57102da6c0f1006d8833c023f13823e8ab83326ea82edc2109a79,c74f2de58befea01c01f629198397a73cb9426ca37551792a668902b1bfec738,9eb25b2e48940501,true
188,bios.bin,31,current,restored,0.8270955018233508,1,76,0,1,75,1,0.76,240000000,12000000000,5b31ae7e18876c5ee982f86eae4c6b728429a9ba98c296c88e34f9cfd410683d,5f146652326fa4a639d81d4626c09aa974582cc005ed0a7619d575aaceefc62b,c9b0708b91280b02,true
189,bios.bin,31,baseline,cold,0.2658106619492173,1,26,0,1,25,1,0.26,240000000,12000000000,5b31ae7e18876c5ee982f86eae4c6b728429a9ba98c296c88e34f9cfd410683d,5f146652326fa4a639d81d4626c09aa974582cc005ed0a7619d575aaceefc62b,c9b0708b91280b02,true
190,bios.bin,31,baseline,source,0.13394986209459603,1,13,0,0,12,0,0.12000000000000001,120000000,6000000000,fa10cd2c6db57102da6c0f1006d8833c023f13823e8ab83326ea82edc2109a79,c74f2de58befea01c01f629198397a73cb9426ca37551792a668902b1bfec738,9eb25b2e48940501,true
191,bios.bin,31,baseline,restored,0.7603043140843511,1,70,0,1,69,1,0.7,240000000,12000000000,5b31ae7e18876c5ee982f86eae4c6b728429a9ba98c296c88e34f9cfd410683d,5f146652326fa4a639d81d4626c09aa974582cc005ed0a7619d575aaceefc62b,c9b0708b91280b02,true
192,bios.bin,32,baseline,cold,0.26571989012882113,1,25,0,1,24,1,0.25,240000000,12000000000,5b31ae7e18876c5ee982f86eae4c6b728429a9ba98c296c88e34f9cfd410683d,5f146652326fa4a639d81d4626c09aa974582cc005ed0a7619d575aaceefc62b,c9b0708b91280b02,true
193,bios.bin,32,baseline,source,0.1328132590278983,0,13,1,1,13,0,0.13,120000000,6000000000,fa10cd2c6db57102da6c0f1006d8833c023f13823e8ab83326ea82edc2109a79,c74f2de58befea01c01f629198397a73cb9426ca37551792a668902b1bfec738,9eb25b2e48940501,true
194,bios.bin,32,baseline,restored,0.7382460189983249,0,69,1,2,69,1,0.7,240000000,12000000000,5b31ae7e18876c5ee982f86eae4c6b728429a9ba98c296c88e34f9cfd410683d,5f146652326fa4a639d81d4626c09aa974582cc005ed0a7619d575aaceefc62b,c9b0708b91280b02,true
195,bios.bin,32,current,cold,0.2642035810276866,1,26,0,0,25,0,0.25,240000000,12000000000,5b31ae7e18876c5ee982f86eae4c6b728429a9ba98c296c88e34f9cfd410683d,5f146652326fa4a639d81d4626c09aa974582cc005ed0a7619d575aaceefc62b,c9b0708b91280b02,true
196,bios.bin,32,current,source,0.13674720702692866,0,13,1,1,13,0,0.13,120000000,6000000000,fa10cd2c6db57102da6c0f1006d8833c023f13823e8ab83326ea82edc2109a79,c74f2de58befea01c01f629198397a73cb9426ca37551792a668902b1bfec738,9eb25b2e48940501,true
197,bios.bin,32,current,restored,0.7556772429961711,1,69,0,1,68,1,0.69,240000000,12000000000,5b31ae7e18876c5ee982f86eae4c6b728429a9ba98c296c88e34f9cfd410683d,5f146652326fa4a639d81d4626c09aa974582cc005ed0a7619d575aaceefc62b,c9b0708b91280b02,true
198,bios.bin,33,current,cold,0.2738766910042614,0,26,0,0,26,0,0.26,240000000,12000000000,5b31ae7e18876c5ee982f86eae4c6b728429a9ba98c296c88e34f9cfd410683d,5f146652326fa4a639d81d4626c09aa974582cc005ed0a7619d575aaceefc62b,c9b0708b91280b02,true
199,bios.bin,33,current,source,0.13511137501336634,0,13,0,0,13,0,0.13,120000000,6000000000,fa10cd2c6db57102da6c0f1006d8833c023f13823e8ab83326ea82edc2109a79,c74f2de58befea01c01f629198397a73cb9426ca37551792a668902b1bfec738,9eb25b2e48940501,true
200,bios.bin,33,current,restored,0.7245679991319776,1,69,0,1,68,1,0.69,240000000,12000000000,5b31ae7e18876c5ee982f86eae4c6b728429a9ba98c296c88e34f9cfd410683d,5f146652326fa4a639d81d4626c09aa974582cc005ed0a7619d575aaceefc62b,c9b0708b91280b02,true
201,bios.bin,33,baseline,cold,0.26121036102995276,1,25,0,0,24,0,0.24,240000000,12000000000,5b31ae7e18876c5ee982f86eae4c6b728429a9ba98c296c88e34f9cfd410683d,5f146652326fa4a639d81d4626c09aa974582cc005ed0a7619d575aaceefc62b,c9b0708b91280b02,true
202,bios.bin,33,baseline,source,0.13474895688705146,1,13,0,0,12,0,0.12000000000000001,120000000,6000000000,fa10cd2c6db57102da6c0f1006d8833c023f13823e8ab83326ea82edc2109a79,c74f2de58befea01c01f629198397a73cb9426ca37551792a668902b1bfec738,9eb25b2e48940501,true
203,bios.bin,33,baseline,restored,0.7192123730201274,1,68,0,1,67,1,0.68,240000000,12000000000,5b31ae7e18876c5ee982f86eae4c6b728429a9ba98c296c88e34f9cfd410683d,5f146652326fa4a639d81d4626c09aa974582cc005ed0a7619d575aaceefc62b,c9b0708b91280b02,true
204,bios.bin,34,baseline,cold,0.2632922329939902,0,25,1,1,25,0,0.25,240000000,12000000000,5b31ae7e18876c5ee982f86eae4c6b728429a9ba98c296c88e34f9cfd410683d,5f146652326fa4a639d81d4626c09aa974582cc005ed0a7619d575aaceefc62b,c9b0708b91280b02,true
205,bios.bin,34,baseline,source,0.1365246120840311,0,13,0,1,13,1,0.14,120000000,6000000000,fa10cd2c6db57102da6c0f1006d8833c023f13823e8ab83326ea82edc2109a79,c74f2de58befea01c01f629198397a73cb9426ca37551792a668902b1bfec738,9eb25b2e48940501,true
206,bios.bin,34,baseline,restored,0.7785301918629557,1,74,1,1,73,0,0.73,240000000,12000000000,5b31ae7e18876c5ee982f86eae4c6b728429a9ba98c296c88e34f9cfd410683d,5f146652326fa4a639d81d4626c09aa974582cc005ed0a7619d575aaceefc62b,c9b0708b91280b02,true
207,bios.bin,34,current,cold,0.27466979599557817,0,25,1,1,25,0,0.25,240000000,12000000000,5b31ae7e18876c5ee982f86eae4c6b728429a9ba98c296c88e34f9cfd410683d,5f146652326fa4a639d81d4626c09aa974582cc005ed0a7619d575aaceefc62b,c9b0708b91280b02,true
208,bios.bin,34,current,source,0.15665078000165522,0,13,0,1,13,1,0.14,120000000,6000000000,fa10cd2c6db57102da6c0f1006d8833c023f13823e8ab83326ea82edc2109a79,c74f2de58befea01c01f629198397a73cb9426ca37551792a668902b1bfec738,9eb25b2e48940501,true
209,bios.bin,34,current,restored,0.7260422178078443,1,69,0,2,68,2,0.7,240000000,12000000000,5b31ae7e18876c5ee982f86eae4c6b728429a9ba98c296c88e34f9cfd410683d,5f146652326fa4a639d81d4626c09aa974582cc005ed0a7619d575aaceefc62b,c9b0708b91280b02,true
210,bios.bin,35,current,cold,0.26750937500037253,1,26,0,0,25,0,0.25,240000000,12000000000,5b31ae7e18876c5ee982f86eae4c6b728429a9ba98c296c88e34f9cfd410683d,5f146652326fa4a639d81d4626c09aa974582cc005ed0a7619d575aaceefc62b,c9b0708b91280b02,true
211,bios.bin,35,current,source,0.16214006720110774,0,13,1,1,13,0,0.13,120000000,6000000000,fa10cd2c6db57102da6c0f1006d8833c023f13823e8ab83326ea82edc2109a79,c74f2de58befea01c01f629198397a73cb9426ca37551792a668902b1bfec738,9eb25b2e48940501,true
212,bios.bin,35,current,restored,0.7513929961714894,1,68,0,2,67,2,0.6900000000000001,240000000,12000000000,5b31ae7e18876c5ee982f86eae4c6b728429a9ba98c296c88e34f9cfd410683d,5f146652326fa4a639d81d4626c09aa974582cc005ed0a7619d575aaceefc62b,c9b0708b91280b02,true
213,bios.bin,35,baseline,cold,0.2705619060434401,1,26,0,1,25,1,0.26,240000000,12000000000,5b31ae7e18876c5ee982f86eae4c6b728429a9ba98c296c88e34f9cfd410683d,5f146652326fa4a639d81d4626c09aa974582cc005ed0a7619d575aaceefc62b,c9b0708b91280b02,true
214,bios.bin,35,baseline,source,0.1336854468099773,0,13,0,1,13,1,0.14,120000000,6000000000,fa10cd2c6db57102da6c0f1006d8833c023f13823e8ab83326ea82edc2109a79,c74f2de58befea01c01f629198397a73cb9426ca37551792a668902b1bfec738,9eb25b2e48940501,true
215,bios.bin,35,baseline,restored,0.7310371450148523,0,69,1,2,69,1,0.7,240000000,12000000000,5b31ae7e18876c5ee982f86eae4c6b728429a9ba98c296c88e34f9cfd410683d,5f146652326fa4a639d81d4626c09aa974582cc005ed0a7619d575aaceefc62b,c9b0708b91280b02,true
216,bios.bin,36,baseline,cold,0.3695143561344594,1,26,0,0,25,0,0.25,240000000,12000000000,5b31ae7e18876c5ee982f86eae4c6b728429a9ba98c296c88e34f9cfd410683d,5f146652326fa4a639d81d4626c09aa974582cc005ed0a7619d575aaceefc62b,c9b0708b91280b02,true
217,bios.bin,36,baseline,source,0.1526052188128233,0,13,0,0,13,0,0.13,120000000,6000000000,fa10cd2c6db57102da6c0f1006d8833c023f13823e8ab83326ea82edc2109a79,c74f2de58befea01c01f629198397a73cb9426ca37551792a668902b1bfec738,9eb25b2e48940501,true
218,bios.bin,36,baseline,restored,0.7794862510636449,1,72,0,1,71,1,0.72,240000000,12000000000,5b31ae7e18876c5ee982f86eae4c6b728429a9ba98c296c88e34f9cfd410683d,5f146652326fa4a639d81d4626c09aa974582cc005ed0a7619d575aaceefc62b,c9b0708b91280b02,true
219,bios.bin,36,current,cold,0.26601104508154094,0,25,0,0,25,0,0.25,240000000,12000000000,5b31ae7e18876c5ee982f86eae4c6b728429a9ba98c296c88e34f9cfd410683d,5f146652326fa4a639d81d4626c09aa974582cc005ed0a7619d575aaceefc62b,c9b0708b91280b02,true
220,bios.bin,36,current,source,0.18149826885201037,0,13,0,0,13,0,0.13,120000000,6000000000,fa10cd2c6db57102da6c0f1006d8833c023f13823e8ab83326ea82edc2109a79,c74f2de58befea01c01f629198397a73cb9426ca37551792a668902b1bfec738,9eb25b2e48940501,true
221,bios.bin,36,current,restored,0.7206909309606999,1,69,0,1,68,1,0.69,240000000,12000000000,5b31ae7e18876c5ee982f86eae4c6b728429a9ba98c296c88e34f9cfd410683d,5f146652326fa4a639d81d4626c09aa974582cc005ed0a7619d575aaceefc62b,c9b0708b91280b02,true
222,bios.bin,37,current,cold,0.3260130879934877,0,25,0,0,25,0,0.25,240000000,12000000000,5b31ae7e18876c5ee982f86eae4c6b728429a9ba98c296c88e34f9cfd410683d,5f146652326fa4a639d81d4626c09aa974582cc005ed0a7619d575aaceefc62b,c9b0708b91280b02,true
223,bios.bin,37,current,source,0.13470355584286153,0,13,0,0,13,0,0.13,120000000,6000000000,fa10cd2c6db57102da6c0f1006d8833c023f13823e8ab83326ea82edc2109a79,c74f2de58befea01c01f629198397a73cb9426ca37551792a668902b1bfec738,9eb25b2e48940501,true
224,bios.bin,37,current,restored,0.7203330229967833,0,68,0,1,68,1,0.6900000000000001,240000000,12000000000,5b31ae7e18876c5ee982f86eae4c6b728429a9ba98c296c88e34f9cfd410683d,5f146652326fa4a639d81d4626c09aa974582cc005ed0a7619d575aaceefc62b,c9b0708b91280b02,true
225,bios.bin,37,baseline,cold,0.26360175712034106,1,26,0,0,25,0,0.25,240000000,12000000000,5b31ae7e18876c5ee982f86eae4c6b728429a9ba98c296c88e34f9cfd410683d,5f146652326fa4a639d81d4626c09aa974582cc005ed0a7619d575aaceefc62b,c9b0708b91280b02,true
226,bios.bin,37,baseline,source,0.1386341939214617,1,13,0,1,12,1,0.13,120000000,6000000000,fa10cd2c6db57102da6c0f1006d8833c023f13823e8ab83326ea82edc2109a79,c74f2de58befea01c01f629198397a73cb9426ca37551792a668902b1bfec738,9eb25b2e48940501,true
227,bios.bin,37,baseline,restored,0.7709838019218296,0,69,0,1,69,1,0.7,240000000,12000000000,5b31ae7e18876c5ee982f86eae4c6b728429a9ba98c296c88e34f9cfd410683d,5f146652326fa4a639d81d4626c09aa974582cc005ed0a7619d575aaceefc62b,c9b0708b91280b02,true
228,bios.bin,38,baseline,cold,0.28555742115713656,1,25,0,0,24,0,0.24,240000000,12000000000,5b31ae7e18876c5ee982f86eae4c6b728429a9ba98c296c88e34f9cfd410683d,5f146652326fa4a639d81d4626c09aa974582cc005ed0a7619d575aaceefc62b,c9b0708b91280b02,true
229,bios.bin,38,baseline,source,0.1322148870676756,0,13,1,1,13,0,0.13,120000000,6000000000,fa10cd2c6db57102da6c0f1006d8833c023f13823e8ab83326ea82edc2109a79,c74f2de58befea01c01f629198397a73cb9426ca37551792a668902b1bfec738,9eb25b2e48940501,true
230,bios.bin,38,baseline,restored,0.7439517688471824,0,70,0,2,70,2,0.72,240000000,12000000000,5b31ae7e18876c5ee982f86eae4c6b728429a9ba98c296c88e34f9cfd410683d,5f146652326fa4a639d81d4626c09aa974582cc005ed0a7619d575aaceefc62b,c9b0708b91280b02,true
231,bios.bin,38,current,cold,0.2664902941323817,1,26,0,0,25,0,0.25,240000000,12000000000,5b31ae7e18876c5ee982f86eae4c6b728429a9ba98c296c88e34f9cfd410683d,5f146652326fa4a639d81d4626c09aa974582cc005ed0a7619d575aaceefc62b,c9b0708b91280b02,true
232,bios.bin,38,current,source,0.13390015996992588,0,13,0,0,13,0,0.13,120000000,6000000000,fa10cd2c6db57102da6c0f1006d8833c023f13823e8ab83326ea82edc2109a79,c74f2de58befea01c01f629198397a73cb9426ca37551792a668902b1bfec738,9eb25b2e48940501,true
233,bios.bin,38,current,restored,0.7234035530127585,0,69,0,1,69,1,0.7,240000000,12000000000,5b31ae7e18876c5ee982f86eae4c6b728429a9ba98c296c88e34f9cfd410683d,5f146652326fa4a639d81d4626c09aa974582cc005ed0a7619d575aaceefc62b,c9b0708b91280b02,true
234,bios.bin,39,current,cold,0.26631316100247204,0,26,0,1,26,1,0.27,240000000,12000000000,5b31ae7e18876c5ee982f86eae4c6b728429a9ba98c296c88e34f9cfd410683d,5f146652326fa4a639d81d4626c09aa974582cc005ed0a7619d575aaceefc62b,c9b0708b91280b02,true
235,bios.bin,39,current,source,0.13537666900083423,0,13,0,1,13,1,0.14,120000000,6000000000,fa10cd2c6db57102da6c0f1006d8833c023f13823e8ab83326ea82edc2109a79,c74f2de58befea01c01f629198397a73cb9426ca37551792a668902b1bfec738,9eb25b2e48940501,true
236,bios.bin,39,current,restored,0.7774166779126972,1,69,0,2,68,2,0.7,240000000,12000000000,5b31ae7e18876c5ee982f86eae4c6b728429a9ba98c296c88e34f9cfd410683d,5f146652326fa4a639d81d4626c09aa974582cc005ed0a7619d575aaceefc62b,c9b0708b91280b02,true
237,bios.bin,39,baseline,cold,0.30871184705756605,1,26,0,0,25,0,0.25,240000000,12000000000,5b31ae7e18876c5ee982f86eae4c6b728429a9ba98c296c88e34f9cfd410683d,5f146652326fa4a639d81d4626c09aa974582cc005ed0a7619d575aaceefc62b,c9b0708b91280b02,true
238,bios.bin,39,baseline,source,0.13210718496702611,1,13,0,0,12,0,0.12000000000000001,120000000,6000000000,fa10cd2c6db57102da6c0f1006d8833c023f13823e8ab83326ea82edc2109a79,c74f2de58befea01c01f629198397a73cb9426ca37551792a668902b1bfec738,9eb25b2e48940501,true
239,bios.bin,39,baseline,restored,0.7190840980038047,1,68,0,1,67,1,0.68,240000000,12000000000,5b31ae7e18876c5ee982f86eae4c6b728429a9ba98c296c88e34f9cfd410683d,5f146652326fa4a639d81d4626c09aa974582cc005ed0a7619d575aaceefc62b,c9b0708b91280b02,true
240,io-bios.bin,0,baseline,cold,3.4842006338294595,1,318,0,3,317,3,3.2,240000000,12000000000,e51221b6ead7c35cf4ff46b7359a2a5057b20f4ad0bdc77638154f3076f25ba0,8740891986fb94b94edd67a3872dc217118cb8291d306773d7a2609bb78ad2a8,2e3becee7fc3c901,true
241,io-bios.bin,0,baseline,source,1.735170734114945,1,159,0,2,158,2,1.6,120000000,6000000000,d3296e1dd18e5f21ef4ff94170c959566bcbdc896294097a5d294fe8105d2068,50d12de34f556ff22a3873f3fef4562ec09e43155895e81284395e45d3c0761a,cc4fdcf9bfe1e400,true
242,io-bios.bin,0,baseline,restored,2.7673388889525086,1,260,0,4,259,4,2.6300000000000003,240000000,12000000000,e51221b6ead7c35cf4ff46b7359a2a5057b20f4ad0bdc77638154f3076f25ba0,8740891986fb94b94edd67a3872dc217118cb8291d306773d7a2609bb78ad2a8,2e3becee7fc3c901,true
243,io-bios.bin,0,current,cold,3.4980291621759534,1,319,0,4,318,4,3.22,240000000,12000000000,e51221b6ead7c35cf4ff46b7359a2a5057b20f4ad0bdc77638154f3076f25ba0,8740891986fb94b94edd67a3872dc217118cb8291d306773d7a2609bb78ad2a8,2e3becee7fc3c901,true
244,io-bios.bin,0,current,source,1.7411059839650989,0,159,0,3,159,3,1.62,120000000,6000000000,d3296e1dd18e5f21ef4ff94170c959566bcbdc896294097a5d294fe8105d2068,50d12de34f556ff22a3873f3fef4562ec09e43155895e81284395e45d3c0761a,cc4fdcf9bfe1e400,true
245,io-bios.bin,0,current,restored,2.8014905410818756,1,258,0,4,257,4,2.6100000000000003,240000000,12000000000,e51221b6ead7c35cf4ff46b7359a2a5057b20f4ad0bdc77638154f3076f25ba0,8740891986fb94b94edd67a3872dc217118cb8291d306773d7a2609bb78ad2a8,2e3becee7fc3c901,true
246,io-bios.bin,1,current,cold,3.431854932103306,1,320,0,3,319,3,3.22,240000000,12000000000,e51221b6ead7c35cf4ff46b7359a2a5057b20f4ad0bdc77638154f3076f25ba0,8740891986fb94b94edd67a3872dc217118cb8291d306773d7a2609bb78ad2a8,2e3becee7fc3c901,true
247,io-bios.bin,1,current,source,1.683142518857494,1,160,0,2,159,2,1.61,120000000,6000000000,d3296e1dd18e5f21ef4ff94170c959566bcbdc896294097a5d294fe8105d2068,50d12de34f556ff22a3873f3fef4562ec09e43155895e81284395e45d3c0761a,cc4fdcf9bfe1e400,true
248,io-bios.bin,1,current,restored,2.7441228351090103,1,259,0,3,258,3,2.61,240000000,12000000000,e51221b6ead7c35cf4ff46b7359a2a5057b20f4ad0bdc77638154f3076f25ba0,8740891986fb94b94edd67a3872dc217118cb8291d306773d7a2609bb78ad2a8,2e3becee7fc3c901,true
249,io-bios.bin,1,baseline,cold,3.402556856861338,0,316,0,5,316,5,3.21,240000000,12000000000,e51221b6ead7c35cf4ff46b7359a2a5057b20f4ad0bdc77638154f3076f25ba0,8740891986fb94b94edd67a3872dc217118cb8291d306773d7a2609bb78ad2a8,2e3becee7fc3c901,true
250,io-bios.bin,1,baseline,source,1.6754454039037228,0,159,1,2,159,1,1.6,120000000,6000000000,d3296e1dd18e5f21ef4ff94170c959566bcbdc896294097a5d294fe8105d2068,50d12de34f556ff22a3873f3fef4562ec09e43155895e81284395e45d3c0761a,cc4fdcf9bfe1e400,true
251,io-bios.bin,1,baseline,restored,2.8418780060019344,1,265,0,4,264,4,2.68,240000000,12000000000,e51221b6ead7c35cf4ff46b7359a2a5057b20f4ad0bdc77638154f3076f25ba0,8740891986fb94b94edd67a3872dc217118cb8291d306773d7a2609bb78ad2a8,2e3becee7fc3c901,true
252,io-bios.bin,2,baseline,cold,3.4072810248471797,0,321,0,4,321,4,3.25,240000000,12000000000,e51221b6ead7c35cf4ff46b7359a2a5057b20f4ad0bdc77638154f3076f25ba0,8740891986fb94b94edd67a3872dc217118cb8291d306773d7a2609bb78ad2a8,2e3becee7fc3c901,true
253,io-bios.bin,2,baseline,source,1.7246879909653217,0,161,0,3,161,3,1.6400000000000001,120000000,6000000000,d3296e1dd18e5f21ef4ff94170c959566bcbdc896294097a5d294fe8105d2068,50d12de34f556ff22a3873f3fef4562ec09e43155895e81284395e45d3c0761a,cc4fdcf9bfe1e400,true
254,io-bios.bin,2,baseline,restored,2.7462675769347697,1,260,0,3,259,3,2.62,240000000,12000000000,e51221b6ead7c35cf4ff46b7359a2a5057b20f4ad0bdc77638154f3076f25ba0,8740891986fb94b94edd67a3872dc217118cb8291d306773d7a2609bb78ad2a8,2e3becee7fc3c901,true
255,io-bios.bin,2,current,cold,3.427253982052207,1,319,0,4,318,4,3.22,240000000,12000000000,e51221b6ead7c35cf4ff46b7359a2a5057b20f4ad0bdc77638154f3076f25ba0,8740891986fb94b94edd67a3872dc217118cb8291d306773d7a2609bb78ad2a8,2e3becee7fc3c901,true
256,io-bios.bin,2,current,source,1.6993132079951465,0,160,0,2,160,2,1.62,120000000,6000000000,d3296e1dd18e5f21ef4ff94170c959566bcbdc896294097a5d294fe8105d2068,50d12de34f556ff22a3873f3fef4562ec09e43155895e81284395e45d3c0761a,cc4fdcf9bfe1e400,true
257,io-bios.bin,2,current,restored,2.789476662874222,1,261,0,4,260,4,2.64,240000000,12000000000,e51221b6ead7c35cf4ff46b7359a2a5057b20f4ad0bdc77638154f3076f25ba0,8740891986fb94b94edd67a3872dc217118cb8291d306773d7a2609bb78ad2a8,2e3becee7fc3c901,true
258,io-bios.bin,3,current,cold,3.3569063199684024,1,320,0,3,319,3,3.22,240000000,12000000000,e51221b6ead7c35cf4ff46b7359a2a5057b20f4ad0bdc77638154f3076f25ba0,8740891986fb94b94edd67a3872dc217118cb8291d306773d7a2609bb78ad2a8,2e3becee7fc3c901,true
259,io-bios.bin,3,current,source,1.7202508468180895,1,162,6,6,161,0,1.61,120000000,6000000000,d3296e1dd18e5f21ef4ff94170c959566bcbdc896294097a5d294fe8105d2068,50d12de34f556ff22a3873f3fef4562ec09e43155895e81284395e45d3c0761a,cc4fdcf9bfe1e400,true
260,io-bios.bin,3,current,restored,2.723630091873929,1,259,0,3,258,3,2.61,240000000,12000000000,e51221b6ead7c35cf4ff46b7359a2a5057b20f4ad0bdc77638154f3076f25ba0,8740891986fb94b94edd67a3872dc217118cb8291d306773d7a2609bb78ad2a8,2e3becee7fc3c901,true
261,io-bios.bin,3,baseline,cold,3.417032598052174,0,318,0,4,318,4,3.22,240000000,12000000000,e51221b6ead7c35cf4ff46b7359a2a5057b20f4ad0bdc77638154f3076f25ba0,8740891986fb94b94edd67a3872dc217118cb8291d306773d7a2609bb78ad2a8,2e3becee7fc3c901,true
262,io-bios.bin,3,baseline,source,1.7823255669791251,1,166,0,3,165,3,1.68,120000000,6000000000,d3296e1dd18e5f21ef4ff94170c959566bcbdc896294097a5d294fe8105d2068,50d12de34f556ff22a3873f3fef4562ec09e43155895e81284395e45d3c0761a,cc4fdcf9bfe1e400,true
263,io-bios.bin,3,baseline,restored,2.8312145660165697,1,259,0,3,258,3,2.61,240000000,12000000000,e51221b6ead7c35cf4ff46b7359a2a5057b20f4ad0bdc77638154f3076f25ba0,8740891986fb94b94edd67a3872dc217118cb8291d306773d7a2609bb78ad2a8,2e3becee7fc3c901,true
264,io-bios.bin,4,baseline,cold,3.427025569137186,0,319,1,4,319,3,3.2199999999999998,240000000,12000000000,e51221b6ead7c35cf4ff46b7359a2a5057b20f4ad0bdc77638154f3076f25ba0,8740891986fb94b94edd67a3872dc217118cb8291d306773d7a2609bb78ad2a8,2e3becee7fc3c901,true
265,io-bios.bin,4,baseline,source,1.6884494349360466,1,159,0,2,158,2,1.6,120000000,6000000000,d3296e1dd18e5f21ef4ff94170c959566bcbdc896294097a5d294fe8105d2068,50d12de34f556ff22a3873f3fef4562ec09e43155895e81284395e45d3c0761a,cc4fdcf9bfe1e400,true
266,io-bios.bin,4,baseline,restored,2.8109776019118726,0,256,1,5,256,4,2.6,240000000,12000000000,e51221b6ead7c35cf4ff46b7359a2a5057b20f4ad0bdc77638154f3076f25ba0,8740891986fb94b94edd67a3872dc217118cb8291d306773d7a2609bb78ad2a8,2e3becee7fc3c901,true
267,io-bios.bin,4,current,cold,3.393603984033689,1,319,0,4,318,4,3.22,240000000,12000000000,e51221b6ead7c35cf4ff46b7359a2a5057b20f4ad0bdc77638154f3076f25ba0,8740891986fb94b94edd67a3872dc217118cb8291d306773d7a2609bb78ad2a8,2e3becee7fc3c901,true
268,io-bios.bin,4,current,source,1.681893683038652,0,160,0,2,160,2,1.62,120000000,6000000000,d3296e1dd18e5f21ef4ff94170c959566bcbdc896294097a5d294fe8105d2068,50d12de34f556ff22a3873f3fef4562ec09e43155895e81284395e45d3c0761a,cc4fdcf9bfe1e400,true
269,io-bios.bin,4,current,restored,2.7474992668721825,1,259,1,4,258,3,2.61,240000000,12000000000,e51221b6ead7c35cf4ff46b7359a2a5057b20f4ad0bdc77638154f3076f25ba0,8740891986fb94b94edd67a3872dc217118cb8291d306773d7a2609bb78ad2a8,2e3becee7fc3c901,true
270,io-bios.bin,5,current,cold,3.3725831548217684,1,318,0,4,317,4,3.2100000000000004,240000000,12000000000,e51221b6ead7c35cf4ff46b7359a2a5057b20f4ad0bdc77638154f3076f25ba0,8740891986fb94b94edd67a3872dc217118cb8291d306773d7a2609bb78ad2a8,2e3becee7fc3c901,true
271,io-bios.bin,5,current,source,1.6858910589944571,1,159,0,2,158,2,1.6,120000000,6000000000,d3296e1dd18e5f21ef4ff94170c959566bcbdc896294097a5d294fe8105d2068,50d12de34f556ff22a3873f3fef4562ec09e43155895e81284395e45d3c0761a,cc4fdcf9bfe1e400,true
272,io-bios.bin,5,current,restored,2.718999481992796,1,260,0,2,259,2,2.6100000000000003,240000000,12000000000,e51221b6ead7c35cf4ff46b7359a2a5057b20f4ad0bdc77638154f3076f25ba0,8740891986fb94b94edd67a3872dc217118cb8291d306773d7a2609bb78ad2a8,2e3becee7fc3c901,true
273,io-bios.bin,5,baseline,cold,3.532368465093896,1,325,0,5,324,5,3.29,240000000,12000000000,e51221b6ead7c35cf4ff46b7359a2a5057b20f4ad0bdc77638154f3076f25ba0,8740891986fb94b94edd67a3872dc217118cb8291d306773d7a2609bb78ad2a8,2e3becee7fc3c901,true
274,io-bios.bin,5,baseline,source,1.7234686948359013,1,164,0,2,163,2,1.65,120000000,6000000000,d3296e1dd18e5f21ef4ff94170c959566bcbdc896294097a5d294fe8105d2068,50d12de34f556ff22a3873f3fef4562ec09e43155895e81284395e45d3c0761a,cc4fdcf9bfe1e400,true
275,io-bios.bin,5,baseline,restored,2.892427952028811,1,273,0,4,272,4,2.7600000000000002,240000000,12000000000,e51221b6ead7c35cf4ff46b7359a2a5057b20f4ad0bdc77638154f3076f25ba0,8740891986fb94b94edd67a3872dc217118cb8291d306773d7a2609bb78ad2a8,2e3becee7fc3c901,true
276,io-bios.bin,6,baseline,cold,3.4849940771237016,0,318,0,5,318,5,3.23,240000000,12000000000,e51221b6ead7c35cf4ff46b7359a2a5057b20f4ad0bdc77638154f3076f25ba0,8740891986fb94b94edd67a3872dc217118cb8291d306773d7a2609bb78ad2a8,2e3becee7fc3c901,true
277,io-bios.bin,6,baseline,source,1.707928905962035,0,159,0,3,159,3,1.62,120000000,6000000000,d3296e1dd18e5f21ef4ff94170c959566bcbdc896294097a5d294fe8105d2068,50d12de34f556ff22a3873f3fef4562ec09e43155895e81284395e45d3c0761a,cc4fdcf9bfe1e400,true
278,io-bios.bin,6,baseline,restored,2.766736752120778,0,257,1,4,257,3,2.5999999999999996,240000000,12000000000,e51221b6ead7c35cf4ff46b7359a2a5057b20f4ad0bdc77638154f3076f25ba0,8740891986fb94b94edd67a3872dc217118cb8291d306773d7a2609bb78ad2a8,2e3becee7fc3c901,true
279,io-bios.bin,6,current,cold,3.4369879260193557,1,323,0,4,322,4,3.2600000000000002,240000000,12000000000,e51221b6ead7c35cf4ff46b7359a2a5057b20f4ad0bdc77638154f3076f25ba0,8740891986fb94b94edd67a3872dc217118cb8291d306773d7a2609bb78ad2a8,2e3becee7fc3c901,true
280,io-bios.bin,6,current,source,1.7234005089849234,0,161,0,2,161,2,1.6300000000000001,120000000,6000000000,d3296e1dd18e5f21ef4ff94170c959566bcbdc896294097a5d294fe8105d2068,50d12de34f556ff22a3873f3fef4562ec09e43155895e81284395e45d3c0761a,cc4fdcf9bfe1e400,true
281,io-bios.bin,6,current,restored,2.768568004015833,1,259,0,3,258,3,2.61,240000000,12000000000,e51221b6ead7c35cf4ff46b7359a2a5057b20f4ad0bdc77638154f3076f25ba0,8740891986fb94b94edd67a3872dc217118cb8291d306773d7a2609bb78ad2a8,2e3becee7fc3c901,true
282,io-bios.bin,7,current,cold,3.3861150490120053,0,319,1,3,319,2,3.21,240000000,12000000000,e51221b6ead7c35cf4ff46b7359a2a5057b20f4ad0bdc77638154f3076f25ba0,8740891986fb94b94edd67a3872dc217118cb8291d306773d7a2609bb78ad2a8,2e3becee7fc3c901,true
283,io-bios.bin,7,current,source,1.6920990489888936,1,161,0,2,160,2,1.62,120000000,6000000000,d3296e1dd18e5f21ef4ff94170c959566bcbdc896294097a5d294fe8105d2068,50d12de34f556ff22a3873f3fef4562ec09e43155895e81284395e45d3c0761a,cc4fdcf9bfe1e400,true
284,io-bios.bin,7,current,restored,2.788126803934574,1,265,0,3,264,3,2.67,240000000,12000000000,e51221b6ead7c35cf4ff46b7359a2a5057b20f4ad0bdc77638154f3076f25ba0,8740891986fb94b94edd67a3872dc217118cb8291d306773d7a2609bb78ad2a8,2e3becee7fc3c901,true
285,io-bios.bin,7,baseline,cold,3.5254297361243516,0,321,0,3,321,3,3.2399999999999998,240000000,12000000000,e51221b6ead7c35cf4ff46b7359a2a5057b20f4ad0bdc77638154f3076f25ba0,8740891986fb94b94edd67a3872dc217118cb8291d306773d7a2609bb78ad2a8,2e3becee7fc3c901,true
286,io-bios.bin,7,baseline,source,1.7227836509700865,0,159,1,3,159,2,1.61,120000000,6000000000,d3296e1dd18e5f21ef4ff94170c959566bcbdc896294097a5d294fe8105d2068,50d12de34f556ff22a3873f3fef4562ec09e43155895e81284395e45d3c0761a,cc4fdcf9bfe1e400,true
287,io-bios.bin,7,baseline,restored,2.7729023098945618,1,262,0,4,261,4,2.6500000000000004,240000000,12000000000,e51221b6ead7c35cf4ff46b7359a2a5057b20f4ad0bdc77638154f3076f25ba0,8740891986fb94b94edd67a3872dc217118cb8291d306773d7a2609bb78ad2a8,2e3becee7fc3c901,true
288,io-bios.bin,8,baseline,cold,3.420055957045406,0,318,0,4,318,4,3.22,240000000,12000000000,e51221b6ead7c35cf4ff46b7359a2a5057b20f4ad0bdc77638154f3076f25ba0,8740891986fb94b94edd67a3872dc217118cb8291d306773d7a2609bb78ad2a8,2e3becee7fc3c901,true
289,io-bios.bin,8,baseline,source,1.7019249580334872,0,161,0,2,161,2,1.6300000000000001,120000000,6000000000,d3296e1dd18e5f21ef4ff94170c959566bcbdc896294097a5d294fe8105d2068,50d12de34f556ff22a3873f3fef4562ec09e43155895e81284395e45d3c0761a,cc4fdcf9bfe1e400,true
290,io-bios.bin,8,baseline,restored,2.8384184350725263,1,258,0,3,257,3,2.6,240000000,12000000000,e51221b6ead7c35cf4ff46b7359a2a5057b20f4ad0bdc77638154f3076f25ba0,8740891986fb94b94edd67a3872dc217118cb8291d306773d7a2609bb78ad2a8,2e3becee7fc3c901,true
291,io-bios.bin,8,current,cold,3.532218808075413,1,320,0,4,319,4,3.2300000000000004,240000000,12000000000,e51221b6ead7c35cf4ff46b7359a2a5057b20f4ad0bdc77638154f3076f25ba0,8740891986fb94b94edd67a3872dc217118cb8291d306773d7a2609bb78ad2a8,2e3becee7fc3c901,true
292,io-bios.bin,8,current,source,1.729195951949805,0,160,0,2,160,2,1.62,120000000,6000000000,d3296e1dd18e5f21ef4ff94170c959566bcbdc896294097a5d294fe8105d2068,50d12de34f556ff22a3873f3fef4562ec09e43155895e81284395e45d3c0761a,cc4fdcf9bfe1e400,true
293,io-bios.bin,8,current,restored,2.855664870934561,1,264,0,4,263,4,2.6700000000000004,240000000,12000000000,e51221b6ead7c35cf4ff46b7359a2a5057b20f4ad0bdc77638154f3076f25ba0,8740891986fb94b94edd67a3872dc217118cb8291d306773d7a2609bb78ad2a8,2e3becee7fc3c901,true
294,io-bios.bin,9,current,cold,3.5428294220473617,0,318,0,5,318,5,3.23,240000000,12000000000,e51221b6ead7c35cf4ff46b7359a2a5057b20f4ad0bdc77638154f3076f25ba0,8740891986fb94b94edd67a3872dc217118cb8291d306773d7a2609bb78ad2a8,2e3becee7fc3c901,true
295,io-bios.bin,9,current,source,1.744380118092522,0,160,0,2,160,2,1.62,120000000,6000000000,d3296e1dd18e5f21ef4ff94170c959566bcbdc896294097a5d294fe8105d2068,50d12de34f556ff22a3873f3fef4562ec09e43155895e81284395e45d3c0761a,cc4fdcf9bfe1e400,true
296,io-bios.bin,9,current,restored,2.758516784058884,0,258,0,3,258,3,2.61,240000000,12000000000,e51221b6ead7c35cf4ff46b7359a2a5057b20f4ad0bdc77638154f3076f25ba0,8740891986fb94b94edd67a3872dc217118cb8291d306773d7a2609bb78ad2a8,2e3becee7fc3c901,true
297,io-bios.bin,9,baseline,cold,3.348260937957093,1,317,0,3,316,3,3.19,240000000,12000000000,e51221b6ead7c35cf4ff46b7359a2a5057b20f4ad0bdc77638154f3076f25ba0,8740891986fb94b94edd67a3872dc217118cb8291d306773d7a2609bb78ad2a8,2e3becee7fc3c901,true
298,io-bios.bin,9,baseline,source,1.6624064219649881,1,159,0,1,158,1,1.59,120000000,6000000000,d3296e1dd18e5f21ef4ff94170c959566bcbdc896294097a5d294fe8105d2068,50d12de34f556ff22a3873f3fef4562ec09e43155895e81284395e45d3c0761a,cc4fdcf9bfe1e400,true
299,io-bios.bin,9,baseline,restored,2.867523445049301,0,259,1,3,259,2,2.61,240000000,12000000000,e51221b6ead7c35cf4ff46b7359a2a5057b20f4ad0bdc77638154f3076f25ba0,8740891986fb94b94edd67a3872dc217118cb8291d306773d7a2609bb78ad2a8,2e3becee7fc3c901,true
300,io-bios.bin,10,baseline,cold,3.4369294778443873,0,317,1,3,317,2,3.19,240000000,12000000000,e51221b6ead7c35cf4ff46b7359a2a5057b20f4ad0bdc77638154f3076f25ba0,8740891986fb94b94edd67a3872dc217118cb8291d306773d7a2609bb78ad2a8,2e3becee7fc3c901,true
301,io-bios.bin,10,baseline,source,1.6875082040205598,0,159,0,1,159,1,1.6,120000000,6000000000,d3296e1dd18e5f21ef4ff94170c959566bcbdc896294097a5d294fe8105d2068,50d12de34f556ff22a3873f3fef4562ec09e43155895e81284395e45d3c0761a,cc4fdcf9bfe1e400,true
302,io-bios.bin,10,baseline,restored,2.733260959153995,0,257,1,3,257,2,2.59,240000000,12000000000,e51221b6ead7c35cf4ff46b7359a2a5057b20f4ad0bdc77638154f3076f25ba0,8740891986fb94b94edd67a3872dc217118cb8291d306773d7a2609bb78ad2a8,2e3becee7fc3c901,true
303,io-bios.bin,10,current,cold,3.3877214048989117,0,319,0,3,319,3,3.2199999999999998,240000000,12000000000,e51221b6ead7c35cf4ff46b7359a2a5057b20f4ad0bdc77638154f3076f25ba0,8740891986fb94b94edd67a3872dc217118cb8291d306773d7a2609bb78ad2a8,2e3becee7fc3c901,true
304,io-bios.bin,10,current,source,1.7271064000669867,0,160,0,2,160,2,1.62,120000000,6000000000,d3296e1dd18e5f21ef4ff94170c959566bcbdc896294097a5d294fe8105d2068,50d12de34f556ff22a3873f3fef4562ec09e43155895e81284395e45d3c0761a,cc4fdcf9bfe1e400,true
305,io-bios.bin,10,current,restored,2.7263861109968275,1,258,1,4,257,3,2.6,240000000,12000000000,e51221b6ead7c35cf4ff46b7359a2a5057b20f4ad0bdc77638154f3076f25ba0,8740891986fb94b94edd67a3872dc217118cb8291d306773d7a2609bb78ad2a8,2e3becee7fc3c901,true
306,io-bios.bin,11,current,cold,3.361437882995233,0,319,0,3,319,3,3.2199999999999998,240000000,12000000000,e51221b6ead7c35cf4ff46b7359a2a5057b20f4ad0bdc77638154f3076f25ba0,8740891986fb94b94edd67a3872dc217118cb8291d306773d7a2609bb78ad2a8,2e3becee7fc3c901,true
307,io-bios.bin,11,current,source,1.6868223561905324,0,159,0,2,159,2,1.61,120000000,6000000000,d3296e1dd18e5f21ef4ff94170c959566bcbdc896294097a5d294fe8105d2068,50d12de34f556ff22a3873f3fef4562ec09e43155895e81284395e45d3c0761a,cc4fdcf9bfe1e400,true
308,io-bios.bin,11,current,restored,2.7755997341591865,0,258,0,5,258,5,2.63,240000000,12000000000,e51221b6ead7c35cf4ff46b7359a2a5057b20f4ad0bdc77638154f3076f25ba0,8740891986fb94b94edd67a3872dc217118cb8291d306773d7a2609bb78ad2a8,2e3becee7fc3c901,true
309,io-bios.bin,11,baseline,cold,3.359678672859445,0,316,0,4,316,4,3.2,240000000,12000000000,e51221b6ead7c35cf4ff46b7359a2a5057b20f4ad0bdc77638154f3076f25ba0,8740891986fb94b94edd67a3872dc217118cb8291d306773d7a2609bb78ad2a8,2e3becee7fc3c901,true
310,io-bios.bin,11,baseline,source,1.6749819610267878,0,159,0,2,159,2,1.61,120000000,6000000000,d3296e1dd18e5f21ef4ff94170c959566bcbdc896294097a5d294fe8105d2068,50d12de34f556ff22a3873f3fef4562ec09e43155895e81284395e45d3c0761a,cc4fdcf9bfe1e400,true
311,io-bios.bin,11,baseline,restored,2.807957448065281,1,257,0,3,256,3,2.59,240000000,12000000000,e51221b6ead7c35cf4ff46b7359a2a5057b20f4ad0bdc77638154f3076f25ba0,8740891986fb94b94edd67a3872dc217118cb8291d306773d7a2609bb78ad2a8,2e3becee7fc3c901,true
312,io-bios.bin,12,baseline,cold,3.442159062018618,0,317,0,3,317,3,3.1999999999999997,240000000,12000000000,e51221b6ead7c35cf4ff46b7359a2a5057b20f4ad0bdc77638154f3076f25ba0,8740891986fb94b94edd67a3872dc217118cb8291d306773d7a2609bb78ad2a8,2e3becee7fc3c901,true
313,io-bios.bin,12,baseline,source,1.7406749508809298,0,164,1,3,164,2,1.66,120000000,6000000000,d3296e1dd18e5f21ef4ff94170c959566bcbdc896294097a5d294fe8105d2068,50d12de34f556ff22a3873f3fef4562ec09e43155895e81284395e45d3c0761a,cc4fdcf9bfe1e400,true
314,io-bios.bin,12,baseline,restored,2.775921802967787,0,259,0,3,259,3,2.6199999999999997,240000000,12000000000,e51221b6ead7c35cf4ff46b7359a2a5057b20f4ad0bdc77638154f3076f25ba0,8740891986fb94b94edd67a3872dc217118cb8291d306773d7a2609bb78ad2a8,2e3becee7fc3c901,true
315,io-bios.bin,12,current,cold,3.397319855168462,1,319,1,4,318,3,3.21,240000000,12000000000,e51221b6ead7c35cf4ff46b7359a2a5057b20f4ad0bdc77638154f3076f25ba0,8740891986fb94b94edd67a3872dc217118cb8291d306773d7a2609bb78ad2a8,2e3becee7fc3c901,true
316,io-bios.bin,12,current,source,1.6686982628889382,0,159,0,2,159,2,1.61,120000000,6000000000,d3296e1dd18e5f21ef4ff94170c959566bcbdc896294097a5d294fe8105d2068,50d12de34f556ff22a3873f3fef4562ec09e43155895e81284395e45d3c0761a,cc4fdcf9bfe1e400,true
317,io-bios.bin,12,current,restored,2.7507120531518012,1,261,0,3,260,3,2.63,240000000,12000000000,e51221b6ead7c35cf4ff46b7359a2a5057b20f4ad0bdc77638154f3076f25ba0,8740891986fb94b94edd67a3872dc217118cb8291d306773d7a2609bb78ad2a8,2e3becee7fc3c901,true
318,io-bios.bin,13,current,cold,3.3897991131525487,1,318,1,4,317,3,3.2,240000000,12000000000,e51221b6ead7c35cf4ff46b7359a2a5057b20f4ad0bdc77638154f3076f25ba0,8740891986fb94b94edd67a3872dc217118cb8291d306773d7a2609bb78ad2a8,2e3becee7fc3c901,true
319,io-bios.bin,13,current,source,1.681120835011825,0,160,0,1,160,1,1.61,120000000,6000000000,d3296e1dd18e5f21ef4ff94170c959566bcbdc896294097a5d294fe8105d2068,50d12de34f556ff22a3873f3fef4562ec09e43155895e81284395e45d3c0761a,cc4fdcf9bfe1e400,true
320,io-bios.bin,13,current,restored,2.8047266129869968,0,261,0,2,261,2,2.63,240000000,12000000000,e51221b6ead7c35cf4ff46b7359a2a5057b20f4ad0bdc77638154f3076f25ba0,8740891986fb94b94edd67a3872dc217118cb8291d306773d7a2609bb78ad2a8,2e3becee7fc3c901,true
321,io-bios.bin,13,baseline,cold,3.3263624501414597,0,317,0,3,317,3,3.1999999999999997,240000000,12000000000,e51221b6ead7c35cf4ff46b7359a2a5057b20f4ad0bdc77638154f3076f25ba0,8740891986fb94b94edd67a3872dc217118cb8291d306773d7a2609bb78ad2a8,2e3becee7fc3c901,true
322,io-bios.bin,13,baseline,source,1.7257823501713574,0,158,0,2,158,2,1.6,120000000,6000000000,d3296e1dd18e5f21ef4ff94170c959566bcbdc896294097a5d294fe8105d2068,50d12de34f556ff22a3873f3fef4562ec09e43155895e81284395e45d3c0761a,cc4fdcf9bfe1e400,true
323,io-bios.bin,13,baseline,restored,2.8186698930803686,1,265,1,4,264,3,2.67,240000000,12000000000,e51221b6ead7c35cf4ff46b7359a2a5057b20f4ad0bdc77638154f3076f25ba0,8740891986fb94b94edd67a3872dc217118cb8291d306773d7a2609bb78ad2a8,2e3becee7fc3c901,true
324,io-bios.bin,14,baseline,cold,3.3595015278551728,1,318,0,3,317,3,3.2,240000000,12000000000,e51221b6ead7c35cf4ff46b7359a2a5057b20f4ad0bdc77638154f3076f25ba0,8740891986fb94b94edd67a3872dc217118cb8291d306773d7a2609bb78ad2a8,2e3becee7fc3c901,true
325,io-bios.bin,14,baseline,source,1.6599231930449605,0,159,0,1,159,1,1.6,120000000,6000000000,d3296e1dd18e5f21ef4ff94170c959566bcbdc896294097a5d294fe8105d2068,50d12de34f556ff22a3873f3fef4562ec09e43155895e81284395e45d3c0761a,cc4fdcf9bfe1e400,true
326,io-bios.bin,14,baseline,restored,2.6916754320263863,1,258,0,2,257,2,2.5900000000000003,240000000,12000000000,e51221b6ead7c35cf4ff46b7359a2a5057b20f4ad0bdc77638154f3076f25ba0,8740891986fb94b94edd67a3872dc217118cb8291d306773d7a2609bb78ad2a8,2e3becee7fc3c901,true
327,io-bios.bin,14,current,cold,3.464141601929441,0,319,0,3,319,3,3.2199999999999998,240000000,12000000000,e51221b6ead7c35cf4ff46b7359a2a5057b20f4ad0bdc77638154f3076f25ba0,8740891986fb94b94edd67a3872dc217118cb8291d306773d7a2609bb78ad2a8,2e3becee7fc3c901,true
328,io-bios.bin,14,current,source,1.6912119470071048,0,161,0,2,161,2,1.6300000000000001,120000000,6000000000,d3296e1dd18e5f21ef4ff94170c959566bcbdc896294097a5d294fe8105d2068,50d12de34f556ff22a3873f3fef4562ec09e43155895e81284395e45d3c0761a,cc4fdcf9bfe1e400,true
329,io-bios.bin,14,current,restored,2.73645344004035,0,260,0,4,260,4,2.64,240000000,12000000000,e51221b6ead7c35cf4ff46b7359a2a5057b20f4ad0bdc77638154f3076f25ba0,8740891986fb94b94edd67a3872dc217118cb8291d306773d7a2609bb78ad2a8,2e3becee7fc3c901,true
330,io-bios.bin,15,current,cold,3.4673615698702633,0,319,1,4,319,3,3.2199999999999998,240000000,12000000000,e51221b6ead7c35cf4ff46b7359a2a5057b20f4ad0bdc77638154f3076f25ba0,8740891986fb94b94edd67a3872dc217118cb8291d306773d7a2609bb78ad2a8,2e3becee7fc3c901,true
331,io-bios.bin,15,current,source,1.7142734378576279,0,161,0,1,161,1,1.62,120000000,6000000000,d3296e1dd18e5f21ef4ff94170c959566bcbdc896294097a5d294fe8105d2068,50d12de34f556ff22a3873f3fef4562ec09e43155895e81284395e45d3c0761a,cc4fdcf9bfe1e400,true
332,io-bios.bin,15,current,restored,2.855852923821658,1,264,0,3,263,3,2.66,240000000,12000000000,e51221b6ead7c35cf4ff46b7359a2a5057b20f4ad0bdc77638154f3076f25ba0,8740891986fb94b94edd67a3872dc217118cb8291d306773d7a2609bb78ad2a8,2e3becee7fc3c901,true
333,io-bios.bin,15,baseline,cold,3.4445569578092545,0,318,1,5,318,4,3.22,240000000,12000000000,e51221b6ead7c35cf4ff46b7359a2a5057b20f4ad0bdc77638154f3076f25ba0,8740891986fb94b94edd67a3872dc217118cb8291d306773d7a2609bb78ad2a8,2e3becee7fc3c901,true
334,io-bios.bin,15,baseline,source,1.722618528874591,1,159,0,1,158,1,1.59,120000000,6000000000,d3296e1dd18e5f21ef4ff94170c959566bcbdc896294097a5d294fe8105d2068,50d12de34f556ff22a3873f3fef4562ec09e43155895e81284395e45d3c0761a,cc4fdcf9bfe1e400,true
335,io-bios.bin,15,baseline,restored,2.9139183319639415,0,270,0,4,270,4,2.74,240000000,12000000000,e51221b6ead7c35cf4ff46b7359a2a5057b20f4ad0bdc77638154f3076f25ba0,8740891986fb94b94edd67a3872dc217118cb8291d306773d7a2609bb78ad2a8,2e3becee7fc3c901,true
336,io-bios.bin,16,baseline,cold,3.43616505805403,0,319,0,3,319,3,3.2199999999999998,240000000,12000000000,e51221b6ead7c35cf4ff46b7359a2a5057b20f4ad0bdc77638154f3076f25ba0,8740891986fb94b94edd67a3872dc217118cb8291d306773d7a2609bb78ad2a8,2e3becee7fc3c901,true
337,io-bios.bin,16,baseline,source,1.6812063329853117,1,159,0,1,158,1,1.59,120000000,6000000000,d3296e1dd18e5f21ef4ff94170c959566bcbdc896294097a5d294fe8105d2068,50d12de34f556ff22a3873f3fef4562ec09e43155895e81284395e45d3c0761a,cc4fdcf9bfe1e400,true
338,io-bios.bin,16,baseline,restored,2.759528203168884,0,260,0,4,260,4,2.64,240000000,12000000000,e51221b6ead7c35cf4ff46b7359a2a5057b20f4ad0bdc77638154f3076f25ba0,8740891986fb94b94edd67a3872dc217118cb8291d306773d7a2609bb78ad2a8,2e3becee7fc3c901,true
339,io-bios.bin,16,current,cold,3.4260674249380827,0,320,0,4,320,4,3.24,240000000,12000000000,e51221b6ead7c35cf4ff46b7359a2a5057b20f4ad0bdc77638154f3076f25ba0,8740891986fb94b94edd67a3872dc217118cb8291d306773d7a2609bb78ad2a8,2e3becee7fc3c901,true
340,io-bios.bin,16,current,source,1.7333031960297376,0,162,0,2,162,2,1.6400000000000001,120000000,6000000000,d3296e1dd18e5f21ef4ff94170c959566bcbdc896294097a5d294fe8105d2068,50d12de34f556ff22a3873f3fef4562ec09e43155895e81284395e45d3c0761a,cc4fdcf9bfe1e400,true
341,io-bios.bin,16,current,restored,2.8206485009286553,1,264,0,4,263,4,2.6700000000000004,240000000,12000000000,e51221b6ead7c35cf4ff46b7359a2a5057b20f4ad0bdc77638154f3076f25ba0,8740891986fb94b94edd67a3872dc217118cb8291d306773d7a2609bb78ad2a8,2e3becee7fc3c901,true
342,io-bios.bin,17,current,cold,3.46936317300424,1,318,1,4,317,3,3.2,240000000,12000000000,e51221b6ead7c35cf4ff46b7359a2a5057b20f4ad0bdc77638154f3076f25ba0,8740891986fb94b94edd67a3872dc217118cb8291d306773d7a2609bb78ad2a8,2e3becee7fc3c901,true
343,io-bios.bin,17,current,source,1.68082650215365,0,159,0,2,159,2,1.61,120000000,6000000000,d3296e1dd18e5f21ef4ff94170c959566bcbdc896294097a5d294fe8105d2068,50d12de34f556ff22a3873f3fef4562ec09e43155895e81284395e45d3c0761a,cc4fdcf9bfe1e400,true
344,io-bios.bin,17,current,restored,2.8326008629519492,1,261,0,2,260,2,2.62,240000000,12000000000,e51221b6ead7c35cf4ff46b7359a2a5057b20f4ad0bdc77638154f3076f25ba0,8740891986fb94b94edd67a3872dc217118cb8291d306773d7a2609bb78ad2a8,2e3becee7fc3c901,true
345,io-bios.bin,17,baseline,cold,3.4196848231367767,1,321,0,3,320,3,3.23,240000000,12000000000,e51221b6ead7c35cf4ff46b7359a2a5057b20f4ad0bdc77638154f3076f25ba0,8740891986fb94b94edd67a3872dc217118cb8291d306773d7a2609bb78ad2a8,2e3becee7fc3c901,true
346,io-bios.bin,17,baseline,source,1.6703854948282242,1,160,0,1,159,1,1.6,120000000,6000000000,d3296e1dd18e5f21ef4ff94170c959566bcbdc896294097a5d294fe8105d2068,50d12de34f556ff22a3873f3fef4562ec09e43155895e81284395e45d3c0761a,cc4fdcf9bfe1e400,true
347,io-bios.bin,17,baseline,restored,2.8709386240225285,0,258,1,3,258,2,2.6,240000000,12000000000,e51221b6ead7c35cf4ff46b7359a2a5057b20f4ad0bdc77638154f3076f25ba0,8740891986fb94b94edd67a3872dc217118cb8291d306773d7a2609bb78ad2a8,2e3becee7fc3c901,true
348,io-bios.bin,18,baseline,cold,3.361484814900905,1,321,0,3,320,3,3.23,240000000,12000000000,e51221b6ead7c35cf4ff46b7359a2a5057b20f4ad0bdc77638154f3076f25ba0,8740891986fb94b94edd67a3872dc217118cb8291d306773d7a2609bb78ad2a8,2e3becee7fc3c901,true
349,io-bios.bin,18,baseline,source,1.7179875189904124,1,158,0,2,157,2,1.59,120000000,6000000000,d3296e1dd18e5f21ef4ff94170c959566bcbdc896294097a5d294fe8105d2068,50d12de34f556ff22a3873f3fef4562ec09e43155895e81284395e45d3c0761a,cc4fdcf9bfe1e400,true
350,io-bios.bin,18,baseline,restored,2.73611259018071,1,260,0,4,259,4,2.6300000000000003,240000000,12000000000,e51221b6ead7c35cf4ff46b7359a2a5057b20f4ad0bdc77638154f3076f25ba0,8740891986fb94b94edd67a3872dc217118cb8291d306773d7a2609bb78ad2a8,2e3becee7fc3c901,true
351,io-bios.bin,18,current,cold,3.3768007720354944,0,318,1,3,318,2,3.2,240000000,12000000000,e51221b6ead7c35cf4ff46b7359a2a5057b20f4ad0bdc77638154f3076f25ba0,8740891986fb94b94edd67a3872dc217118cb8291d306773d7a2609bb78ad2a8,2e3becee7fc3c901,true
352,io-bios.bin,18,current,source,1.6676411470398307,1,160,0,1,159,1,1.6,120000000,6000000000,d3296e1dd18e5f21ef4ff94170c959566bcbdc896294097a5d294fe8105d2068,50d12de34f556ff22a3873f3fef4562ec09e43155895e81284395e45d3c0761a,cc4fdcf9bfe1e400,true
353,io-bios.bin,18,current,restored,2.7225904918741435,1,259,0,3,258,3,2.61,240000000,12000000000,e51221b6ead7c35cf4ff46b7359a2a5057b20f4ad0bdc77638154f3076f25ba0,8740891986fb94b94edd67a3872dc217118cb8291d306773d7a2609bb78ad2a8,2e3becee7fc3c901,true
354,io-bios.bin,19,current,cold,3.3853378258645535,1,319,1,3,318,2,3.2,240000000,12000000000,e51221b6ead7c35cf4ff46b7359a2a5057b20f4ad0bdc77638154f3076f25ba0,8740891986fb94b94edd67a3872dc217118cb8291d306773d7a2609bb78ad2a8,2e3becee7fc3c901,true
355,io-bios.bin,19,current,source,1.684025667142123,0,159,0,2,159,2,1.61,120000000,6000000000,d3296e1dd18e5f21ef4ff94170c959566bcbdc896294097a5d294fe8105d2068,50d12de34f556ff22a3873f3fef4562ec09e43155895e81284395e45d3c0761a,cc4fdcf9bfe1e400,true
356,io-bios.bin,19,current,restored,2.777933276956901,1,260,0,3,259,3,2.62,240000000,12000000000,e51221b6ead7c35cf4ff46b7359a2a5057b20f4ad0bdc77638154f3076f25ba0,8740891986fb94b94edd67a3872dc217118cb8291d306773d7a2609bb78ad2a8,2e3becee7fc3c901,true
357,io-bios.bin,19,baseline,cold,3.3184676188975573,0,317,0,3,317,3,3.1999999999999997,240000000,12000000000,e51221b6ead7c35cf4ff46b7359a2a5057b20f4ad0bdc77638154f3076f25ba0,8740891986fb94b94edd67a3872dc217118cb8291d306773d7a2609bb78ad2a8,2e3becee7fc3c901,true
358,io-bios.bin,19,baseline,source,1.6698544069658965,0,158,0,2,158,2,1.6,120000000,6000000000,d3296e1dd18e5f21ef4ff94170c959566bcbdc896294097a5d294fe8105d2068,50d12de34f556ff22a3873f3fef4562ec09e43155895e81284395e45d3c0761a,cc4fdcf9bfe1e400,true
359,io-bios.bin,19,baseline,restored,2.7556825960054994,1,261,0,2,260,2,2.62,240000000,12000000000,e51221b6ead7c35cf4ff46b7359a2a5057b20f4ad0bdc77638154f3076f25ba0,8740891986fb94b94edd67a3872dc217118cb8291d306773d7a2609bb78ad2a8,2e3becee7fc3c901,true
360,io-bios.bin,20,baseline,cold,3.340241343015805,0,318,0,2,318,2,3.2,240000000,12000000000,e51221b6ead7c35cf4ff46b7359a2a5057b20f4ad0bdc77638154f3076f25ba0,8740891986fb94b94edd67a3872dc217118cb8291d306773d7a2609bb78ad2a8,2e3becee7fc3c901,true
361,io-bios.bin,20,baseline,source,1.657596305012703,0,159,0,2,159,2,1.61,120000000,6000000000,d3296e1dd18e5f21ef4ff94170c959566bcbdc896294097a5d294fe8105d2068,50d12de34f556ff22a3873f3fef4562ec09e43155895e81284395e45d3c0761a,cc4fdcf9bfe1e400,true
362,io-bios.bin,20,baseline,restored,2.7945232959464192,0,263,0,3,263,3,2.6599999999999997,240000000,12000000000,e51221b6ead7c35cf4ff46b7359a2a5057b20f4ad0bdc77638154f3076f25ba0,8740891986fb94b94edd67a3872dc217118cb8291d306773d7a2609bb78ad2a8,2e3becee7fc3c901,true
363,io-bios.bin,20,current,cold,3.382769495015964,1,319,0,3,318,3,3.21,240000000,12000000000,e51221b6ead7c35cf4ff46b7359a2a5057b20f4ad0bdc77638154f3076f25ba0,8740891986fb94b94edd67a3872dc217118cb8291d306773d7a2609bb78ad2a8,2e3becee7fc3c901,true
364,io-bios.bin,20,current,source,1.6655718490947038,1,160,0,1,159,1,1.6,120000000,6000000000,d3296e1dd18e5f21ef4ff94170c959566bcbdc896294097a5d294fe8105d2068,50d12de34f556ff22a3873f3fef4562ec09e43155895e81284395e45d3c0761a,cc4fdcf9bfe1e400,true
365,io-bios.bin,20,current,restored,2.732963263988495,0,258,0,3,258,3,2.61,240000000,12000000000,e51221b6ead7c35cf4ff46b7359a2a5057b20f4ad0bdc77638154f3076f25ba0,8740891986fb94b94edd67a3872dc217118cb8291d306773d7a2609bb78ad2a8,2e3becee7fc3c901,true
366,io-bios.bin,21,current,cold,3.3618022298906,1,319,0,2,318,2,3.2,240000000,12000000000,e51221b6ead7c35cf4ff46b7359a2a5057b20f4ad0bdc77638154f3076f25ba0,8740891986fb94b94edd67a3872dc217118cb8291d306773d7a2609bb78ad2a8,2e3becee7fc3c901,true
367,io-bios.bin,21,current,source,1.682329438161105,0,159,0,2,159,2,1.61,120000000,6000000000,d3296e1dd18e5f21ef4ff94170c959566bcbdc896294097a5d294fe8105d2068,50d12de34f556ff22a3873f3fef4562ec09e43155895e81284395e45d3c0761a,cc4fdcf9bfe1e400,true
368,io-bios.bin,21,current,restored,2.710782114882022,0,258,0,3,258,3,2.61,240000000,12000000000,e51221b6ead7c35cf4ff46b7359a2a5057b20f4ad0bdc77638154f3076f25ba0,8740891986fb94b94edd67a3872dc217118cb8291d306773d7a2609bb78ad2a8,2e3becee7fc3c901,true
369,io-bios.bin,21,baseline,cold,3.3485220049042255,1,316,0,4,315,4,3.1900000000000004,240000000,12000000000,e51221b6ead7c35cf4ff46b7359a2a5057b20f4ad0bdc77638154f3076f25ba0,8740891986fb94b94edd67a3872dc217118cb8291d306773d7a2609bb78ad2a8,2e3becee7fc3c901,true
370,io-bios.bin,21,baseline,source,1.7545604340266436,0,161,0,3,161,3,1.6400000000000001,120000000,6000000000,d3296e1dd18e5f21ef4ff94170c959566bcbdc896294097a5d294fe8105d2068,50d12de34f556ff22a3873f3fef4562ec09e43155895e81284395e45d3c0761a,cc4fdcf9bfe1e400,true
371,io-bios.bin,21,baseline,restored,2.7324007770512253,1,260,0,3,259,3,2.62,240000000,12000000000,e51221b6ead7c35cf4ff46b7359a2a5057b20f4ad0bdc77638154f3076f25ba0,8740891986fb94b94edd67a3872dc217118cb8291d306773d7a2609bb78ad2a8,2e3becee7fc3c901,true
372,io-bios.bin,22,baseline,cold,3.3679551840759814,1,318,0,3,317,3,3.2,240000000,12000000000,e51221b6ead7c35cf4ff46b7359a2a5057b20f4ad0bdc77638154f3076f25ba0,8740891986fb94b94edd67a3872dc217118cb8291d306773d7a2609bb78ad2a8,2e3becee7fc3c901,true
373,io-bios.bin,22,baseline,source,1.6672470879275352,1,159,0,1,158,1,1.59,120000000,6000000000,d3296e1dd18e5f21ef4ff94170c959566bcbdc896294097a5d294fe8105d2068,50d12de34f556ff22a3873f3fef4562ec09e43155895e81284395e45d3c0761a,cc4fdcf9bfe1e400,true
374,io-bios.bin,22,baseline,restored,2.715435110963881,1,258,0,4,257,4,2.6100000000000003,240000000,12000000000,e51221b6ead7c35cf4ff46b7359a2a5057b20f4ad0bdc77638154f3076f25ba0,8740891986fb94b94edd67a3872dc217118cb8291d306773d7a2609bb78ad2a8,2e3becee7fc3c901,true
375,io-bios.bin,22,current,cold,3.394328437978402,0,319,0,4,319,4,3.23,240000000,12000000000,e51221b6ead7c35cf4ff46b7359a2a5057b20f4ad0bdc77638154f3076f25ba0,8740891986fb94b94edd67a3872dc217118cb8291d306773d7a2609bb78ad2a8,2e3becee7fc3c901,true
376,io-bios.bin,22,current,source,1.6847458200063556,0,159,0,2,159,2,1.61,120000000,6000000000,d3296e1dd18e5f21ef4ff94170c959566bcbdc896294097a5d294fe8105d2068,50d12de34f556ff22a3873f3fef4562ec09e43155895e81284395e45d3c0761a,cc4fdcf9bfe1e400,true
377,io-bios.bin,22,current,restored,2.7386606349609792,0,260,0,2,260,2,2.62,240000000,12000000000,e51221b6ead7c35cf4ff46b7359a2a5057b20f4ad0bdc77638154f3076f25ba0,8740891986fb94b94edd67a3872dc217118cb8291d306773d7a2609bb78ad2a8,2e3becee7fc3c901,true
378,io-bios.bin,23,current,cold,3.3307641961146146,0,318,0,3,318,3,3.21,240000000,12000000000,e51221b6ead7c35cf4ff46b7359a2a5057b20f4ad0bdc77638154f3076f25ba0,8740891986fb94b94edd67a3872dc217118cb8291d306773d7a2609bb78ad2a8,2e3becee7fc3c901,true
379,io-bios.bin,23,current,source,1.6750575280748308,1,160,0,2,159,2,1.61,120000000,6000000000,d3296e1dd18e5f21ef4ff94170c959566bcbdc896294097a5d294fe8105d2068,50d12de34f556ff22a3873f3fef4562ec09e43155895e81284395e45d3c0761a,cc4fdcf9bfe1e400,true
380,io-bios.bin,23,current,restored,2.766670463141054,1,263,0,3,262,3,2.65,240000000,12000000000,e51221b6ead7c35cf4ff46b7359a2a5057b20f4ad0bdc77638154f3076f25ba0,8740891986fb94b94edd67a3872dc217118cb8291d306773d7a2609bb78ad2a8,2e3becee7fc3c901,true
381,io-bios.bin,23,baseline,cold,3.349115343997255,0,319,1,3,319,2,3.21,240000000,12000000000,e51221b6ead7c35cf4ff46b7359a2a5057b20f4ad0bdc77638154f3076f25ba0,8740891986fb94b94edd67a3872dc217118cb8291d306773d7a2609bb78ad2a8,2e3becee7fc3c901,true
382,io-bios.bin,23,baseline,source,1.7423422478605062,0,159,0,1,159,1,1.6,120000000,6000000000,d3296e1dd18e5f21ef4ff94170c959566bcbdc896294097a5d294fe8105d2068,50d12de34f556ff22a3873f3fef4562ec09e43155895e81284395e45d3c0761a,cc4fdcf9bfe1e400,true
383,io-bios.bin,23,baseline,restored,2.8353685799520463,0,260,0,4,260,4,2.64,240000000,12000000000,e51221b6ead7c35cf4ff46b7359a2a5057b20f4ad0bdc77638154f3076f25ba0,8740891986fb94b94edd67a3872dc217118cb8291d306773d7a2609bb78ad2a8,2e3becee7fc3c901,true
384,io-bios.bin,24,baseline,cold,3.3252530719619244,0,317,0,3,317,3,3.1999999999999997,240000000,12000000000,e51221b6ead7c35cf4ff46b7359a2a5057b20f4ad0bdc77638154f3076f25ba0,8740891986fb94b94edd67a3872dc217118cb8291d306773d7a2609bb78ad2a8,2e3becee7fc3c901,true
385,io-bios.bin,24,baseline,source,1.7168835059273988,1,159,0,2,158,2,1.6,120000000,6000000000,d3296e1dd18e5f21ef4ff94170c959566bcbdc896294097a5d294fe8105d2068,50d12de34f556ff22a3873f3fef4562ec09e43155895e81284395e45d3c0761a,cc4fdcf9bfe1e400,true
386,io-bios.bin,24,baseline,restored,2.7261287111323327,1,258,0,3,257,3,2.6,240000000,12000000000,e51221b6ead7c35cf4ff46b7359a2a5057b20f4ad0bdc77638154f3076f25ba0,8740891986fb94b94edd67a3872dc217118cb8291d306773d7a2609bb78ad2a8,2e3becee7fc3c901,true
387,io-bios.bin,24,current,cold,3.3355330410413444,0,318,1,3,318,2,3.2,240000000,12000000000,e51221b6ead7c35cf4ff46b7359a2a5057b20f4ad0bdc77638154f3076f25ba0,8740891986fb94b94edd67a3872dc217118cb8291d306773d7a2609bb78ad2a8,2e3becee7fc3c901,true
388,io-bios.bin,24,current,source,1.675648065051064,1,159,0,2,158,2,1.6,120000000,6000000000,d3296e1dd18e5f21ef4ff94170c959566bcbdc896294097a5d294fe8105d2068,50d12de34f556ff22a3873f3fef4562ec09e43155895e81284395e45d3c0761a,cc4fdcf9bfe1e400,true
389,io-bios.bin,24,current,restored,2.7641063150949776,1,262,0,3,261,3,2.64,240000000,12000000000,e51221b6ead7c35cf4ff46b7359a2a5057b20f4ad0bdc77638154f3076f25ba0,8740891986fb94b94edd67a3872dc217118cb8291d306773d7a2609bb78ad2a8,2e3becee7fc3c901,true
390,io-bios.bin,25,current,cold,3.3609993990976363,1,320,0,3,319,3,3.22,240000000,12000000000,e51221b6ead7c35cf4ff46b7359a2a5057b20f4ad0bdc77638154f3076f25ba0,8740891986fb94b94edd67a3872dc217118cb8291d306773d7a2609bb78ad2a8,2e3becee7fc3c901,true
391,io-bios.bin,25,current,source,1.6681077850516886,0,159,0,2,159,2,1.61,120000000,6000000000,d3296e1dd18e5f21ef4ff94170c959566bcbdc896294097a5d294fe8105d2068,50d12de34f556ff22a3873f3fef4562ec09e43155895e81284395e45d3c0761a,cc4fdcf9bfe1e400,true
392,io-bios.bin,25,current,restored,2.732348358957097,1,261,0,3,260,3,2.63,240000000,12000000000,e51221b6ead7c35cf4ff46b7359a2a5057b20f4ad0bdc77638154f3076f25ba0,8740891986fb94b94edd67a3872dc217118cb8291d306773d7a2609bb78ad2a8,2e3becee7fc3c901,true
393,io-bios.bin,25,baseline,cold,3.352654461050406,1,319,0,2,318,2,3.2,240000000,12000000000,e51221b6ead7c35cf4ff46b7359a2a5057b20f4ad0bdc77638154f3076f25ba0,8740891986fb94b94edd67a3872dc217118cb8291d306773d7a2609bb78ad2a8,2e3becee7fc3c901,true
394,io-bios.bin,25,baseline,source,1.6592286799568683,0,159,0,1,159,1,1.6,120000000,6000000000,d3296e1dd18e5f21ef4ff94170c959566bcbdc896294097a5d294fe8105d2068,50d12de34f556ff22a3873f3fef4562ec09e43155895e81284395e45d3c0761a,cc4fdcf9bfe1e400,true
395,io-bios.bin,25,baseline,restored,2.7374898470006883,1,258,0,2,257,2,2.5900000000000003,240000000,12000000000,e51221b6ead7c35cf4ff46b7359a2a5057b20f4ad0bdc77638154f3076f25ba0,8740891986fb94b94edd67a3872dc217118cb8291d306773d7a2609bb78ad2a8,2e3becee7fc3c901,true
396,io-bios.bin,26,baseline,cold,3.400452657835558,0,320,0,3,320,3,3.23,240000000,12000000000,e51221b6ead7c35cf4ff46b7359a2a5057b20f4ad0bdc77638154f3076f25ba0,8740891986fb94b94edd67a3872dc217118cb8291d306773d7a2609bb78ad2a8,2e3becee7fc3c901,true
397,io-bios.bin,26,baseline,source,1.7082642908208072,1,159,0,1,158,1,1.59,120000000,6000000000,d3296e1dd18e5f21ef4ff94170c959566bcbdc896294097a5d294fe8105d2068,50d12de34f556ff22a3873f3fef4562ec09e43155895e81284395e45d3c0761a,cc4fdcf9bfe1e400,true
398,io-bios.bin,26,baseline,restored,2.7616584999486804,1,259,0,3,258,3,2.61,240000000,12000000000,e51221b6ead7c35cf4ff46b7359a2a5057b20f4ad0bdc77638154f3076f25ba0,8740891986fb94b94edd67a3872dc217118cb8291d306773d7a2609bb78ad2a8,2e3becee7fc3c901,true
399,io-bios.bin,26,current,cold,3.372521816054359,0,320,0,3,320,3,3.23,240000000,12000000000,e51221b6ead7c35cf4ff46b7359a2a5057b20f4ad0bdc77638154f3076f25ba0,8740891986fb94b94edd67a3872dc217118cb8291d306773d7a2609bb78ad2a8,2e3becee7fc3c901,true
400,io-bios.bin,26,current,source,1.7150839339010417,0,160,0,2,160,2,1.62,120000000,6000000000,d3296e1dd18e5f21ef4ff94170c959566bcbdc896294097a5d294fe8105d2068,50d12de34f556ff22a3873f3fef4562ec09e43155895e81284395e45d3c0761a,cc4fdcf9bfe1e400,true
401,io-bios.bin,26,current,restored,2.807120339013636,1,265,0,4,264,4,2.68,240000000,12000000000,e51221b6ead7c35cf4ff46b7359a2a5057b20f4ad0bdc77638154f3076f25ba0,8740891986fb94b94edd67a3872dc217118cb8291d306773d7a2609bb78ad2a8,2e3becee7fc3c901,true
402,io-bios.bin,27,current,cold,3.38347863801755,0,318,0,4,318,4,3.22,240000000,12000000000,e51221b6ead7c35cf4ff46b7359a2a5057b20f4ad0bdc77638154f3076f25ba0,8740891986fb94b94edd67a3872dc217118cb8291d306773d7a2609bb78ad2a8,2e3becee7fc3c901,true
403,io-bios.bin,27,current,source,1.671455284813419,1,159,0,2,158,2,1.6,120000000,6000000000,d3296e1dd18e5f21ef4ff94170c959566bcbdc896294097a5d294fe8105d2068,50d12de34f556ff22a3873f3fef4562ec09e43155895e81284395e45d3c0761a,cc4fdcf9bfe1e400,true
404,io-bios.bin,27,current,restored,2.754862980917096,1,260,0,3,259,3,2.62,240000000,12000000000,e51221b6ead7c35cf4ff46b7359a2a5057b20f4ad0bdc77638154f3076f25ba0,8740891986fb94b94edd67a3872dc217118cb8291d306773d7a2609bb78ad2a8,2e3becee7fc3c901,true
405,io-bios.bin,27,baseline,cold,3.3615970259997994,1,318,0,3,317,3,3.2,240000000,12000000000,e51221b6ead7c35cf4ff46b7359a2a5057b20f4ad0bdc77638154f3076f25ba0,8740891986fb94b94edd67a3872dc217118cb8291d306773d7a2609bb78ad2a8,2e3becee7fc3c901,true
406,io-bios.bin,27,baseline,source,1.688665271969512,1,160,0,1,159,1,1.6,120000000,6000000000,d3296e1dd18e5f21ef4ff94170c959566bcbdc896294097a5d294fe8105d2068,50d12de34f556ff22a3873f3fef4562ec09e43155895e81284395e45d3c0761a,cc4fdcf9bfe1e400,true
407,io-bios.bin,27,baseline,restored,2.7961291898973286,1,261,0,3,260,3,2.63,240000000,12000000000,e51221b6ead7c35cf4ff46b7359a2a5057b20f4ad0bdc77638154f3076f25ba0,8740891986fb94b94edd67a3872dc217118cb8291d306773d7a2609bb78ad2a8,2e3becee7fc3c901,true
408,io-bios.bin,28,baseline,cold,3.508106989786029,0,321,0,3,321,3,3.2399999999999998,240000000,12000000000,e51221b6ead7c35cf4ff46b7359a2a5057b20f4ad0bdc77638154f3076f25ba0,8740891986fb94b94edd67a3872dc217118cb8291d306773d7a2609bb78ad2a8,2e3becee7fc3c901,true
409,io-bios.bin,28,baseline,source,1.8117288569919765,0,159,0,2,159,2,1.61,120000000,6000000000,d3296e1dd18e5f21ef4ff94170c959566bcbdc896294097a5d294fe8105d2068,50d12de34f556ff22a3873f3fef4562ec09e43155895e81284395e45d3c0761a,cc4fdcf9bfe1e400,true
410,io-bios.bin,28,baseline,restored,2.7698101901914924,1,261,0,3,260,3,2.63,240000000,12000000000,e51221b6ead7c35cf4ff46b7359a2a5057b20f4ad0bdc77638154f3076f25ba0,8740891986fb94b94edd67a3872dc217118cb8291d306773d7a2609bb78ad2a8,2e3becee7fc3c901,true
411,io-bios.bin,28,current,cold,3.4206150891259313,1,322,0,4,321,4,3.2500000000000004,240000000,12000000000,e51221b6ead7c35cf4ff46b7359a2a5057b20f4ad0bdc77638154f3076f25ba0,8740891986fb94b94edd67a3872dc217118cb8291d306773d7a2609bb78ad2a8,2e3becee7fc3c901,true
412,io-bios.bin,28,current,source,1.754290547920391,1,162,0,2,161,2,1.6300000000000001,120000000,6000000000,d3296e1dd18e5f21ef4ff94170c959566bcbdc896294097a5d294fe8105d2068,50d12de34f556ff22a3873f3fef4562ec09e43155895e81284395e45d3c0761a,cc4fdcf9bfe1e400,true
413,io-bios.bin,28,current,restored,2.7677792080212384,1,261,0,3,260,3,2.63,240000000,12000000000,e51221b6ead7c35cf4ff46b7359a2a5057b20f4ad0bdc77638154f3076f25ba0,8740891986fb94b94edd67a3872dc217118cb8291d306773d7a2609bb78ad2a8,2e3becee7fc3c901,true
414,io-bios.bin,29,current,cold,3.366924742003903,0,318,0,4,318,4,3.22,240000000,12000000000,e51221b6ead7c35cf4ff46b7359a2a5057b20f4ad0bdc77638154f3076f25ba0,8740891986fb94b94edd67a3872dc217118cb8291d306773d7a2609bb78ad2a8,2e3becee7fc3c901,true
415,io-bios.bin,29,current,source,1.7099758659023792,0,160,0,2,160,2,1.62,120000000,6000000000,d3296e1dd18e5f21ef4ff94170c959566bcbdc896294097a5d294fe8105d2068,50d12de34f556ff22a3873f3fef4562ec09e43155895e81284395e45d3c0761a,cc4fdcf9bfe1e400,true
416,io-bios.bin,29,current,restored,2.8016483809333295,1,264,0,4,263,4,2.6700000000000004,240000000,12000000000,e51221b6ead7c35cf4ff46b7359a2a5057b20f4ad0bdc77638154f3076f25ba0,8740891986fb94b94edd67a3872dc217118cb8291d306773d7a2609bb78ad2a8,2e3becee7fc3c901,true
417,io-bios.bin,29,baseline,cold,3.3348779298830777,1,318,0,3,317,3,3.2,240000000,12000000000,e51221b6ead7c35cf4ff46b7359a2a5057b20f4ad0bdc77638154f3076f25ba0,8740891986fb94b94edd67a3872dc217118cb8291d306773d7a2609bb78ad2a8,2e3becee7fc3c901,true
418,io-bios.bin,29,baseline,source,1.7041935410816222,1,159,0,2,158,2,1.6,120000000,6000000000,d3296e1dd18e5f21ef4ff94170c959566bcbdc896294097a5d294fe8105d2068,50d12de34f556ff22a3873f3fef4562ec09e43155895e81284395e45d3c0761a,cc4fdcf9bfe1e400,true
419,io-bios.bin,29,baseline,restored,2.8273797139991075,1,265,0,3,264,3,2.67,240000000,12000000000,e51221b6ead7c35cf4ff46b7359a2a5057b20f4ad0bdc77638154f3076f25ba0,8740891986fb94b94edd67a3872dc217118cb8291d306773d7a2609bb78ad2a8,2e3becee7fc3c901,true
420,io-bios.bin,30,baseline,cold,3.3727676910348237,1,318,0,3,317,3,3.2,240000000,12000000000,e51221b6ead7c35cf4ff46b7359a2a5057b20f4ad0bdc77638154f3076f25ba0,8740891986fb94b94edd67a3872dc217118cb8291d306773d7a2609bb78ad2a8,2e3becee7fc3c901,true
421,io-bios.bin,30,baseline,source,1.684366560075432,1,161,1,3,160,2,1.62,120000000,6000000000,d3296e1dd18e5f21ef4ff94170c959566bcbdc896294097a5d294fe8105d2068,50d12de34f556ff22a3873f3fef4562ec09e43155895e81284395e45d3c0761a,cc4fdcf9bfe1e400,true
422,io-bios.bin,30,baseline,restored,2.7734881239011884,0,260,1,3,260,2,2.62,240000000,12000000000,e51221b6ead7c35cf4ff46b7359a2a5057b20f4ad0bdc77638154f3076f25ba0,8740891986fb94b94edd67a3872dc217118cb8291d306773d7a2609bb78ad2a8,2e3becee7fc3c901,true
423,io-bios.bin,30,current,cold,3.4246069660875946,0,319,0,4,319,4,3.23,240000000,12000000000,e51221b6ead7c35cf4ff46b7359a2a5057b20f4ad0bdc77638154f3076f25ba0,8740891986fb94b94edd67a3872dc217118cb8291d306773d7a2609bb78ad2a8,2e3becee7fc3c901,true
424,io-bios.bin,30,current,source,1.6708865149412304,0,159,0,2,159,2,1.61,120000000,6000000000,d3296e1dd18e5f21ef4ff94170c959566bcbdc896294097a5d294fe8105d2068,50d12de34f556ff22a3873f3fef4562ec09e43155895e81284395e45d3c0761a,cc4fdcf9bfe1e400,true
425,io-bios.bin,30,current,restored,2.753529439913109,1,262,0,3,261,3,2.64,240000000,12000000000,e51221b6ead7c35cf4ff46b7359a2a5057b20f4ad0bdc77638154f3076f25ba0,8740891986fb94b94edd67a3872dc217118cb8291d306773d7a2609bb78ad2a8,2e3becee7fc3c901,true
426,io-bios.bin,31,current,cold,3.3848996839951724,1,321,0,3,320,3,3.23,240000000,12000000000,e51221b6ead7c35cf4ff46b7359a2a5057b20f4ad0bdc77638154f3076f25ba0,8740891986fb94b94edd67a3872dc217118cb8291d306773d7a2609bb78ad2a8,2e3becee7fc3c901,true
427,io-bios.bin,31,current,source,1.6994710338767618,0,160,0,1,160,1,1.61,120000000,6000000000,d3296e1dd18e5f21ef4ff94170c959566bcbdc896294097a5d294fe8105d2068,50d12de34f556ff22a3873f3fef4562ec09e43155895e81284395e45d3c0761a,cc4fdcf9bfe1e400,true
428,io-bios.bin,31,current,restored,2.7149395290762186,1,259,0,3,258,3,2.61,240000000,12000000000,e51221b6ead7c35cf4ff46b7359a2a5057b20f4ad0bdc77638154f3076f25ba0,8740891986fb94b94edd67a3872dc217118cb8291d306773d7a2609bb78ad2a8,2e3becee7fc3c901,true
429,io-bios.bin,31,baseline,cold,3.324467164929956,1,318,0,2,317,2,3.1900000000000004,240000000,12000000000,e51221b6ead7c35cf4ff46b7359a2a5057b20f4ad0bdc77638154f3076f25ba0,8740891986fb94b94edd67a3872dc217118cb8291d306773d7a2609bb78ad2a8,2e3becee7fc3c901,true
430,io-bios.bin,31,baseline,source,1.7501955688931048,1,159,0,2,158,2,1.6,120000000,6000000000,d3296e1dd18e5f21ef4ff94170c959566bcbdc896294097a5d294fe8105d2068,50d12de34f556ff22a3873f3fef4562ec09e43155895e81284395e45d3c0761a,cc4fdcf9bfe1e400,true
431,io-bios.bin,31,baseline,restored,2.8160823830403388,0,267,1,4,267,3,2.6999999999999997,240000000,12000000000,e51221b6ead7c35cf4ff46b7359a2a5057b20f4ad0bdc77638154f3076f25ba0,8740891986fb94b94edd67a3872dc217118cb8291d306773d7a2609bb78ad2a8,2e3becee7fc3c901,true
432,io-bios.bin,32,baseline,cold,3.3837604569271207,0,317,0,3,317,3,3.1999999999999997,240000000,12000000000,e51221b6ead7c35cf4ff46b7359a2a5057b20f4ad0bdc77638154f3076f25ba0,8740891986fb94b94edd67a3872dc217118cb8291d306773d7a2609bb78ad2a8,2e3becee7fc3c901,true
433,io-bios.bin,32,baseline,source,1.6610345779918134,1,159,0,1,158,1,1.59,120000000,6000000000,d3296e1dd18e5f21ef4ff94170c959566bcbdc896294097a5d294fe8105d2068,50d12de34f556ff22a3873f3fef4562ec09e43155895e81284395e45d3c0761a,cc4fdcf9bfe1e400,true
434,io-bios.bin,32,baseline,restored,2.735986510058865,1,257,0,3,256,3,2.59,240000000,12000000000,e51221b6ead7c35cf4ff46b7359a2a5057b20f4ad0bdc77638154f3076f25ba0,8740891986fb94b94edd67a3872dc217118cb8291d306773d7a2609bb78ad2a8,2e3becee7fc3c901,true
435,io-bios.bin,32,current,cold,3.3485225120093673,0,319,1,3,319,2,3.21,240000000,12000000000,e51221b6ead7c35cf4ff46b7359a2a5057b20f4ad0bdc77638154f3076f25ba0,8740891986fb94b94edd67a3872dc217118cb8291d306773d7a2609bb78ad2a8,2e3becee7fc3c901,true
436,io-bios.bin,32,current,source,1.6780299099627882,0,161,0,1,161,1,1.62,120000000,6000000000,d3296e1dd18e5f21ef4ff94170c959566bcbdc896294097a5d294fe8105d2068,50d12de34f556ff22a3873f3fef4562ec09e43155895e81284395e45d3c0761a,cc4fdcf9bfe1e400,true
437,io-bios.bin,32,current,restored,2.7077968439552933,1,261,1,2,260,1,2.61,240000000,12000000000,e51221b6ead7c35cf4ff46b7359a2a5057b20f4ad0bdc77638154f3076f25ba0,8740891986fb94b94edd67a3872dc217118cb8291d306773d7a2609bb78ad2a8,2e3becee7fc3c901,true
438,io-bios.bin,33,current,cold,3.380818923935294,0,317,1,4,317,3,3.1999999999999997,240000000,12000000000,e51221b6ead7c35cf4ff46b7359a2a5057b20f4ad0bdc77638154f3076f25ba0,8740891986fb94b94edd67a3872dc217118cb8291d306773d7a2609bb78ad2a8,2e3becee7fc3c901,true
439,io-bios.bin,33,current,source,1.6888917619362473,0,160,0,2,160,2,1.62,120000000,6000000000,d3296e1dd18e5f21ef4ff94170c959566bcbdc896294097a5d294fe8105d2068,50d12de34f556ff22a3873f3fef4562ec09e43155895e81284395e45d3c0761a,cc4fdcf9bfe1e400,true
440,io-bios.bin,33,current,restored,2.8009154500905424,0,264,0,3,264,3,2.67,240000000,12000000000,e51221b6ead7c35cf4ff46b7359a2a5057b20f4ad0bdc77638154f3076f25ba0,8740891986fb94b94edd67a3872dc217118cb8291d306773d7a2609bb78ad2a8,2e3becee7fc3c901,true
441,io-bios.bin,33,baseline,cold,3.3444539979100227,0,319,0,2,319,2,3.21,240000000,12000000000,e51221b6ead7c35cf4ff46b7359a2a5057b20f4ad0bdc77638154f3076f25ba0,8740891986fb94b94edd67a3872dc217118cb8291d306773d7a2609bb78ad2a8,2e3becee7fc3c901,true
442,io-bios.bin,33,baseline,source,1.684199078939855,1,160,0,1,159,1,1.6,120000000,6000000000,d3296e1dd18e5f21ef4ff94170c959566bcbdc896294097a5d294fe8105d2068,50d12de34f556ff22a3873f3fef4562ec09e43155895e81284395e45d3c0761a,cc4fdcf9bfe1e400,true
443,io-bios.bin,33,baseline,restored,2.783195630181581,1,262,0,2,261,2,2.6300000000000003,240000000,12000000000,e51221b6ead7c35cf4ff46b7359a2a5057b20f4ad0bdc77638154f3076f25ba0,8740891986fb94b94edd67a3872dc217118cb8291d306773d7a2609bb78ad2a8,2e3becee7fc3c901,true
444,io-bios.bin,34,baseline,cold,3.318294513039291,0,317,0,3,317,3,3.1999999999999997,240000000,12000000000,e51221b6ead7c35cf4ff46b7359a2a5057b20f4ad0bdc77638154f3076f25ba0,8740891986fb94b94edd67a3872dc217118cb8291d306773d7a2609bb78ad2a8,2e3becee7fc3c901,true
445,io-bios.bin,34,baseline,source,1.6576928780414164,0,159,0,1,159,1,1.6,120000000,6000000000,d3296e1dd18e5f21ef4ff94170c959566bcbdc896294097a5d294fe8105d2068,50d12de34f556ff22a3873f3fef4562ec09e43155895e81284395e45d3c0761a,cc4fdcf9bfe1e400,true
446,io-bios.bin,34,baseline,restored,2.79550380888395,1,261,0,3,260,3,2.63,240000000,12000000000,e51221b6ead7c35cf4ff46b7359a2a5057b20f4ad0bdc77638154f3076f25ba0,8740891986fb94b94edd67a3872dc217118cb8291d306773d7a2609bb78ad2a8,2e3becee7fc3c901,true
447,io-bios.bin,34,current,cold,3.37197900400497,0,318,1,4,318,3,3.21,240000000,12000000000,e51221b6ead7c35cf4ff46b7359a2a5057b20f4ad0bdc77638154f3076f25ba0,8740891986fb94b94edd67a3872dc217118cb8291d306773d7a2609bb78ad2a8,2e3becee7fc3c901,true
448,io-bios.bin,34,current,source,1.671796213136986,0,160,0,1,160,1,1.61,120000000,6000000000,d3296e1dd18e5f21ef4ff94170c959566bcbdc896294097a5d294fe8105d2068,50d12de34f556ff22a3873f3fef4562ec09e43155895e81284395e45d3c0761a,cc4fdcf9bfe1e400,true
449,io-bios.bin,34,current,restored,2.7553881611675024,0,261,1,3,261,2,2.63,240000000,12000000000,e51221b6ead7c35cf4ff46b7359a2a5057b20f4ad0bdc77638154f3076f25ba0,8740891986fb94b94edd67a3872dc217118cb8291d306773d7a2609bb78ad2a8,2e3becee7fc3c901,true
450,io-bios.bin,35,current,cold,3.3656934089958668,0,320,0,3,320,3,3.23,240000000,12000000000,e51221b6ead7c35cf4ff46b7359a2a5057b20f4ad0bdc77638154f3076f25ba0,8740891986fb94b94edd67a3872dc217118cb8291d306773d7a2609bb78ad2a8,2e3becee7fc3c901,true
451,io-bios.bin,35,current,source,1.8933996220584959,1,169,0,2,168,2,1.7,120000000,6000000000,d3296e1dd18e5f21ef4ff94170c959566bcbdc896294097a5d294fe8105d2068,50d12de34f556ff22a3873f3fef4562ec09e43155895e81284395e45d3c0761a,cc4fdcf9bfe1e400,true
452,io-bios.bin,35,current,restored,2.7764732928480953,0,259,0,5,259,5,2.6399999999999997,240000000,12000000000,e51221b6ead7c35cf4ff46b7359a2a5057b20f4ad0bdc77638154f3076f25ba0,8740891986fb94b94edd67a3872dc217118cb8291d306773d7a2609bb78ad2a8,2e3becee7fc3c901,true
453,io-bios.bin,35,baseline,cold,3.360393162118271,1,316,0,4,315,4,3.1900000000000004,240000000,12000000000,e51221b6ead7c35cf4ff46b7359a2a5057b20f4ad0bdc77638154f3076f25ba0,8740891986fb94b94edd67a3872dc217118cb8291d306773d7a2609bb78ad2a8,2e3becee7fc3c901,true
454,io-bios.bin,35,baseline,source,1.6578701380640268,0,158,0,2,158,2,1.6,120000000,6000000000,d3296e1dd18e5f21ef4ff94170c959566bcbdc896294097a5d294fe8105d2068,50d12de34f556ff22a3873f3fef4562ec09e43155895e81284395e45d3c0761a,cc4fdcf9bfe1e400,true
455,io-bios.bin,35,baseline,restored,2.7748853301163763,1,260,0,2,259,2,2.6100000000000003,240000000,12000000000,e51221b6ead7c35cf4ff46b7359a2a5057b20f4ad0bdc77638154f3076f25ba0,8740891986fb94b94edd67a3872dc217118cb8291d306773d7a2609bb78ad2a8,2e3becee7fc3c901,true
456,io-bios.bin,36,baseline,cold,3.3457614730577916,0,317,0,2,317,2,3.19,240000000,12000000000,e51221b6ead7c35cf4ff46b7359a2a5057b20f4ad0bdc77638154f3076f25ba0,8740891986fb94b94edd67a3872dc217118cb8291d306773d7a2609bb78ad2a8,2e3becee7fc3c901,true
457,io-bios.bin,36,baseline,source,1.6570855609606951,1,160,0,1,159,1,1.6,120000000,6000000000,d3296e1dd18e5f21ef4ff94170c959566bcbdc896294097a5d294fe8105d2068,50d12de34f556ff22a3873f3fef4562ec09e43155895e81284395e45d3c0761a,cc4fdcf9bfe1e400,true
458,io-bios.bin,36,baseline,restored,2.75943895499222,0,261,0,3,261,3,2.6399999999999997,240000000,12000000000,e51221b6ead7c35cf4ff46b7359a2a5057b20f4ad0bdc77638154f3076f25ba0,8740891986fb94b94edd67a3872dc217118cb8291d306773d7a2609bb78ad2a8,2e3becee7fc3c901,true
459,io-bios.bin,36,current,cold,3.340068949153647,0,319,0,3,319,3,3.2199999999999998,240000000,12000000000,e51221b6ead7c35cf4ff46b7359a2a5057b20f4ad0bdc77638154f3076f25ba0,8740891986fb94b94edd67a3872dc217118cb8291d306773d7a2609bb78ad2a8,2e3becee7fc3c901,true
460,io-bios.bin,36,current,source,1.6843461249954998,0,159,0,2,159,2,1.61,120000000,6000000000,d3296e1dd18e5f21ef4ff94170c959566bcbdc896294097a5d294fe8105d2068,50d12de34f556ff22a3873f3fef4562ec09e43155895e81284395e45d3c0761a,cc4fdcf9bfe1e400,true
461,io-bios.bin,36,current,restored,2.7263707539532334,0,261,0,2,261,2,2.63,240000000,12000000000,e51221b6ead7c35cf4ff46b7359a2a5057b20f4ad0bdc77638154f3076f25ba0,8740891986fb94b94edd67a3872dc217118cb8291d306773d7a2609bb78ad2a8,2e3becee7fc3c901,true
462,io-bios.bin,37,current,cold,3.416398504981771,0,318,0,3,318,3,3.21,240000000,12000000000,e51221b6ead7c35cf4ff46b7359a2a5057b20f4ad0bdc77638154f3076f25ba0,8740891986fb94b94edd67a3872dc217118cb8291d306773d7a2609bb78ad2a8,2e3becee7fc3c901,true
463,io-bios.bin,37,current,source,1.675971008837223,0,160,0,2,160,2,1.62,120000000,6000000000,d3296e1dd18e5f21ef4ff94170c959566bcbdc896294097a5d294fe8105d2068,50d12de34f556ff22a3873f3fef4562ec09e43155895e81284395e45d3c0761a,cc4fdcf9bfe1e400,true
464,io-bios.bin,37,current,restored,2.7294090120121837,1,260,0,3,259,3,2.62,240000000,12000000000,e51221b6ead7c35cf4ff46b7359a2a5057b20f4ad0bdc77638154f3076f25ba0,8740891986fb94b94edd67a3872dc217118cb8291d306773d7a2609bb78ad2a8,2e3becee7fc3c901,true
465,io-bios.bin,37,baseline,cold,3.353530079126358,0,317,0,3,317,3,3.1999999999999997,240000000,12000000000,e51221b6ead7c35cf4ff46b7359a2a5057b20f4ad0bdc77638154f3076f25ba0,8740891986fb94b94edd67a3872dc217118cb8291d306773d7a2609bb78ad2a8,2e3becee7fc3c901,true
466,io-bios.bin,37,baseline,source,1.6602395500522107,0,159,0,2,159,2,1.61,120000000,6000000000,d3296e1dd18e5f21ef4ff94170c959566bcbdc896294097a5d294fe8105d2068,50d12de34f556ff22a3873f3fef4562ec09e43155895e81284395e45d3c0761a,cc4fdcf9bfe1e400,true
467,io-bios.bin,37,baseline,restored,2.8454368668608367,1,260,0,3,259,3,2.62,240000000,12000000000,e51221b6ead7c35cf4ff46b7359a2a5057b20f4ad0bdc77638154f3076f25ba0,8740891986fb94b94edd67a3872dc217118cb8291d306773d7a2609bb78ad2a8,2e3becee7fc3c901,true
468,io-bios.bin,38,baseline,cold,3.392043272033334,0,320,0,3,320,3,3.23,240000000,12000000000,e51221b6ead7c35cf4ff46b7359a2a5057b20f4ad0bdc77638154f3076f25ba0,8740891986fb94b94edd67a3872dc217118cb8291d306773d7a2609bb78ad2a8,2e3becee7fc3c901,true
469,io-bios.bin,38,baseline,source,1.6782384719699621,0,159,0,1,159,1,1.6,120000000,6000000000,d3296e1dd18e5f21ef4ff94170c959566bcbdc896294097a5d294fe8105d2068,50d12de34f556ff22a3873f3fef4562ec09e43155895e81284395e45d3c0761a,cc4fdcf9bfe1e400,true
470,io-bios.bin,38,baseline,restored,2.696603045100346,1,257,0,3,256,3,2.59,240000000,12000000000,e51221b6ead7c35cf4ff46b7359a2a5057b20f4ad0bdc77638154f3076f25ba0,8740891986fb94b94edd67a3872dc217118cb8291d306773d7a2609bb78ad2a8,2e3becee7fc3c901,true
471,io-bios.bin,38,current,cold,3.4315036251209676,1,319,0,3,318,3,3.21,240000000,12000000000,e51221b6ead7c35cf4ff46b7359a2a5057b20f4ad0bdc77638154f3076f25ba0,8740891986fb94b94edd67a3872dc217118cb8291d306773d7a2609bb78ad2a8,2e3becee7fc3c901,true
472,io-bios.bin,38,current,source,1.714167775819078,1,159,0,2,158,2,1.6,120000000,6000000000,d3296e1dd18e5f21ef4ff94170c959566bcbdc896294097a5d294fe8105d2068,50d12de34f556ff22a3873f3fef4562ec09e43155895e81284395e45d3c0761a,cc4fdcf9bfe1e400,true
473,io-bios.bin,38,current,restored,2.831916647963226,0,259,1,4,259,3,2.6199999999999997,240000000,12000000000,e51221b6ead7c35cf4ff46b7359a2a5057b20f4ad0bdc77638154f3076f25ba0,8740891986fb94b94edd67a3872dc217118cb8291d306773d7a2609bb78ad2a8,2e3becee7fc3c901,true
474,io-bios.bin,39,current,cold,3.3739728240761906,0,322,1,2,322,1,3.23,240000000,12000000000,e51221b6ead7c35cf4ff46b7359a2a5057b20f4ad0bdc77638154f3076f25ba0,8740891986fb94b94edd67a3872dc217118cb8291d306773d7a2609bb78ad2a8,2e3becee7fc3c901,true
475,io-bios.bin,39,current,source,1.712515102000907,0,160,0,1,160,1,1.61,120000000,6000000000,d3296e1dd18e5f21ef4ff94170c959566bcbdc896294097a5d294fe8105d2068,50d12de34f556ff22a3873f3fef4562ec09e43155895e81284395e45d3c0761a,cc4fdcf9bfe1e400,true
476,io-bios.bin,39,current,restored,2.771205695811659,0,257,0,4,257,4,2.61,240000000,12000000000,e51221b6ead7c35cf4ff46b7359a2a5057b20f4ad0bdc77638154f3076f25ba0,8740891986fb94b94edd67a3872dc217118cb8291d306773d7a2609bb78ad2a8,2e3becee7fc3c901,true
477,io-bios.bin,39,baseline,cold,3.3426156470086426,1,317,0,3,316,3,3.19,240000000,12000000000,e51221b6ead7c35cf4ff46b7359a2a5057b20f4ad0bdc77638154f3076f25ba0,8740891986fb94b94edd67a3872dc217118cb8291d306773d7a2609bb78ad2a8,2e3becee7fc3c901,true
478,io-bios.bin,39,baseline,source,1.6969034459907562,1,159,0,2,158,2,1.6,120000000,6000000000,d3296e1dd18e5f21ef4ff94170c959566bcbdc896294097a5d294fe8105d2068,50d12de34f556ff22a3873f3fef4562ec09e43155895e81284395e45d3c0761a,cc4fdcf9bfe1e400,true
479,io-bios.bin,39,baseline,restored,2.7426028731279075,1,258,0,2,257,2,2.5900000000000003,240000000,12000000000,e51221b6ead7c35cf4ff46b7359a2a5057b20f4ad0bdc77638154f3076f25ba0,8740891986fb94b94edd67a3872dc217118cb8291d306773d7a2609bb78ad2a8,2e3becee7fc3c901,true
