# Generation-eight object requirements coverage. Generated exact column list; policies are explicit and fail closed on shape changes.
# table	column	family	policy
audit_log	id	application_dependency	value
audit_log	outbox_event_id	application_dependency	value
audit_log	change_id	application_dependency	value
audit_log	actor_kind	application_dependency	value
audit_log	actor_id	application_dependency	value
audit_log	actor_label	application_dependency	value
audit_log	action	application_dependency	value
audit_log	scope	application_dependency	value
audit_log	result_commit	application_dependency	value
audit_log	result_tag	application_dependency	value
audit_log	detail	application_dependency	dependency_digest
audit_log	created_at	application_dependency	value
authorization_scope_ancestors	descendant_scope_key	none	omit
authorization_scope_ancestors	ancestor_scope_key	none	omit
authorization_scope_ancestors	depth	none	omit
authorization_scopes	scope_key	none	omit
authorization_scopes	kind	none	omit
authorization_scopes	org_id	none	omit
authorization_scopes	parent_scope_key	none	omit
authorization_scopes	resource_stable_id	none	omit
authorization_scopes	owner_guard_version	none	omit
authorization_scopes	retired_at	none	omit
authorization_scopes	created_at	none	omit
binary_caches	id	cache_store_root	value
binary_caches	stable_id	cache_store_root	value
binary_caches	org_id	cache_store_root	value
binary_caches	slug	cache_store_root	value
binary_caches	name	cache_store_root	value
binary_caches	visibility	cache_store_root	value
binary_caches	priority	cache_store_root	value
binary_caches	compression	cache_store_root	value
binary_caches	want_mass_query	cache_store_root	value
binary_caches	created_at	cache_store_root	value
binary_caches	deleted_at	cache_store_root	value
binary_caches	purge_after	cache_store_root	value
binary_caches	scope_key	cache_store_root	value
binary_caches	owner_scope_key	cache_store_root	value
binary_caches	scope_kind	cache_store_root	value
binary_caches	resource_version	cache_store_root	value
binary_caches	updated_at	cache_store_root	value
binding_consumer_scopes	binding_id	authority_dependency	value
binding_consumer_scopes	consumer_scope_key	authority_dependency	value
binding_consumer_scopes	grant_generation	authority_dependency	value
binding_consumer_scopes	grant_kind	authority_dependency	value
binding_consumer_scopes	state	authority_dependency	value
binding_consumer_scopes	granted_by	authority_dependency	value
binding_consumer_scopes	granted_at	authority_dependency	value
binding_consumer_scopes	revoked_by	authority_dependency	value
binding_consumer_scopes	revoked_at	authority_dependency	value
binding_consumer_scopes	resource_version	authority_dependency	value
binding_credential_heads	binding_id	authority_dependency	value
binding_credential_heads	purpose	authority_dependency	value
binding_credential_heads	current_generation	authority_dependency	value
binding_credential_heads	resource_version	authority_dependency	value
binding_credential_heads	updated_at	authority_dependency	value
binding_credential_revisions	binding_id	authority_dependency	value
binding_credential_revisions	purpose	authority_dependency	value
binding_credential_revisions	generation	authority_dependency	value
binding_credential_revisions	secret_version_ref	authority_dependency	value
binding_credential_revisions	validation_state	authority_dependency	value
binding_credential_revisions	validated_at	authority_dependency	value
binding_credential_revisions	validation_error	authority_dependency	dependency_digest
binding_credential_revisions	credential_fingerprint	authority_dependency	value
binding_credential_revisions	created_by	authority_dependency	value
binding_credential_revisions	created_at	authority_dependency	value
binding_identity_reservations	stable_id	authority_dependency	value
binding_identity_reservations	reservation_id	authority_dependency	value
binding_identity_reservations	reserved_at	authority_dependency	value
binding_scope_grant_pins	pin_id	authority_dependency	value
binding_scope_grant_pins	binding_id	authority_dependency	value
binding_scope_grant_pins	consumer_scope_key	authority_dependency	value
binding_scope_grant_pins	grant_generation	authority_dependency	value
binding_scope_grant_pins	grant_state	authority_dependency	value
binding_scope_grant_pins	target_kind	authority_dependency	value
binding_scope_grant_pins	target_stable_id	authority_dependency	value
binding_scope_grant_pins	target_generation_key	authority_dependency	value
binding_scope_grant_pins	target_configuration_digest	authority_dependency	value
binding_scope_grant_pins	resource_version	authority_dependency	value
binding_storage_authority_revisions	association_id	authority_dependency	value
binding_storage_authority_revisions	authority_id	authority_dependency	value
binding_storage_authority_revisions	alias_id	authority_dependency	value
binding_storage_authority_revisions	binding_id	authority_dependency	value
binding_storage_authority_revisions	binding_resource_version	authority_dependency	value
binding_storage_authority_revisions	binding_write_revision	authority_dependency	value
binding_storage_authority_revisions	binding_prefix	authority_dependency	value
binding_storage_authority_revisions	specification_json	authority_dependency	value
binding_storage_authority_revisions	approval_plan_id	authority_dependency	value
binding_storage_authority_revisions	approved_at	authority_dependency	value
binding_write_observations	binding_id	authority_dependency	value
binding_write_observations	revision	authority_dependency	value
binding_write_observations	state	authority_dependency	value
binding_write_observations	validated_at	authority_dependency	value
binding_write_observations	error	authority_dependency	dependency_digest
binding_write_observations	observation_version	authority_dependency	value
binding_write_revisions	binding_id	authority_dependency	value
binding_write_revisions	revision	authority_dependency	value
binding_write_revisions	write_credential_version_ref	authority_dependency	value
binding_write_revisions	writes_supported	authority_dependency	value
binding_write_revisions	conditional_writes_supported	authority_dependency	value
binding_write_revisions	revision_fingerprint	authority_dependency	value
binding_write_revisions	capability_fingerprint	authority_dependency	value
binding_write_revisions	created_at	authority_dependency	value
binding_write_revisions	write_credential_purpose	authority_dependency	value
binding_write_revisions	write_credential_generation	authority_dependency	value
binding_write_state	binding_id	authority_dependency	value
binding_write_state	current_write_revision	authority_dependency	value
binding_write_state	resource_version	authority_dependency	value
binding_write_state	updated_at	authority_dependency	value
bindings	id	authority_dependency	value
bindings	org_id	authority_dependency	value
bindings	name	authority_dependency	value
bindings	kind	authority_dependency	value
bindings	is_instance_default	authority_dependency	value
bindings	instance_default_key	authority_dependency	value
bindings	created_at	authority_dependency	value
bindings	stable_id	authority_dependency	value
bindings	owner_scope_key	authority_dependency	value
bindings	local_root_path	authority_dependency	dependency_digest
bindings	object_bucket	authority_dependency	value
bindings	object_prefix	authority_dependency	value
bindings	endpoint_scheme	authority_dependency	value
bindings	endpoint_host_kind	authority_dependency	value
bindings	endpoint_host_bytes	authority_dependency	value
bindings	endpoint_port	authority_dependency	value
bindings	signing_region	authority_dependency	value
bindings	access_mode	authority_dependency	value
bindings	resource_version	authority_dependency	value
bindings	updated_at	authority_dependency	value
cache_gc_action_dependencies	cache_id	mutation_dependency	value
cache_gc_action_dependencies	plan_id	mutation_dependency	value
cache_gc_action_dependencies	action_id	mutation_dependency	value
cache_gc_action_dependencies	prerequisite_action_id	mutation_dependency	value
cache_gc_action_jobs	cache_id	mutation_dependency	value
cache_gc_action_jobs	plan_id	mutation_dependency	value
cache_gc_action_jobs	action_id	mutation_dependency	value
cache_gc_action_jobs	job_id	mutation_dependency	value
cache_gc_action_jobs	surface_object_id	mutation_dependency	value
cache_gc_action_jobs	placement_id	mutation_dependency	value
cache_gc_apply_assertions	cache_id	mutation_dependency	value
cache_gc_apply_assertions	plan_id	mutation_dependency	value
cache_gc_apply_assertions	claim_id	mutation_dependency	value
cache_gc_apply_assertions	ok	mutation_dependency	value
cache_gc_apply_assertions	asserted_at	mutation_dependency	value
cache_gc_apply_claims	cache_id	mutation_dependency	value
cache_gc_apply_claims	plan_id	mutation_dependency	value
cache_gc_apply_claims	claim_id	mutation_dependency	value
cache_gc_apply_claims	expected_epoch	mutation_dependency	value
cache_gc_apply_claims	manifest_digest	mutation_dependency	value
cache_gc_apply_claims	actor_scope_digest	mutation_dependency	value
cache_gc_apply_claims	confirmation_hash	mutation_dependency	value
cache_gc_apply_claims	claimed_at	mutation_dependency	value
cache_gc_deletion_capacity	cache_id	mutation_dependency	value
cache_gc_deletion_capacity	running_count	mutation_dependency	value
cache_gc_epoch_assertions	mutation_id	mutation_dependency	value
cache_gc_epoch_assertions	cache_id	mutation_dependency	value
cache_gc_epoch_assertions	expected_epoch	mutation_dependency	value
cache_gc_epoch_assertions	resulting_epoch	mutation_dependency	value
cache_gc_epoch_assertions	epoch_owner_token	mutation_dependency	value
cache_gc_epoch_assertions	mutation_kind	mutation_dependency	value
cache_gc_epoch_assertions	ok	mutation_dependency	value
cache_gc_epoch_assertions	asserted_at	mutation_dependency	value
cache_gc_first_sweep_acknowledgements	acknowledgement_id	mutation_dependency	value
cache_gc_first_sweep_acknowledgements	cache_id	mutation_dependency	value
cache_gc_first_sweep_acknowledgements	gc_plan_id	mutation_dependency	value
cache_gc_first_sweep_acknowledgements	state	mutation_dependency	value
cache_gc_first_sweep_acknowledgements	expected_cache_epoch	mutation_dependency	value
cache_gc_first_sweep_acknowledgements	expected_gc_policy_version	mutation_dependency	value
cache_gc_first_sweep_acknowledgements	gc_manifest_digest	mutation_dependency	value
cache_gc_first_sweep_acknowledgements	confirmation_hash	mutation_dependency	value
cache_gc_first_sweep_acknowledgements	created_by	mutation_dependency	value
cache_gc_first_sweep_acknowledgements	acknowledged_by	mutation_dependency	value
cache_gc_first_sweep_acknowledgements	created_at	mutation_dependency	value
cache_gc_first_sweep_acknowledgements	expires_at	mutation_dependency	value
cache_gc_first_sweep_acknowledgements	acknowledged_at	mutation_dependency	value
cache_gc_generation_coverage_errors	cache_id	mutation_dependency	value
cache_gc_generation_coverage_errors	generation_id	mutation_dependency	value
cache_gc_generation_coverage_errors	error_id	mutation_dependency	value
cache_gc_generation_coverage_errors	kind	mutation_dependency	value
cache_gc_generation_coverage_errors	store_hash	mutation_dependency	value
cache_gc_generation_coverage_errors	referenced_store_hash	mutation_dependency	value
cache_gc_generation_coverage_errors	detail	mutation_dependency	dependency_digest
cache_gc_generation_placements	cache_id	mutation_dependency	value
cache_gc_generation_placements	generation_id	mutation_dependency	value
cache_gc_generation_placements	placement_id	mutation_dependency	value
cache_gc_generation_placements	placement_resource_version	mutation_dependency	value
cache_gc_generation_placements	placement_name	mutation_dependency	value
cache_gc_generation_placements	binding_id	mutation_dependency	value
cache_gc_generation_placements	binding_stable_id	mutation_dependency	value
cache_gc_generation_placements	binding_resource_version	mutation_dependency	value
cache_gc_generation_placements	prefix	mutation_dependency	value
cache_gc_generation_placements	placement_kind	mutation_dependency	value
cache_gc_generation_placements	desired_state	mutation_dependency	value
cache_gc_generation_placements	write_spec_version	mutation_dependency	value
cache_gc_generation_placements	requires_conditional_writes	mutation_dependency	value
cache_gc_generation_roots	cache_id	mutation_dependency	value
cache_gc_generation_roots	generation_id	mutation_dependency	value
cache_gc_generation_roots	root_reason_id	mutation_dependency	value
cache_gc_generation_roots	store_hash	mutation_dependency	value
cache_gc_generations	generation_id	mutation_dependency	value
cache_gc_generations	cache_id	mutation_dependency	value
cache_gc_generations	state	mutation_dependency	value
cache_gc_generations	cutoff_at	mutation_dependency	value
cache_gc_generations	expected_epoch	mutation_dependency	value
cache_gc_generations	root_generation	mutation_dependency	value
cache_gc_generations	object_graph_generation	mutation_dependency	value
cache_gc_generations	inventory_generation	mutation_dependency	value
cache_gc_generations	gc_policy_version	mutation_dependency	value
cache_gc_generations	topology_version	mutation_dependency	value
cache_gc_generations	parent_mark_generation_id	mutation_dependency	value
cache_gc_generations	scanned_object_count	mutation_dependency	value
cache_gc_generations	root_count	mutation_dependency	value
cache_gc_generations	marked_object_count	mutation_dependency	value
cache_gc_generations	coverage_error_count	mutation_dependency	value
cache_gc_generations	error	mutation_dependency	dependency_digest
cache_gc_generations	created_at	mutation_dependency	value
cache_gc_generations	completed_at	mutation_dependency	value
cache_gc_heads	cache_id	mutation_dependency	value
cache_gc_heads	current_mark_generation_id	mutation_dependency	value
cache_gc_heads	first_sweep_acknowledgement_id	mutation_dependency	value
cache_gc_heads	first_sweep_acknowledgement_state	mutation_dependency	value
cache_gc_heads	first_sweep_acknowledged_at	mutation_dependency	value
cache_gc_heads	resource_version	mutation_dependency	value
cache_gc_heads	updated_at	mutation_dependency	value
cache_gc_marks	cache_id	mutation_dependency	value
cache_gc_marks	generation_id	mutation_dependency	value
cache_gc_marks	cache_object_id	mutation_dependency	value
cache_gc_operation_jobs	operation_id	mutation_dependency	value
cache_gc_operation_jobs	cache_id	mutation_dependency	value
cache_gc_operation_jobs	operation_target_kind	mutation_dependency	value
cache_gc_operation_jobs	operation_target_stable_id	mutation_dependency	value
cache_gc_operation_jobs	plan_id	mutation_dependency	value
cache_gc_operation_jobs	job_id	mutation_dependency	value
cache_gc_plan_actions	action_id	mutation_dependency	value
cache_gc_plan_actions	cache_id	mutation_dependency	value
cache_gc_plan_actions	plan_id	mutation_dependency	value
cache_gc_plan_actions	surface_object_id	mutation_dependency	value
cache_gc_plan_actions	placement_id	mutation_dependency	value
cache_gc_plan_actions	phase	mutation_dependency	value
cache_gc_plan_actions	expected_etag	mutation_dependency	value
cache_gc_plan_actions	expected_hash	mutation_dependency	value
cache_gc_plan_actions	expected_size	mutation_dependency	value
cache_gc_plan_actions	expected_inventory_generation	mutation_dependency	value
cache_gc_plan_actions	binding_id	mutation_dependency	value
cache_gc_plan_actions	binding_resource_version	mutation_dependency	value
cache_gc_plan_actions	delete_credential_purpose	mutation_dependency	value
cache_gc_plan_actions	delete_credential_generation	mutation_dependency	value
cache_gc_plan_actions	estimated_reclaimable_bytes	mutation_dependency	value
cache_gc_plan_actions	expected_provider_version	mutation_dependency	value
cache_gc_plan_build_assertions	cache_id	mutation_dependency	value
cache_gc_plan_build_assertions	plan_id	mutation_dependency	value
cache_gc_plan_build_assertions	ok	mutation_dependency	value
cache_gc_plan_build_assertions	asserted_at	mutation_dependency	value
cache_gc_plan_object_actions	cache_id	mutation_dependency	value
cache_gc_plan_object_actions	plan_id	mutation_dependency	value
cache_gc_plan_object_actions	cache_object_id	mutation_dependency	value
cache_gc_plan_object_actions	action_id	mutation_dependency	value
cache_gc_plan_objects	cache_id	mutation_dependency	value
cache_gc_plan_objects	plan_id	mutation_dependency	value
cache_gc_plan_objects	cache_object_id	mutation_dependency	value
cache_gc_plan_objects	store_hash	mutation_dependency	value
cache_gc_plan_objects	expected_object_version	mutation_dependency	value
cache_gc_plan_objects	expected_unreferenced_since	mutation_dependency	value
cache_gc_plan_objects	eligibility_reason	mutation_dependency	value
cache_gc_plan_objects	logical_bytes	mutation_dependency	value
cache_gc_plans	plan_id	mutation_dependency	value
cache_gc_plans	cache_id	mutation_dependency	value
cache_gc_plans	generation_id	mutation_dependency	value
cache_gc_plans	expected_epoch	mutation_dependency	value
cache_gc_plans	input_versions_digest	mutation_dependency	value
cache_gc_plans	manifest_digest	mutation_dependency	value
cache_gc_plans	actor_scope_digest	mutation_dependency	value
cache_gc_plans	confirmation_hash	mutation_dependency	value
cache_gc_plans	created_by	mutation_dependency	value
cache_gc_plans	request_idempotency_key	mutation_dependency	value
cache_gc_plans	request_digest	mutation_dependency	value
cache_gc_plans	created_at	mutation_dependency	value
cache_gc_plans	expires_at	mutation_dependency	value
cache_gc_plans	applied_at	mutation_dependency	value
cache_gc_plans	operation_id	mutation_dependency	value
cache_gc_plans	operation_target_kind	mutation_dependency	value
cache_gc_plans	operation_target_stable_id	mutation_dependency	value
cache_gc_policies	cache_id	mutation_dependency	value
cache_gc_policies	unreferenced_grace_secs	mutation_dependency	value
cache_gc_policies	soft_max_bytes	mutation_dependency	value
cache_gc_policies	soft_max_objects	mutation_dependency	value
cache_gc_policies	schedule_secs	mutation_dependency	value
cache_gc_policies	deletion_concurrency	mutation_dependency	value
cache_gc_policies	retry_initial_secs	mutation_dependency	value
cache_gc_policies	retry_max_secs	mutation_dependency	value
cache_gc_policies	retry_max_attempts	mutation_dependency	value
cache_gc_policies	tombstone_retention_secs	mutation_dependency	value
cache_gc_policies	resource_version	mutation_dependency	value
cache_gc_retry_requests	cache_id	mutation_dependency	value
cache_gc_retry_requests	job_id	mutation_dependency	value
cache_gc_retry_requests	idempotency_key	mutation_dependency	value
cache_gc_retry_requests	expected_resource_version	mutation_dependency	value
cache_gc_retry_requests	resulting_resource_version	mutation_dependency	value
cache_gc_retry_requests	requested_at	mutation_dependency	value
cache_gc_state	cache_id	mutation_dependency	value
cache_gc_state	epoch	mutation_dependency	value
cache_gc_state	epoch_owner_token	mutation_dependency	value
cache_gc_state	root_generation	mutation_dependency	value
cache_gc_state	object_graph_generation	mutation_dependency	value
cache_gc_state	inventory_generation	mutation_dependency	value
cache_gc_state	topology_generation	mutation_dependency	value
cache_gc_state	destructive_enabled	mutation_dependency	value
cache_gc_state	resource_version	mutation_dependency	value
cache_inventory_candidate_references	cache_id	cache_store_root	value
cache_inventory_candidate_references	generation	cache_store_root	value
cache_inventory_candidate_references	store_hash	cache_store_root	value
cache_inventory_candidate_references	placement_id	cache_store_root	value
cache_inventory_candidate_references	referenced_store_hash	cache_store_root	value
cache_inventory_generations	cache_id	cache_store_root	value
cache_inventory_generations	generation	cache_store_root	value
cache_inventory_generations	owner_token	cache_store_root	value
cache_inventory_generations	lease_expires_at	cache_store_root	value
cache_inventory_generations	state	cache_store_root	value
cache_inventory_generations	content_digest	cache_store_root	value
cache_inventory_generations	published_at	cache_store_root	value
cache_inventory_generations	created_at	cache_store_root	value
cache_inventory_listed_objects	cache_id	cache_store_root	value
cache_inventory_listed_objects	generation	cache_store_root	value
cache_inventory_listed_objects	placement_id	cache_store_root	value
cache_inventory_listed_objects	object_key	cache_store_root	value
cache_inventory_listed_objects	observed_sha256	cache_store_root	value
cache_inventory_listed_objects	observed_size	cache_store_root	value
cache_inventory_listed_objects	etag	cache_store_root	value
cache_inventory_listed_objects	provider_version	cache_store_root	value
cache_inventory_narinfo_candidates	cache_id	cache_store_root	value
cache_inventory_narinfo_candidates	generation	cache_store_root	value
cache_inventory_narinfo_candidates	store_hash	cache_store_root	value
cache_inventory_narinfo_candidates	placement_id	cache_store_root	value
cache_inventory_narinfo_candidates	identity_digest	cache_store_root	value
cache_inventory_narinfo_candidates	narinfo_object_key	cache_store_root	value
cache_inventory_narinfo_candidates	nar_object_key	cache_store_root	value
cache_inventory_narinfo_candidates	store_name	cache_store_root	value
cache_inventory_narinfo_candidates	nar_hash	cache_store_root	value
cache_inventory_narinfo_candidates	nar_size	cache_store_root	value
cache_inventory_narinfo_candidates	file_hash	cache_store_root	value
cache_inventory_narinfo_candidates	file_size	cache_store_root	value
cache_inventory_narinfo_candidates	compression	cache_store_root	value
cache_inventory_narinfo_candidates	deriver	cache_store_root	value
cache_inventory_narinfo_candidates	signature	cache_store_root	dependency_digest
cache_inventory_narinfo_candidates	content_address	cache_store_root	dependency_digest
cache_inventory_narinfo_candidates	published_at	cache_store_root	value
cache_inventory_object_observations	cache_id	cache_store_root	value
cache_inventory_object_observations	generation	cache_store_root	value
cache_inventory_object_observations	object_key	cache_store_root	value
cache_inventory_object_observations	placement_id	cache_store_root	value
cache_inventory_object_observations	state	cache_store_root	value
cache_inventory_object_observations	observed_hash	cache_store_root	value
cache_inventory_object_observations	observed_size	cache_store_root	value
cache_inventory_object_observations	etag	cache_store_root	value
cache_inventory_object_observations	observed_at	cache_store_root	value
cache_inventory_object_observations	provider_version	cache_store_root	value
cache_inventory_placement_scans	cache_id	cache_store_root	value
cache_inventory_placement_scans	generation	cache_store_root	value
cache_inventory_placement_scans	placement_id	cache_store_root	value
cache_inventory_placement_scans	placement_resource_version	cache_store_root	value
cache_inventory_placement_scans	binding_id	cache_store_root	value
cache_inventory_placement_scans	binding_resource_version	cache_store_root	value
cache_inventory_placement_scans	content_digest	cache_store_root	value
cache_inventory_placement_scans	object_count	cache_store_root	value
cache_inventory_placement_scans	completed_at	cache_store_root	value
cache_inventory_placement_scans	selected_at	cache_store_root	value
cache_inventory_staged_surface_objects	cache_id	cache_store_root	value
cache_inventory_staged_surface_objects	generation	cache_store_root	value
cache_inventory_staged_surface_objects	placement_id	cache_store_root	value
cache_inventory_staged_surface_objects	object_key	cache_store_root	value
cache_inventory_staged_surface_objects	partition_key	cache_store_root	value
cache_inventory_staged_surface_objects	content_hash	cache_store_root	value
cache_inventory_staged_surface_objects	size	cache_store_root	value
cache_nar_objects	cache_id	cache_store_root	value
cache_nar_objects	nar_surface_object_id	cache_store_root	value
cache_nar_objects	nar_hash	cache_store_root	value
cache_nar_objects	nar_size	cache_store_root	value
cache_nar_objects	file_hash	cache_store_root	value
cache_nar_objects	file_size	cache_store_root	value
cache_nar_objects	compression	cache_store_root	value
cache_nar_objects	resource_version	cache_store_root	value
cache_object_mutation_fences	cache_id	cache_store_root	value
cache_object_mutation_fences	store_hash	cache_store_root	value
cache_object_mutation_fences	operation_id	cache_store_root	value
cache_object_mutation_fences	operation_target_kind	cache_store_root	value
cache_object_mutation_fences	operation_target_stable_id	cache_store_root	value
cache_object_mutation_fences	kind	cache_store_root	value
cache_object_mutation_fences	state	cache_store_root	value
cache_object_mutation_fences	resource_version	cache_store_root	value
cache_object_references	cache_id	cache_store_root	value
cache_object_references	cache_object_id	cache_store_root	value
cache_object_references	referenced_store_hash	cache_store_root	value
cache_object_references	referenced_cache_object_id	cache_store_root	value
cache_objects	id	cache_store_root	value
cache_objects	cache_id	cache_store_root	value
cache_objects	store_hash	cache_store_root	value
cache_objects	store_name	cache_store_root	value
cache_objects	narinfo_surface_object_id	cache_store_root	value
cache_objects	nar_surface_object_id	cache_store_root	value
cache_objects	nar_hash	cache_store_root	value
cache_objects	nar_size	cache_store_root	value
cache_objects	file_hash	cache_store_root	value
cache_objects	file_size	cache_store_root	value
cache_objects	compression	cache_store_root	value
cache_objects	deriver	cache_store_root	value
cache_objects	signature	cache_store_root	dependency_digest
cache_objects	content_address	cache_store_root	dependency_digest
cache_objects	reference_count	cache_store_root	value
cache_objects	lifecycle_state	cache_store_root	value
cache_objects	published_at	cache_store_root	value
cache_objects	last_access_observed_at	cache_store_root	value
cache_objects	last_access_source	cache_store_root	value
cache_objects	unreferenced_since	cache_store_root	value
cache_objects	tombstoned_at	cache_store_root	value
cache_objects	resource_version	cache_store_root	value
cache_population_targets	id	cache_store_root	value
cache_population_targets	cache_id	cache_store_root	value
cache_population_targets	registry_id	cache_store_root	value
cache_population_targets	trigger_kind	cache_store_root	value
cache_population_targets	required	cache_store_root	value
cache_population_targets	placement_policy_revision_id	cache_store_root	value
cache_population_targets	placement_policy_revision_state	cache_store_root	value
cache_population_targets	selector_json	cache_store_root	dependency_digest
cache_population_targets	validation_gate	cache_store_root	value
cache_population_targets	enabled	cache_store_root	value
cache_population_targets	resource_version	cache_store_root	value
cache_population_targets	created_at	cache_store_root	value
cache_population_targets	updated_at	cache_store_root	value
cache_retention_refresh_heads	subscription_id	cache_store_root	value
cache_retention_refresh_heads	cache_id	cache_store_root	value
cache_retention_refresh_heads	registry_id	cache_store_root	value
cache_retention_refresh_heads	current_refresh_id	cache_store_root	value
cache_retention_refresh_heads	resource_version	cache_store_root	value
cache_retention_refresh_heads	updated_at	cache_store_root	value
cache_retention_refreshes	refresh_id	cache_store_root	value
cache_retention_refreshes	subscription_id	cache_store_root	value
cache_retention_refreshes	cache_id	cache_store_root	value
cache_retention_refreshes	registry_id	cache_store_root	value
cache_retention_refreshes	parent_refresh_id	cache_store_root	value
cache_retention_refreshes	expected_parent_refresh_id	cache_store_root	value
cache_retention_refreshes	expected_subscription_version	cache_store_root	value
cache_retention_refreshes	expected_cache_epoch	cache_store_root	value
cache_retention_refreshes	selector_digest	cache_store_root	value
cache_retention_refreshes	registry_source_revision	cache_store_root	value
cache_retention_refreshes	registry_index_generation	cache_store_root	value
cache_retention_refreshes	registry_index_digest	cache_store_root	value
cache_retention_refreshes	state	cache_store_root	value
cache_retention_refreshes	error	cache_store_root	dependency_digest
cache_retention_refreshes	started_at	cache_store_root	value
cache_retention_refreshes	activated_at	cache_store_root	value
cache_retention_refreshes	parent_grace_until	cache_store_root	value
cache_retention_refreshes	finished_at	cache_store_root	value
cache_retention_refreshes	expected_reason_count	cache_store_root	value
cache_retention_refreshes	actual_reason_count	cache_store_root	value
cache_retention_subscriptions	id	cache_store_root	value
cache_retention_subscriptions	cache_id	cache_store_root	value
cache_retention_subscriptions	registry_id	cache_store_root	value
cache_retention_subscriptions	selector_json	cache_store_root	dependency_digest
cache_retention_subscriptions	selector_digest	cache_store_root	value
cache_retention_subscriptions	removal_grace_secs	cache_store_root	value
cache_retention_subscriptions	exposure_acknowledged_at	cache_store_root	value
cache_retention_subscriptions	enabled	cache_store_root	value
cache_retention_subscriptions	last_successful_revision	cache_store_root	value
cache_retention_subscriptions	last_refresh_at	cache_store_root	value
cache_retention_subscriptions	refresh_state	cache_store_root	value
cache_retention_subscriptions	refresh_error	cache_store_root	dependency_digest
cache_retention_subscriptions	retired_at	cache_store_root	value
cache_retention_subscriptions	resource_version	cache_store_root	value
cache_retention_subscriptions	created_at	cache_store_root	value
cache_retention_subscriptions	updated_at	cache_store_root	value
cache_root_reasons	id	cache_store_root	value
cache_root_reasons	cache_id	cache_store_root	value
cache_root_reasons	registry_id	cache_store_root	value
cache_root_reasons	store_hash	cache_store_root	value
cache_root_reasons	reason_key	cache_store_root	value
cache_root_reasons	source_kind	cache_store_root	value
cache_root_reasons	refresh_id	cache_store_root	value
cache_root_reasons	retention_subscription_id	cache_store_root	value
cache_root_reasons	manual_retention_root_id	cache_store_root	value
cache_root_reasons	retention_lease_id	cache_store_root	value
cache_root_reasons	release_id	cache_store_root	value
cache_root_reasons	channel_id	cache_store_root	value
cache_root_reasons	partition_bucket	cache_store_root	value
cache_root_reasons	source_ref	cache_store_root	value
cache_root_reasons	source_revision	cache_store_root	value
cache_root_reasons	expires_at	cache_store_root	value
cache_root_reasons	refreshed_at	cache_store_root	value
cache_root_release_provenance	root_reason_id	cache_store_root	value
cache_root_release_provenance	cache_id	cache_store_root	value
cache_root_release_provenance	registry_id	cache_store_root	value
cache_root_release_provenance	release_id	cache_store_root	value
cache_root_release_provenance	release_snapshot_id	cache_store_root	value
cache_write_ticket_parts	ticket_id	mutation_dependency	value
cache_write_ticket_parts	part_number	mutation_dependency	value
cache_write_ticket_parts	admitted_size	mutation_dependency	value
cache_write_ticket_parts	body_digest	mutation_dependency	value
cache_write_ticket_parts	state	mutation_dependency	value
cache_write_ticket_parts	etag	mutation_dependency	value
cache_write_tickets	ticket_id	mutation_dependency	value
cache_write_tickets	cache_id	mutation_dependency	value
cache_write_tickets	object_key	mutation_dependency	value
cache_write_tickets	declared_size	mutation_dependency	value
cache_write_tickets	observed_final_size	mutation_dependency	value
cache_write_tickets	prior_object_size	mutation_dependency	value
cache_write_tickets	prior_object_hash	mutation_dependency	value
cache_write_tickets	prior_object_etag	mutation_dependency	value
cache_write_tickets	intended_object_hash	mutation_dependency	value
cache_write_tickets	uploaded_size	mutation_dependency	value
cache_write_tickets	upload_kind	mutation_dependency	value
cache_write_tickets	placement_id	mutation_dependency	value
cache_write_tickets	placement_resource_version	mutation_dependency	value
cache_write_tickets	placement_write_spec_version	mutation_dependency	value
cache_write_tickets	binding_id	mutation_dependency	value
cache_write_tickets	binding_resource_version	mutation_dependency	value
cache_write_tickets	binding_write_revision	mutation_dependency	value
cache_write_tickets	write_credential_purpose	mutation_dependency	value
cache_write_tickets	write_credential_generation	mutation_dependency	value
cache_write_tickets	presign_credential_purpose	mutation_dependency	value
cache_write_tickets	presign_credential_generation	mutation_dependency	value
cache_write_tickets	starting_inventory_generation	mutation_dependency	value
cache_write_tickets	covered_inventory_generation	mutation_dependency	value
cache_write_tickets	backend_upload_id	mutation_dependency	value
cache_write_tickets	direct_upload_acknowledged_at	mutation_dependency	value
cache_write_tickets	direct_upload_observed_etag	mutation_dependency	value
cache_write_tickets	direct_upload_observed_hash	mutation_dependency	value
cache_write_tickets	direct_upload_observed_size	mutation_dependency	value
cache_write_tickets	quota_org_id	mutation_dependency	value
cache_write_tickets	quota_delta_bytes	mutation_dependency	value
cache_write_tickets	quota_delta_objects	mutation_dependency	value
cache_write_tickets	quota_state	mutation_dependency	value
cache_write_tickets	state	mutation_dependency	value
cache_write_tickets	active_cache_slot	mutation_dependency	value
cache_write_tickets	expires_at	mutation_dependency	value
cache_write_tickets	recovery_attempts	mutation_dependency	value
cache_write_tickets	recovery_after	mutation_dependency	value
cache_write_tickets	recovery_error	mutation_dependency	dependency_digest
cache_write_tickets	resource_version	mutation_dependency	value
cache_write_tickets	created_at	mutation_dependency	value
cache_write_tickets	finished_at	mutation_dependency	value
cache_write_tickets	backend_create_token	mutation_dependency	value
cache_write_tickets	backend_create_expires_at	mutation_dependency	value
change_comments	id	application_dependency	value
change_comments	change_id	application_dependency	value
change_comments	actor_kind	application_dependency	value
change_comments	actor_id	application_dependency	value
change_comments	actor_label	application_dependency	value
change_comments	body	application_dependency	dependency_digest
change_comments	created_at	application_dependency	value
change_request_revisions	id	application_dependency	value
change_request_revisions	change_id	application_dependency	value
change_request_revisions	object_type	application_dependency	value
change_request_revisions	object_id	application_dependency	value
change_request_revisions	op	application_dependency	value
change_request_revisions	old_json	application_dependency	dependency_digest
change_request_revisions	new_json	application_dependency	dependency_digest
change_request_revisions	seq	application_dependency	value
change_requests	change_id	application_dependency	value
change_requests	actor_kind	application_dependency	value
change_requests	actor_id	application_dependency	value
change_requests	actor_label	application_dependency	value
change_requests	scope	application_dependency	value
change_requests	status	application_dependency	value
change_requests	summary	application_dependency	value
change_requests	created_at	application_dependency	value
change_requests	applied_at	application_dependency	value
change_requests	reverted_by_change_id	application_dependency	value
change_requests	git_ref	application_dependency	value
change_requests	git_commit	application_dependency	value
change_requests	title	application_dependency	value
change_requests	body	application_dependency	dependency_digest
change_requests	closed_at	application_dependency	value
change_reviews	id	application_dependency	value
change_reviews	change_id	application_dependency	value
change_reviews	actor_kind	application_dependency	value
change_reviews	actor_id	application_dependency	value
change_reviews	actor_label	application_dependency	value
change_reviews	verdict	application_dependency	value
change_reviews	body	application_dependency	dependency_digest
change_reviews	created_at	application_dependency	value
channel_floors	registry_id	none	omit
channel_floors	channel	none	omit
channel_floors	floor	none	omit
channel_partitions	channel_id	none	omit
channel_partitions	bucket	none	omit
channel_partitions	release	none	omit
channels	id	none	omit
channels	registry_id	none	omit
channels	name	none	omit
channels	frontier	none	omit
channels	active	none	omit
consumer_cache_publication_intents	change_id	application_dependency	value
consumer_cache_publication_intents	registry_id	application_dependency	value
consumer_cache_publication_intents	committed_url	application_dependency	dependency_digest
consumer_cache_publication_intents	cache_id	application_dependency	value
consumer_cache_publication_intents	route_id	application_dependency	value
consumer_cache_publication_intents	route_configuration_generation	application_dependency	value
consumer_cache_publication_intents	route_configuration_digest	application_dependency	value
consumer_cache_publication_intents	created_at	application_dependency	value
consumer_scope_grant_events	event_id	none	omit
consumer_scope_grant_events	resource_kind	none	omit
consumer_scope_grant_events	resource_stable_id	none	omit
consumer_scope_grant_events	resource_generation_key	none	omit
consumer_scope_grant_events	consumer_scope_key	none	omit
consumer_scope_grant_events	grant_generation	none	omit
consumer_scope_grant_events	transition	none	omit
consumer_scope_grant_events	previous_state	none	omit
consumer_scope_grant_events	resulting_state	none	omit
consumer_scope_grant_events	actor_id	none	omit
consumer_scope_grant_events	occurred_at	none	omit
consumer_scope_grant_events	request_id	none	omit
delivery_attestation_nonces	route_id	none	omit
delivery_attestation_nonces	route_configuration_digest	none	omit
delivery_attestation_nonces	nonce_digest	none	omit
delivery_attestation_nonces	expires_at	none	omit
delivery_attestation_nonces	accepted_at	none	omit
delivery_workflow_resumptions	actor_kind	none	omit
delivery_workflow_resumptions	actor_id	none	omit
delivery_workflow_resumptions	request_key	none	omit
delivery_workflow_resumptions	workflow_id	none	omit
delivery_workflow_resumptions	expected_resource_version	none	omit
delivery_workflow_resumptions	completed	none	omit
delivery_workflows	workflow_id	application_dependency	value
delivery_workflows	owner_scope_key	application_dependency	value
delivery_workflows	registry_id	application_dependency	value
delivery_workflows	cache_id	application_dependency	value
delivery_workflows	intent_json	application_dependency	dependency_digest
delivery_workflows	progress_json	application_dependency	dependency_digest
delivery_workflows	resource_version	application_dependency	value
delivery_workflows	created_at	application_dependency	value
delivery_workflows	updated_at	application_dependency	value
device_codes	device_code_hash	none	omit
device_codes	user_code	none	omit
device_codes	scope_key	none	omit
device_codes	permissions	none	omit
device_codes	created_at	none	omit
device_codes	expires_at	none	omit
device_codes	approved_by_user	none	omit
device_codes	denied	none	omit
device_codes	issued_token_id	none	omit
device_codes	delivered_at	none	omit
device_codes	last_polled_at	none	omit
direct_oci_allocations	business_id	none	omit
direct_oci_allocations	deployment_id	none	omit
direct_oci_allocations	principal_id	none	omit
direct_oci_allocations	client_operation_id	none	omit
direct_oci_allocations	actor_kind	none	omit
direct_oci_allocations	actor_id	none	omit
direct_oci_allocations	actor_incarnation	none	omit
direct_oci_allocations	registry_id	none	omit
direct_oci_allocations	registry_stable_id	none	omit
direct_oci_allocations	repository_id	none	omit
direct_oci_allocations	repository_name	none	omit
direct_oci_allocations	source_sha256	none	omit
direct_oci_allocations	declared_size	none	omit
direct_oci_allocations	upload_id	none	omit
direct_oci_allocations	original_token_id	none	omit
direct_oci_allocations	created_at	none	omit
direct_route_evidence	route_id	none	omit
direct_route_evidence	registry_id	none	omit
direct_route_evidence	cache_id	none	omit
direct_route_evidence	configuration_generation	none	omit
direct_route_evidence	configuration_digest	none	omit
direct_route_evidence	endpoint_id	none	omit
direct_route_evidence	endpoint_generation	none	omit
direct_route_evidence	placement_id	none	omit
direct_route_evidence	gateway_id	none	omit
direct_route_evidence	gateway_generation	none	omit
direct_route_evidence	publication_manifest_id	none	omit
direct_route_evidence	observed_at	none	omit
direct_upload_abort_intents	deployment_id	mutation_dependency	value
direct_upload_abort_intents	session_id	mutation_dependency	value
direct_upload_abort_intents	operation_id	mutation_dependency	value
direct_upload_abort_intents	expected_resource_version	mutation_dependency	value
direct_upload_abort_intents	intent_digest	mutation_dependency	value
direct_upload_abort_intents	intent_json	mutation_dependency	dependency_digest
direct_upload_abort_intents	admitted_at	mutation_dependency	value
direct_upload_abort_intents	terminal_receipt_digest	mutation_dependency	value
direct_upload_abort_intents	settled_at	mutation_dependency	value
direct_upload_baselines	deployment_id	mutation_dependency	value
direct_upload_baselines	session_id	mutation_dependency	value
direct_upload_baselines	placement_id	mutation_dependency	value
direct_upload_baselines	complete_operation_id	mutation_dependency	value
direct_upload_baselines	baseline_digest	mutation_dependency	value
direct_upload_baselines	evidence_json	mutation_dependency	dependency_digest
direct_upload_baselines	activated_at	mutation_dependency	value
direct_upload_completion_intents	deployment_id	mutation_dependency	value
direct_upload_completion_intents	session_id	mutation_dependency	value
direct_upload_completion_intents	operation_id	mutation_dependency	value
direct_upload_completion_intents	expected_resource_version	mutation_dependency	value
direct_upload_completion_intents	intent_digest	mutation_dependency	value
direct_upload_completion_intents	intent_json	mutation_dependency	dependency_digest
direct_upload_completion_intents	admitted_at	mutation_dependency	value
direct_upload_completion_receipts	deployment_id	mutation_dependency	value
direct_upload_completion_receipts	session_id	mutation_dependency	value
direct_upload_completion_receipts	operation_id	mutation_dependency	value
direct_upload_completion_receipts	logical_fingerprint	mutation_dependency	value
direct_upload_completion_receipts	evidence_digest	mutation_dependency	value
direct_upload_completion_receipts	evidence_json	mutation_dependency	dependency_digest
direct_upload_completion_receipts	final_guards_json	mutation_dependency	dependency_digest
direct_upload_completion_receipts	committed_at	mutation_dependency	value
direct_upload_completion_receipts	resulting_resource_version	mutation_dependency	value
direct_upload_session_placements	deployment_id	mutation_dependency	value
direct_upload_session_placements	session_id	mutation_dependency	value
direct_upload_session_placements	placement_id	mutation_dependency	value
direct_upload_session_placements	placement_resource_version	mutation_dependency	value
direct_upload_session_placements	write_spec_version	mutation_dependency	value
direct_upload_session_placements	binding_id	mutation_dependency	value
direct_upload_session_placements	binding_resource_version	mutation_dependency	value
direct_upload_session_placements	binding_write_revision	mutation_dependency	value
direct_upload_session_placements	placement_fingerprint	mutation_dependency	value
direct_upload_session_placements	placement_json	mutation_dependency	dependency_digest
direct_upload_sessions	session_id	mutation_dependency	value
direct_upload_sessions	deployment_id	mutation_dependency	value
direct_upload_sessions	principal_id	mutation_dependency	value
direct_upload_sessions	client_operation_id	mutation_dependency	value
direct_upload_sessions	target_kind	mutation_dependency	value
direct_upload_sessions	cache_id	mutation_dependency	value
direct_upload_sessions	cache_identifier	mutation_dependency	value
direct_upload_sessions	publication_id	mutation_dependency	value
direct_upload_sessions	surface_object_id	mutation_dependency	value
direct_upload_sessions	oci_upload_id	mutation_dependency	value
direct_upload_sessions	object_path	mutation_dependency	value
direct_upload_sessions	owner_scope_key	mutation_dependency	value
direct_upload_sessions	intent_json	mutation_dependency	dependency_digest
direct_upload_sessions	admission_json	mutation_dependency	dependency_digest
direct_upload_sessions	logical_fingerprint	mutation_dependency	value
direct_upload_sessions	source_sha256	mutation_dependency	value
direct_upload_sessions	declared_size	mutation_dependency	value
direct_upload_sessions	part_size	mutation_dependency	value
direct_upload_sessions	declared_dependency_phase	mutation_dependency	value
direct_upload_sessions	final_dependency_phase	mutation_dependency	value
direct_upload_sessions	cache_ticket_id	mutation_dependency	value
direct_upload_sessions	state	mutation_dependency	value
direct_upload_sessions	expires_at	mutation_dependency	value
direct_upload_sessions	created_at	mutation_dependency	value
direct_upload_sessions	updated_at	mutation_dependency	value
direct_upload_sessions	resource_version	mutation_dependency	value
direct_upload_sessions	completed_at	mutation_dependency	value
direct_upload_stage_receipts	deployment_id	mutation_dependency	value
direct_upload_stage_receipts	session_id	mutation_dependency	value
direct_upload_stage_receipts	operation_id	mutation_dependency	value
direct_upload_stage_receipts	logical_fingerprint	mutation_dependency	value
direct_upload_stage_receipts	evidence_digest	mutation_dependency	value
direct_upload_stage_receipts	evidence_json	mutation_dependency	dependency_digest
direct_upload_stage_receipts	verified_at	mutation_dependency	value
domain_probe_challenges	operation_id	none	omit
domain_probe_challenges	target_generation	none	omit
domain_probe_challenges	attempt	none	omit
domain_probe_challenges	nonce	none	omit
domain_probe_challenges	endpoint_id	none	omit
domain_probe_challenges	endpoint_generation	none	omit
domain_probe_challenges	issued_at	none	omit
domain_probe_challenges	expires_at	none	omit
domain_probe_observations	operation_id	application_dependency	value
domain_probe_observations	domain_id	application_dependency	value
domain_probe_observations	desired_resource_version	application_dependency	value
domain_probe_observations	evidence_json	application_dependency	dependency_digest
domain_probe_observations	evidence_digest	application_dependency	value
domain_probe_observations	probe_location	application_dependency	value
domain_probe_observations	observed_at	application_dependency	value
domains	id	application_dependency	value
domains	stable_id	application_dependency	value
domains	org_id	application_dependency	value
domains	owner_scope_key	application_dependency	value
domains	hostname	application_dependency	value
domains	creation_plan_id	application_dependency	value
domains	last_mutation_plan_id	application_dependency	value
domains	dns_configuration_json	application_dependency	dependency_digest
domains	dns_state	application_dependency	value
domains	certificate_configuration_json	application_dependency	dependency_digest
domains	certificate_state	application_dependency	value
domains	verified_at	application_dependency	value
domains	observed_at	application_dependency	value
domains	observation_error	application_dependency	dependency_digest
domains	observation_digest	application_dependency	value
domains	probe_location	application_dependency	value
domains	resource_version	application_dependency	value
domains	created_at	application_dependency	value
domains	updated_at	application_dependency	value
egress_request_nonces	nonce	none	omit
egress_request_nonces	request_digest	none	omit
egress_request_nonces	accepted_at	none	omit
egress_request_nonces	expires_at	none	omit
endpoint_generation_observations	endpoint_id	application_dependency	value
endpoint_generation_observations	observed_generation	application_dependency	value
endpoint_generation_observations	boundary_id	application_dependency	value
endpoint_generation_observations	boundary_revision	application_dependency	value
endpoint_generation_observations	state	application_dependency	value
endpoint_generation_observations	listener_observed	application_dependency	value
endpoint_generation_observations	tls_observed	application_dependency	value
endpoint_generation_observations	observed_at	application_dependency	value
endpoint_generation_observations	error	application_dependency	dependency_digest
endpoint_observations	endpoint_id	application_dependency	value
endpoint_observations	observed_generation	application_dependency	value
endpoint_observations	boundary_id	application_dependency	value
endpoint_observations	boundary_revision	application_dependency	value
endpoint_observations	state	application_dependency	value
endpoint_observations	listener_observed	application_dependency	value
endpoint_observations	tls_observed	application_dependency	value
endpoint_observations	observed_at	application_dependency	value
endpoint_observations	error	application_dependency	dependency_digest
endpoint_revisions	endpoint_id	application_dependency	value
endpoint_revisions	generation	application_dependency	value
endpoint_revisions	network_policy_id	application_dependency	value
endpoint_revisions	boundary_revision	application_dependency	value
endpoint_revisions	ingress_kind	application_dependency	value
endpoint_revisions	listener_configuration	application_dependency	dependency_digest
endpoint_revisions	tls_configuration	application_dependency	dependency_digest
endpoint_revisions	probe_configuration	application_dependency	dependency_digest
endpoint_revisions	content_digest	application_dependency	value
endpoint_revisions	created_by	application_dependency	value
endpoint_revisions	created_at	application_dependency	value
endpoint_route_scopes	endpoint_id	none	omit
endpoint_route_scopes	endpoint_generation	none	omit
endpoint_route_scopes	consumer_scope_key	none	omit
endpoint_route_scopes	grant_generation	none	omit
endpoint_route_scopes	grant_kind	none	omit
endpoint_route_scopes	state	none	omit
endpoint_route_scopes	granted_by	none	omit
endpoint_route_scopes	granted_at	none	omit
endpoint_route_scopes	revoked_by	none	omit
endpoint_route_scopes	revoked_at	none	omit
endpoint_route_scopes	resource_version	none	omit
endpoint_scope_grant_pins	pin_id	none	omit
endpoint_scope_grant_pins	endpoint_id	none	omit
endpoint_scope_grant_pins	endpoint_generation	none	omit
endpoint_scope_grant_pins	consumer_scope_key	none	omit
endpoint_scope_grant_pins	grant_generation	none	omit
endpoint_scope_grant_pins	grant_state	none	omit
endpoint_scope_grant_pins	target_kind	none	omit
endpoint_scope_grant_pins	target_stable_id	none	omit
endpoint_scope_grant_pins	target_generation_key	none	omit
endpoint_scope_grant_pins	target_configuration_digest	none	omit
endpoint_scope_grant_pins	resource_version	none	omit
endpoints	id	none	omit
endpoints	org_id	none	omit
endpoints	owner_scope_key	none	omit
endpoints	scheme	none	omit
endpoints	domain_id	none	omit
endpoints	ipv4_bytes	none	omit
endpoints	ipv6_bytes	none	omit
endpoints	effective_port	none	omit
endpoints	network_policy_id	none	omit
endpoints	cleartext_acknowledged_at	none	omit
endpoints	desired_generation	none	omit
endpoints	endpoint_identity_digest	none	omit
endpoints	resource_version	none	omit
endpoints	created_at	none	omit
endpoints	updated_at	none	omit
gateway_path_reservations	reservation_id	none	omit
gateway_path_reservations	gateway_id	none	omit
gateway_path_reservations	endpoint_id	none	omit
gateway_path_reservations	client_base_path	none	omit
gateway_path_reservations	resource_version	none	omit
gateway_path_reservations	created_at	none	omit
gateway_revision_events	event_id	none	omit
gateway_revision_events	gateway_id	none	omit
gateway_revision_events	generation	none	omit
gateway_revision_events	gateway_resource_version	none	omit
gateway_revision_events	transition	none	omit
gateway_revision_events	actor_id	none	omit
gateway_revision_events	occurred_at	none	omit
gateway_revision_route_scopes	gateway_id	none	omit
gateway_revision_route_scopes	generation	none	omit
gateway_revision_route_scopes	consumer_scope_key	none	omit
gateway_revision_route_scopes	grant_generation	none	omit
gateway_revision_route_scopes	grant_kind	none	omit
gateway_revision_route_scopes	state	none	omit
gateway_revision_route_scopes	granted_by	none	omit
gateway_revision_route_scopes	granted_at	none	omit
gateway_revision_route_scopes	revoked_by	none	omit
gateway_revision_route_scopes	revoked_at	none	omit
gateway_revision_route_scopes	resource_version	none	omit
gateway_revisions	gateway_id	application_dependency	value
gateway_revisions	generation	application_dependency	value
gateway_revisions	org_id	application_dependency	value
gateway_revisions	owner_scope_key	application_dependency	value
gateway_revisions	path_reservation_id	application_dependency	value
gateway_revisions	binding_id	application_dependency	value
gateway_revisions	endpoint_id	application_dependency	value
gateway_revisions	endpoint_generation	application_dependency	value
gateway_revisions	endpoint_ingress_kind	application_dependency	value
gateway_revisions	client_base_path	application_dependency	value
gateway_revisions	origin_prefix	application_dependency	value
gateway_revisions	access_policy_kind	application_dependency	value
gateway_revisions	access_boundary_id	application_dependency	value
gateway_revisions	access_boundary_revision	application_dependency	value
gateway_revisions	external_provider_kind	application_dependency	value
gateway_revisions	external_provider_resource_id	application_dependency	value
gateway_revisions	external_provider_revision	application_dependency	value
gateway_revisions	access_policy_json	application_dependency	dependency_digest
gateway_revisions	access_policy_digest	application_dependency	value
gateway_revisions	content_digest	application_dependency	value
gateway_revisions	created_by	application_dependency	value
gateway_revisions	created_at	application_dependency	value
gateway_scope_grant_pins	pin_id	none	omit
gateway_scope_grant_pins	gateway_id	none	omit
gateway_scope_grant_pins	generation	none	omit
gateway_scope_grant_pins	consumer_scope_key	none	omit
gateway_scope_grant_pins	grant_generation	none	omit
gateway_scope_grant_pins	grant_state	none	omit
gateway_scope_grant_pins	target_kind	none	omit
gateway_scope_grant_pins	target_stable_id	none	omit
gateway_scope_grant_pins	target_generation_key	none	omit
gateway_scope_grant_pins	target_configuration_digest	none	omit
gateway_scope_grant_pins	resource_version	none	omit
gateways	id	application_dependency	value
gateways	org_id	application_dependency	value
gateways	owner_scope_key	application_dependency	value
gateways	enabled	application_dependency	value
gateways	desired_generation	application_dependency	value
gateways	observed_generation	application_dependency	value
gateways	reconciliation_state	application_dependency	value
gateways	reconciliation_error	application_dependency	dependency_digest
gateways	resource_version	application_dependency	value
gateways	created_at	application_dependency	value
gateways	updated_at	application_dependency	value
hub_schema_identity	identity	none	omit
image_snapshot_leases	lease_id	image_root	value
image_snapshot_leases	digest	image_root	value
image_snapshot_leases	expires_at	image_root	value
image_snapshot_references	digest	image_root	value
image_snapshot_references	registry_id	image_root	value
image_snapshot_references	placement_id	image_root	value
image_snapshot_references	object_key	image_root	value
image_snapshots	digest	image_root	value
image_snapshots	byte_size	image_root	value
image_snapshots	state	image_root	value
image_snapshots	created_at	image_root	value
instance_config	config_key	none	omit
instance_config	value	none	omit
invitations	id	none	omit
invitations	org_id	none	omit
invitations	email	none	omit
invitations	scope_key	none	omit
invitations	role	none	omit
invitations	token_hash	none	secret_excluded
invitations	created_at	none	omit
invitations	accepted_at	none	omit
invitations	expires_at	none	omit
invitations	cancelled_at	none	omit
invitations	secret_enc	none	secret_excluded
key_rosters	registry_id	application_dependency	value
key_rosters	key_id	application_dependency	value
key_rosters	public_key	application_dependency	dependency_digest
key_rosters	status	application_dependency	value
live_invitations	org_id	none	omit
live_invitations	email	none	omit
live_invitations	scope_key	none	omit
live_invitations	invitation_id	none	omit
magic_links	token_hash	none	omit
magic_links	email	none	omit
magic_links	created_at	none	omit
magic_links	expires_at	none	omit
magic_links	consumed_at	none	omit
manual_retention_lease_heads	manual_retention_root_id	none	omit
manual_retention_lease_heads	cache_id	none	omit
manual_retention_lease_heads	current_lease_id	none	omit
manual_retention_lease_heads	resource_version	none	omit
manual_retention_lease_heads	updated_at	none	omit
manual_retention_roots	id	application_dependency	value
manual_retention_roots	cache_id	application_dependency	value
manual_retention_roots	store_hash	application_dependency	value
manual_retention_roots	protection_kind	application_dependency	value
manual_retention_roots	reason	application_dependency	dependency_digest
manual_retention_roots	owner_kind	application_dependency	value
manual_retention_roots	owner_id	application_dependency	value
manual_retention_roots	created_by	application_dependency	value
manual_retention_roots	created_at	application_dependency	value
manual_retention_roots	deleted_at	application_dependency	value
manual_retention_roots	resource_version	application_dependency	value
memberships	id	none	omit
memberships	principal_kind	none	omit
memberships	principal_id	none	omit
memberships	scope_key	none	omit
memberships	role	none	omit
memberships	created_at	none	omit
mirror_import_objects	job_id	mutation_dependency	value
mirror_import_objects	registry_id	mutation_dependency	value
mirror_import_objects	original_digest	mutation_dependency	value
mirror_import_objects	original_json	mutation_dependency	dependency_digest
mirror_import_objects	progress_json	mutation_dependency	dependency_digest
mirror_import_objects	state	mutation_dependency	value
mirror_import_objects	commit_digest	mutation_dependency	value
mirror_import_objects	created_at	mutation_dependency	value
mirror_import_objects	updated_at	mutation_dependency	value
mirror_import_objects	source_path	mutation_dependency	dependency_digest
mirror_import_objects	source_path_digest	mutation_dependency	value
mirror_import_objects	copy_operation_id	mutation_dependency	value
mirror_import_objects	publication_commit_version	mutation_dependency	value
mirror_sources	registry_id	application_dependency	value
mirror_sources	upstream_url	application_dependency	dependency_digest
mirror_sources	mode	application_dependency	value
mirror_sources	verify	application_dependency	value
mirror_sources	schedule_secs	application_dependency	value
mirror_sources	last_sync_at	application_dependency	value
mirror_sources	last_sync_status	application_dependency	value
mirror_sources	last_sync_error	application_dependency	dependency_digest
mirror_sources	upstream_frontier	application_dependency	value
mirror_sources	refspec	application_dependency	value
mirror_sources	auth_secret_ref	application_dependency	dependency_digest
mirror_sources	resource_version	application_dependency	value
network_policies	id	application_dependency	value
network_policies	org_id	application_dependency	value
network_policies	owner_scope_key	application_dependency	value
network_policies	name	application_dependency	value
network_policies	kind	application_dependency	value
network_policies	identity_spec_json	application_dependency	dependency_digest
network_policies	identity_fingerprint	application_dependency	value
network_policies	resource_version	application_dependency	value
network_policies	created_at	application_dependency	value
network_policies	updated_at	application_dependency	value
network_policy_consumer_scopes	boundary_id	none	omit
network_policy_consumer_scopes	consumer_scope_key	none	omit
network_policy_consumer_scopes	grant_generation	none	omit
network_policy_consumer_scopes	grant_kind	none	omit
network_policy_consumer_scopes	state	none	omit
network_policy_consumer_scopes	granted_by	none	omit
network_policy_consumer_scopes	granted_at	none	omit
network_policy_consumer_scopes	revoked_by	none	omit
network_policy_consumer_scopes	revoked_at	none	omit
network_policy_consumer_scopes	resource_version	none	omit
network_policy_defaults	boundary_id	none	omit
network_policy_defaults	revision	none	omit
network_policy_defaults	state	none	omit
network_policy_defaults	resource_version	none	omit
network_policy_defaults	updated_at	none	omit
network_policy_observations	boundary_id	application_dependency	value
network_policy_observations	revision	application_dependency	value
network_policy_observations	state	application_dependency	value
network_policy_observations	protected_transport_observed	application_dependency	value
network_policy_observations	trusted_ingress_observed	application_dependency	value
network_policy_observations	observed_at	application_dependency	value
network_policy_observations	error	application_dependency	dependency_digest
network_policy_revision_lifecycle	boundary_id	none	omit
network_policy_revision_lifecycle	revision	none	omit
network_policy_revision_lifecycle	state	none	omit
network_policy_revision_lifecycle	activation_mode	none	omit
network_policy_revision_lifecycle	consumer_version	none	omit
network_policy_revision_lifecycle	activated_at	none	omit
network_policy_revision_lifecycle	retired_at	none	omit
network_policy_revision_lifecycle	resource_version	none	omit
network_policy_revisions	boundary_id	application_dependency	value
network_policy_revisions	revision	application_dependency	value
network_policy_revisions	protected_transport_required	application_dependency	value
network_policy_revisions	trusted_ingress_kind	application_dependency	value
network_policy_revisions	trusted_ingress_configuration	application_dependency	dependency_digest
network_policy_revisions	source_allowlist_cidrs	application_dependency	dependency_digest
network_policy_revisions	probe_location_configuration	application_dependency	dependency_digest
network_policy_revisions	content_digest	application_dependency	value
network_policy_revisions	created_by	application_dependency	value
network_policy_revisions	created_at	application_dependency	value
network_policy_serving_pins	pin_id	none	omit
network_policy_serving_pins	boundary_id	none	omit
network_policy_serving_pins	revision	none	omit
network_policy_serving_pins	consumer_scope_key	none	omit
network_policy_serving_pins	grant_generation	none	omit
network_policy_serving_pins	grant_state	none	omit
network_policy_serving_pins	usage_kind	none	omit
network_policy_serving_pins	target_kind	none	omit
network_policy_serving_pins	target_stable_id	none	omit
network_policy_serving_pins	target_generation_key	none	omit
network_policy_serving_pins	target_configuration_digest	none	omit
network_policy_serving_pins	acquired_by	none	omit
network_policy_serving_pins	acquired_at	none	omit
network_policy_serving_pins	resource_version	none	omit
object_deletion_attempt_receipts	request_id	mutation_dependency	value
object_deletion_attempt_receipts	cache_id	mutation_dependency	value
object_deletion_attempt_receipts	job_id	mutation_dependency	value
object_deletion_attempt_receipts	attempt_number	mutation_dependency	value
object_deletion_attempt_receipts	placement_id	mutation_dependency	value
object_deletion_attempt_receipts	surface_object_id	mutation_dependency	value
object_deletion_attempt_receipts	object_key	mutation_dependency	value
object_deletion_attempt_receipts	expected_etag	mutation_dependency	value
object_deletion_attempt_receipts	expected_hash	mutation_dependency	value
object_deletion_attempt_receipts	expected_size	mutation_dependency	value
object_deletion_attempt_receipts	expected_inventory_generation	mutation_dependency	value
object_deletion_attempt_receipts	binding_id	mutation_dependency	value
object_deletion_attempt_receipts	binding_resource_version	mutation_dependency	value
object_deletion_attempt_receipts	delete_credential_purpose	mutation_dependency	value
object_deletion_attempt_receipts	delete_credential_generation	mutation_dependency	value
object_deletion_attempt_receipts	state	mutation_dependency	value
object_deletion_attempt_receipts	outcome	mutation_dependency	value
object_deletion_attempt_receipts	response_etag	mutation_dependency	value
object_deletion_attempt_receipts	response_hash	mutation_dependency	value
object_deletion_attempt_receipts	response_size	mutation_dependency	value
object_deletion_attempt_receipts	error_class	mutation_dependency	value
object_deletion_attempt_receipts	response_detail	mutation_dependency	dependency_digest
object_deletion_attempt_receipts	requested_at	mutation_dependency	value
object_deletion_attempt_receipts	responded_at	mutation_dependency	value
object_deletion_attempt_receipts	finalized_at	mutation_dependency	value
object_deletion_attempt_receipts	expected_provider_version	mutation_dependency	value
object_deletion_jobs	job_id	mutation_dependency	value
object_deletion_jobs	cache_id	mutation_dependency	value
object_deletion_jobs	originating_operation_id	mutation_dependency	value
object_deletion_jobs	operation_target_kind	mutation_dependency	value
object_deletion_jobs	operation_target_stable_id	mutation_dependency	value
object_deletion_jobs	surface_object_id	mutation_dependency	value
object_deletion_jobs	placement_id	mutation_dependency	value
object_deletion_jobs	phase	mutation_dependency	value
object_deletion_jobs	expected_etag	mutation_dependency	value
object_deletion_jobs	expected_hash	mutation_dependency	value
object_deletion_jobs	expected_size	mutation_dependency	value
object_deletion_jobs	expected_inventory_generation	mutation_dependency	value
object_deletion_jobs	binding_id	mutation_dependency	value
object_deletion_jobs	binding_resource_version	mutation_dependency	value
object_deletion_jobs	delete_credential_purpose	mutation_dependency	value
object_deletion_jobs	delete_credential_generation	mutation_dependency	value
object_deletion_jobs	state	mutation_dependency	value
object_deletion_jobs	active_slot	mutation_dependency	value
object_deletion_jobs	attempt_count	mutation_dependency	value
object_deletion_jobs	max_attempts	mutation_dependency	value
object_deletion_jobs	next_attempt_at	mutation_dependency	value
object_deletion_jobs	error_class	mutation_dependency	value
object_deletion_jobs	error	mutation_dependency	dependency_digest
object_deletion_jobs	confirmed_reclaimed_bytes	mutation_dependency	value
object_deletion_jobs	leaked_bytes	mutation_dependency	value
object_deletion_jobs	resource_version	mutation_dependency	value
object_deletion_jobs	created_at	mutation_dependency	value
object_deletion_jobs	started_at	mutation_dependency	value
object_deletion_jobs	finished_at	mutation_dependency	value
object_deletion_jobs	expected_provider_version	mutation_dependency	value
object_placements	surface_object_id	catalogue_copy	value
object_placements	cache_id	catalogue_copy	value
object_placements	registry_id	catalogue_copy	value
object_placements	placement_id	catalogue_copy	value
object_placements	state	catalogue_copy	value
object_placements	observed_hash	catalogue_copy	value
object_placements	observed_size	catalogue_copy	value
object_placements	etag	catalogue_copy	value
object_placements	observed_inventory_generation	catalogue_copy	value
object_placements	observed_at	catalogue_copy	value
object_placements	catalog_object_resource_version	catalogue_copy	value
object_placements	provider_version	catalogue_copy	value
object_placements	observed_placement_resource_version	catalogue_copy	value
object_placements	observed_write_spec_version	catalogue_copy	value
object_placements	observed_binding_resource_version	catalogue_copy	value
object_placements	direct_upload_session_id	catalogue_copy	value
oci_admin_mutations	id	oci_root	value
oci_admin_mutations	registry_id	oci_root	value
oci_admin_mutations	repository_id	oci_root	value
oci_admin_mutations	repository_name	oci_root	value
oci_admin_mutations	mutation_kind	oci_root	value
oci_admin_mutations	selector_json	oci_root	dependency_digest
oci_admin_mutations	desired_json	oci_root	dependency_digest
oci_admin_mutations	confirmation_hash	oci_root	value
oci_admin_mutations	actor_id	oci_root	value
oci_admin_mutations	idempotency_key	oci_root	value
oci_admin_mutations	apply_idempotency_key	oci_root	value
oci_admin_mutations	expected_resource_version	oci_root	value
oci_admin_mutations	state	oci_root	value
oci_admin_mutations	created_at	oci_root	value
oci_admin_mutations	expires_at	oci_root	value
oci_admin_mutations	applied_at	oci_root	value
oci_admin_mutations	resource_version	oci_root	value
oci_admin_projection_reconciliations	registry_id	oci_root	value
oci_admin_projection_reconciliations	repository_id	oci_root	value
oci_admin_projection_reconciliations	root_digest	oci_root	value
oci_admin_projection_reconciliations	manifest_digest	oci_root	value
oci_admin_projection_reconciliations	config_digest	oci_root	value
oci_admin_projection_reconciliations	state	oci_root	value
oci_admin_projection_reconciliations	attempts	oci_root	value
oci_admin_projection_reconciliations	last_error	oci_root	dependency_digest
oci_admin_projection_reconciliations	updated_at	oci_root	value
oci_blob_claims	registry_id	oci_root	value
oci_blob_claims	digest	oci_root	value
oci_blob_claims	upload_id	oci_root	value
oci_blob_claims	claimed_at	oci_root	value
oci_blobs	registry_id	oci_root	value
oci_blobs	digest	oci_root	value
oci_blobs	byte_size	oci_root	value
oci_blobs	media_type	oci_root	value
oci_blobs	surface_object_id	oci_root	value
oci_blobs	quota_bytes	oci_root	value
oci_blobs	lifecycle_state	oci_root	value
oci_blobs	created_at	oci_root	value
oci_blobs	updated_at	oci_root	value
oci_blobs	unreferenced_since	oci_root	value
oci_conditional_delete_capabilities	binding_id	oci_root	value
oci_conditional_delete_capabilities	binding_write_revision	oci_root	value
oci_conditional_delete_capabilities	binding_resource_version	oci_root	value
oci_conditional_delete_capabilities	delete_credential_purpose	oci_root	value
oci_conditional_delete_capabilities	delete_credential_generation	oci_root	value
oci_conditional_delete_capabilities	capability_fingerprint	oci_root	value
oci_conditional_delete_capabilities	state	oci_root	value
oci_conditional_delete_capabilities	resource_version	oci_root	value
oci_conditional_delete_capabilities	observed_at	oci_root	value
oci_descriptor_edges	registry_id	oci_root	value
oci_descriptor_edges	manifest_digest	oci_root	value
oci_descriptor_edges	edge_role	oci_root	value
oci_descriptor_edges	ordinal	oci_root	value
oci_descriptor_edges	target_digest	oci_root	value
oci_descriptor_edges	media_type	oci_root	value
oci_descriptor_edges	byte_size	oci_root	value
oci_descriptor_edges	platform_os	oci_root	value
oci_descriptor_edges	platform_architecture	oci_root	value
oci_descriptor_edges	platform_variant	oci_root	value
oci_descriptor_edges	annotations_json	oci_root	dependency_digest
oci_descriptor_edges	platform_os_version	oci_root	value
oci_descriptor_edges	platform_os_features_json	oci_root	dependency_digest
oci_gc_blockers	run_id	mutation_dependency	value
oci_gc_blockers	ordinal	mutation_dependency	value
oci_gc_blockers	blocker_kind	mutation_dependency	value
oci_gc_blockers	digest	mutation_dependency	value
oci_gc_blockers	detail	mutation_dependency	dependency_digest
oci_gc_candidate_repositories	run_id	mutation_dependency	value
oci_gc_candidate_repositories	digest	mutation_dependency	value
oci_gc_candidate_repositories	repository_id	mutation_dependency	value
oci_gc_candidate_repositories	repository_name	mutation_dependency	value
oci_gc_candidates	run_id	mutation_dependency	value
oci_gc_candidates	registry_id	mutation_dependency	value
oci_gc_candidates	digest	mutation_dependency	value
oci_gc_candidates	media_type	mutation_dependency	value
oci_gc_candidates	byte_size	mutation_dependency	value
oci_gc_candidates	object_key	mutation_dependency	value
oci_gc_candidates	surface_object_id	mutation_dependency	value
oci_gc_candidates	catalog_object_resource_version	mutation_dependency	value
oci_gc_candidates	repository_count	mutation_dependency	value
oci_gc_candidates	eligible_at	mutation_dependency	value
oci_gc_candidates	state	mutation_dependency	value
oci_gc_candidates	finalized_at	mutation_dependency	value
oci_gc_candidates	last_error	mutation_dependency	dependency_digest
oci_gc_candidates	resource_version	mutation_dependency	value
oci_gc_credential_holds	run_id	mutation_dependency	value
oci_gc_credential_holds	binding_id	mutation_dependency	value
oci_gc_credential_holds	purpose	mutation_dependency	value
oci_gc_credential_holds	generation	mutation_dependency	value
oci_gc_deletion_evidence	action_id	mutation_dependency	value
oci_gc_deletion_evidence	response_idempotency_key	mutation_dependency	value
oci_gc_deletion_evidence	outcome	mutation_dependency	value
oci_gc_deletion_evidence	conditional_etag	mutation_dependency	value
oci_gc_deletion_evidence	provider_request_id	mutation_dependency	value
oci_gc_deletion_evidence	evidence_digest	mutation_dependency	value
oci_gc_deletion_evidence	confirmed_at	mutation_dependency	value
oci_gc_generations	id	mutation_dependency	value
oci_gc_generations	registry_id	mutation_dependency	value
oci_gc_generations	captured_mutation_epoch	mutation_dependency	value
oci_gc_generations	placement_inventory_digest	mutation_dependency	value
oci_gc_generations	state	mutation_dependency	value
oci_gc_generations	plan_digest	mutation_dependency	value
oci_gc_generations	planned_bytes	mutation_dependency	value
oci_gc_generations	planned_objects	mutation_dependency	value
oci_gc_generations	created_at	mutation_dependency	value
oci_gc_generations	finished_at	mutation_dependency	value
oci_gc_placement_actions	id	mutation_dependency	value
oci_gc_placement_actions	run_id	mutation_dependency	value
oci_gc_placement_actions	registry_id	mutation_dependency	value
oci_gc_placement_actions	digest	mutation_dependency	value
oci_gc_placement_actions	placement_id	mutation_dependency	value
oci_gc_placement_actions	object_key	mutation_dependency	value
oci_gc_placement_actions	expected_hash	mutation_dependency	value
oci_gc_placement_actions	expected_size	mutation_dependency	value
oci_gc_placement_actions	expected_strong_etag	mutation_dependency	value
oci_gc_placement_actions	inventory_generation_id	mutation_dependency	value
oci_gc_placement_actions	inventory_entry_present	mutation_dependency	value
oci_gc_placement_actions	state	mutation_dependency	value
oci_gc_placement_actions	worker_id	mutation_dependency	value
oci_gc_placement_actions	claim_token	mutation_dependency	value
oci_gc_placement_actions	lease_expires_at	mutation_dependency	value
oci_gc_placement_actions	attempt_count	mutation_dependency	value
oci_gc_placement_actions	max_attempts	mutation_dependency	value
oci_gc_placement_actions	next_attempt_at	mutation_dependency	value
oci_gc_placement_actions	requeue_actor_id	mutation_dependency	value
oci_gc_placement_actions	requeue_idempotency_key	mutation_dependency	value
oci_gc_placement_actions	requeue_expected_resource_version	mutation_dependency	value
oci_gc_placement_actions	last_error	mutation_dependency	dependency_digest
oci_gc_placement_actions	confirmed_at	mutation_dependency	value
oci_gc_placement_actions	resource_version	mutation_dependency	value
oci_gc_placement_actions	expected_provider_version	mutation_dependency	value
oci_gc_placement_snapshots	run_id	mutation_dependency	value
oci_gc_placement_snapshots	registry_id	mutation_dependency	value
oci_gc_placement_snapshots	placement_id	mutation_dependency	value
oci_gc_placement_snapshots	placement_name	mutation_dependency	value
oci_gc_placement_snapshots	placement_prefix	mutation_dependency	value
oci_gc_placement_snapshots	placement_resource_version	mutation_dependency	value
oci_gc_placement_snapshots	placement_write_spec_version	mutation_dependency	value
oci_gc_placement_snapshots	placement_observation_version	mutation_dependency	value
oci_gc_placement_snapshots	binding_id	mutation_dependency	value
oci_gc_placement_snapshots	binding_resource_version	mutation_dependency	value
oci_gc_placement_snapshots	binding_write_revision	mutation_dependency	value
oci_gc_placement_snapshots	delete_credential_purpose	mutation_dependency	value
oci_gc_placement_snapshots	delete_credential_generation	mutation_dependency	value
oci_gc_placement_snapshots	delete_capability_fingerprint	mutation_dependency	value
oci_gc_placement_snapshots	delete_capability_resource_version	mutation_dependency	value
oci_gc_placement_snapshots	delete_capability_observed_at	mutation_dependency	value
oci_gc_placement_snapshots	inventory_generation_id	mutation_dependency	value
oci_gc_placement_snapshots	inventory_digest	mutation_dependency	value
oci_gc_placement_snapshots	inventory_observed_at	mutation_dependency	value
oci_gc_registry_locks	registry_id	mutation_dependency	value
oci_gc_registry_locks	run_id	mutation_dependency	value
oci_gc_registry_locks	acquired_at	mutation_dependency	value
oci_gc_roots	run_id	mutation_dependency	value
oci_gc_roots	root_kind	mutation_dependency	value
oci_gc_roots	digest	mutation_dependency	value
oci_gc_roots	source_id	mutation_dependency	value
oci_gc_roots	repository_id	mutation_dependency	value
oci_gc_runs	id	mutation_dependency	value
oci_gc_runs	registry_id	mutation_dependency	value
oci_gc_runs	actor_id	mutation_dependency	value
oci_gc_runs	plan_idempotency_key	mutation_dependency	value
oci_gc_runs	apply_idempotency_key	mutation_dependency	value
oci_gc_runs	state	mutation_dependency	value
oci_gc_runs	captured_mutation_epoch	mutation_dependency	value
oci_gc_runs	applied_mutation_epoch	mutation_dependency	value
oci_gc_runs	policy_resource_version	mutation_dependency	value
oci_gc_runs	policy_digest	mutation_dependency	value
oci_gc_runs	root_set_digest	mutation_dependency	value
oci_gc_runs	placement_inventory_digest	mutation_dependency	value
oci_gc_runs	topology_digest	mutation_dependency	value
oci_gc_runs	plan_digest	mutation_dependency	value
oci_gc_runs	confirmation_hash	mutation_dependency	value
oci_gc_runs	inventory_object_count	mutation_dependency	value
oci_gc_runs	inventory_byte_size	mutation_dependency	value
oci_gc_runs	reachable_object_count	mutation_dependency	value
oci_gc_runs	planned_bytes	mutation_dependency	value
oci_gc_runs	planned_objects	mutation_dependency	value
oci_gc_runs	deleted_object_count	mutation_dependency	value
oci_gc_runs	deleted_byte_size	mutation_dependency	value
oci_gc_runs	placement_action_count	mutation_dependency	value
oci_gc_runs	expires_at	mutation_dependency	value
oci_gc_runs	created_at	mutation_dependency	value
oci_gc_runs	applied_at	mutation_dependency	value
oci_gc_runs	finished_at	mutation_dependency	value
oci_gc_runs	last_error	mutation_dependency	dependency_digest
oci_gc_runs	resource_version	mutation_dependency	value
oci_gc_snapshot_lease_holds	run_id	mutation_dependency	value
oci_gc_snapshot_lease_holds	registry_id	mutation_dependency	value
oci_gc_snapshot_lease_holds	snapshot_digest	mutation_dependency	value
oci_gc_snapshot_lease_holds	retired_at	mutation_dependency	value
oci_image_config_projections	registry_id	oci_root	value
oci_image_config_projections	repository_id	oci_root	value
oci_image_config_projections	root_digest	oci_root	value
oci_image_config_projections	manifest_digest	oci_root	value
oci_image_config_projections	config_digest	oci_root	value
oci_image_config_projections	operating_system	oci_root	value
oci_image_config_projections	architecture	oci_root	value
oci_image_config_projections	variant	oci_root	value
oci_image_config_projections	os_version	oci_root	value
oci_image_config_projections	os_features_json	oci_root	dependency_digest
oci_image_config_projections	aos_system	oci_root	value
oci_image_config_projections	compressed_byte_size	oci_root	value
oci_image_config_projections	unpacked_byte_size	oci_root	value
oci_image_config_projections	layer_count	oci_root	value
oci_image_config_projections	config_json	oci_root	dependency_digest
oci_image_config_projections	verified_at	oci_root	value
oci_image_config_projections	config_representation	oci_root	value
oci_image_config_projections	config_source_size	oci_root	value
oci_image_config_projections	config_summary_json	oci_root	dependency_digest
oci_leases	id	oci_root	value
oci_leases	registry_id	oci_root	value
oci_leases	digest	oci_root	value
oci_leases	lease_kind	oci_root	value
oci_leases	expires_at	oci_root	value
oci_leases	created_at	oci_root	value
oci_manifests	registry_id	oci_root	value
oci_manifests	digest	oci_root	value
oci_manifests	media_type	oci_root	value
oci_manifests	byte_size	oci_root	value
oci_manifests	schema_version	oci_root	value
oci_manifests	artifact_type	oci_root	value
oci_manifests	subject_digest	oci_root	value
oci_manifests	config_digest	oci_root	value
oci_manifests	platform_os	oci_root	value
oci_manifests	platform_architecture	oci_root	value
oci_manifests	platform_variant	oci_root	value
oci_manifests	annotations_json	oci_root	dependency_digest
oci_manifests	descriptor_count	oci_root	value
oci_manifests	created_at	oci_root	value
oci_manifests	platform_os_version	oci_root	value
oci_manifests	platform_os_features_json	oci_root	dependency_digest
oci_phase5_upgrade_guard	id	oci_root	value
oci_phase5_upgrade_guard	marker	oci_root	value
oci_provider_inventory_entries	generation_id	oci_root	value
oci_provider_inventory_entries	registry_id	oci_root	value
oci_provider_inventory_entries	placement_id	oci_root	value
oci_provider_inventory_entries	object_key	oci_root	value
oci_provider_inventory_entries	object_digest	oci_root	value
oci_provider_inventory_entries	observed_hash	oci_root	value
oci_provider_inventory_entries	byte_size	oci_root	value
oci_provider_inventory_entries	strong_etag	oci_root	value
oci_provider_inventory_entries	surface_object_id	oci_root	value
oci_provider_inventory_entries	catalog_object_resource_version	oci_root	value
oci_provider_inventory_entries	classification	oci_root	value
oci_provider_inventory_entries	deleted_at	oci_root	value
oci_provider_inventory_entries	provider_version	oci_root	value
oci_provider_inventory_generations	id	oci_root	value
oci_provider_inventory_generations	registry_id	oci_root	value
oci_provider_inventory_generations	placement_id	oci_root	value
oci_provider_inventory_generations	collector_id	oci_root	value
oci_provider_inventory_generations	collector_claim_token	oci_root	value
oci_provider_inventory_generations	collector_lease_expires_at	oci_root	value
oci_provider_inventory_generations	idempotency_key	oci_root	value
oci_provider_inventory_generations	source_kind	oci_root	value
oci_provider_inventory_generations	captured_mutation_epoch	oci_root	value
oci_provider_inventory_generations	placement_resource_version	oci_root	value
oci_provider_inventory_generations	placement_write_spec_version	oci_root	value
oci_provider_inventory_generations	placement_observation_version	oci_root	value
oci_provider_inventory_generations	binding_id	oci_root	value
oci_provider_inventory_generations	binding_resource_version	oci_root	value
oci_provider_inventory_generations	binding_write_revision	oci_root	value
oci_provider_inventory_generations	state	oci_root	value
oci_provider_inventory_generations	active_slot	oci_root	value
oci_provider_inventory_generations	inventory_digest	oci_root	value
oci_provider_inventory_generations	object_count	oci_root	value
oci_provider_inventory_generations	byte_count	oci_root	value
oci_provider_inventory_generations	untracked_object_count	oci_root	value
oci_provider_inventory_generations	checkpoint_ordinal	oci_root	value
oci_provider_inventory_generations	provider_cursor	oci_root	value
oci_provider_inventory_generations	checkpoint_last_key	oci_root	value
oci_provider_inventory_generations	checkpoint_digest	oci_root	value
oci_provider_inventory_generations	checkpoint_page_digest	oci_root	value
oci_provider_inventory_generations	takeover_count	oci_root	value
oci_provider_inventory_generations	started_at	oci_root	value
oci_provider_inventory_generations	observed_at	oci_root	value
oci_provider_inventory_generations	completed_at	oci_root	value
oci_provider_inventory_generations	last_error	oci_root	dependency_digest
oci_provider_inventory_generations	resource_version	oci_root	value
oci_provider_inventory_generations	purge_fence_resource_version	oci_root	value
oci_provider_inventory_heads	placement_id	oci_root	value
oci_provider_inventory_heads	registry_id	oci_root	value
oci_provider_inventory_heads	generation_id	oci_root	value
oci_provider_inventory_heads	updated_at	oci_root	value
oci_publication_object_placements	publication_id	oci_root	value
oci_publication_object_placements	digest	oci_root	value
oci_publication_object_placements	registry_id	oci_root	value
oci_publication_object_placements	surface_object_id	oci_root	value
oci_publication_object_placements	placement_id	oci_root	value
oci_publication_object_placements	object_resource_version	oci_root	value
oci_publication_object_placements	placement_resource_version	oci_root	value
oci_publication_object_placements	placement_observation_version	oci_root	value
oci_publication_object_placements	observed_inventory_generation	oci_root	value
oci_publication_object_placements	observed_size	oci_root	value
oci_publication_object_placements	observed_etag	oci_root	value
oci_publication_object_placements	observed_at	oci_root	value
oci_publication_objects	publication_id	oci_root	value
oci_publication_objects	registry_id	oci_root	value
oci_publication_objects	digest	oci_root	value
oci_publication_objects	media_type	oci_root	value
oci_publication_objects	byte_size	oci_root	value
oci_publication_objects	object_kind	oci_root	value
oci_publication_objects	object_key	oci_root	value
oci_publication_objects	descriptor_json	oci_root	dependency_digest
oci_publication_objects	projection_json	oci_root	dependency_digest
oci_publication_required_placements	publication_id	oci_root	value
oci_publication_required_placements	registry_id	oci_root	value
oci_publication_required_placements	placement_id	oci_root	value
oci_publication_required_placements	placement_resource_version	oci_root	value
oci_publication_required_placements	placement_write_spec_version	oci_root	value
oci_publication_required_placements	placement_observation_version	oci_root	value
oci_publication_required_placements	binding_id	oci_root	value
oci_publication_required_placements	binding_write_revision	oci_root	value
oci_publication_required_placements	revision_fingerprint	oci_root	value
oci_publication_required_placements	capability_fingerprint	oci_root	value
oci_publication_sessions	id	oci_root	value
oci_publication_sessions	registry_id	oci_root	value
oci_publication_sessions	repository_id	oci_root	value
oci_publication_sessions	writer_id	oci_root	value
oci_publication_sessions	token_id	oci_root	value
oci_publication_sessions	target_tag	oci_root	value
oci_publication_sessions	expected_tag_version	oci_root	value
oci_publication_sessions	expected_tag_digest	oci_root	value
oci_publication_sessions	root_digest	oci_root	value
oci_publication_sessions	catalog_digest	oci_root	value
oci_publication_sessions	release_tag	oci_root	value
oci_publication_sessions	sidecar_sha256	oci_root	value
oci_publication_sessions	confirmation_hash	oci_root	value
oci_publication_sessions	topology_digest	oci_root	value
oci_publication_sessions	required_placement_count	oci_root	value
oci_publication_sessions	source_kind	oci_root	value
oci_publication_sessions	state	oci_root	value
oci_publication_sessions	idempotency_key	oci_root	value
oci_publication_sessions	commit_idempotency_key	oci_root	value
oci_publication_sessions	abort_idempotency_key	oci_root	value
oci_publication_sessions	expires_at	oci_root	value
oci_publication_sessions	created_at	oci_root	value
oci_publication_sessions	committed_at	oci_root	value
oci_publication_sessions	resource_version	oci_root	value
oci_publications	id	oci_root	value
oci_publications	registry_id	oci_root	value
oci_publications	repository_id	oci_root	value
oci_publications	target_tag	oci_root	value
oci_publications	root_digest	oci_root	value
oci_publications	source_kind	oci_root	value
oci_publications	state	oci_root	value
oci_publications	idempotency_key	oci_root	value
oci_publications	expires_at	oci_root	value
oci_publications	created_at	oci_root	value
oci_publications	committed_at	oci_root	value
oci_publications	resource_version	oci_root	value
oci_quota_reservations	id	oci_root	value
oci_quota_reservations	registry_id	oci_root	value
oci_quota_reservations	org_id	oci_root	value
oci_quota_reservations	owner_kind	oci_root	value
oci_quota_reservations	owner_id	oci_root	value
oci_quota_reservations	reserved_bytes	oci_root	value
oci_quota_reservations	reserved_objects	oci_root	value
oci_quota_reservations	state	oci_root	value
oci_quota_reservations	created_at	oci_root	value
oci_quota_reservations	updated_at	oci_root	value
oci_registry_purge_fence_plans	id	oci_root	value
oci_registry_purge_fence_plans	registry_id	oci_root	value
oci_registry_purge_fence_plans	action	oci_root	value
oci_registry_purge_fence_plans	actor_id	oci_root	value
oci_registry_purge_fence_plans	plan_idempotency_key	oci_root	value
oci_registry_purge_fence_plans	apply_idempotency_key	oci_root	value
oci_registry_purge_fence_plans	expected_resource_version	oci_root	value
oci_registry_purge_fence_plans	captured_mutation_epoch	oci_root	value
oci_registry_purge_fence_plans	confirmation_hash	oci_root	value
oci_registry_purge_fence_plans	state	oci_root	value
oci_registry_purge_fence_plans	expires_at	oci_root	value
oci_registry_purge_fence_plans	created_at	oci_root	value
oci_registry_purge_fence_plans	applied_at	oci_root	value
oci_registry_purge_fence_plans	finished_at	oci_root	value
oci_registry_purge_fence_plans	last_error	oci_root	dependency_digest
oci_registry_purge_fence_plans	resource_version	oci_root	value
oci_registry_purge_fences	registry_id	oci_root	value
oci_registry_purge_fences	actor_id	oci_root	value
oci_registry_purge_fences	idempotency_key	oci_root	value
oci_registry_purge_fences	registry_resource_version	oci_root	value
oci_registry_purge_fences	captured_mutation_epoch	oci_root	value
oci_registry_purge_fences	state	oci_root	value
oci_registry_purge_fences	created_at	oci_root	value
oci_registry_purge_fences	aborted_at	oci_root	value
oci_registry_purge_fences	resource_version	oci_root	value
oci_registry_state	registry_id	oci_root	value
oci_registry_state	mutation_epoch	oci_root	value
oci_registry_state	charged_bytes	oci_root	value
oci_registry_state	charged_objects	oci_root	value
oci_registry_state	updated_at	oci_root	value
oci_release_closure_members	registry_id	oci_root	value
oci_release_closure_members	repository_id	oci_root	value
oci_release_closure_members	root_digest	oci_root	value
oci_release_closure_members	release_tag	oci_root	value
oci_release_closure_members	store_path	oci_root	value
oci_release_closure_members	nar_hash	oci_root	value
oci_release_closure_members	nar_size	oci_root	value
oci_release_closure_members	layer_digest	oci_root	value
oci_release_closure_members	is_direct	oci_root	value
oci_release_evidence	registry_id	oci_root	value
oci_release_evidence	repository_id	oci_root	value
oci_release_evidence	root_digest	oci_root	value
oci_release_evidence	release_tag	oci_root	value
oci_release_evidence	evidence_kind	oci_root	value
oci_release_evidence	digest	oci_root	value
oci_release_evidence	media_type	oci_root	value
oci_release_evidence	verification	oci_root	value
oci_release_evidence	referrer_digest	oci_root	value
oci_release_layers	registry_id	oci_root	value
oci_release_layers	repository_id	oci_root	value
oci_release_layers	root_digest	oci_root	value
oci_release_layers	manifest_digest	oci_root	value
oci_release_layers	ordinal	oci_root	value
oci_release_layers	digest	oci_root	value
oci_release_layers	media_type	oci_root	value
oci_release_layers	compressed_byte_size	oci_root	value
oci_release_layers	unpacked_byte_size	oci_root	value
oci_release_layers	diff_id	oci_root	value
oci_release_layers	closure_group	oci_root	value
oci_release_layers	verified_at	oci_root	value
oci_release_provenance	registry_id	oci_root	value
oci_release_provenance	repository_id	oci_root	value
oci_release_provenance	root_digest	oci_root	value
oci_release_provenance	package_name	oci_root	value
oci_release_provenance	release_tag	oci_root	value
oci_release_provenance	channel_name	oci_root	value
oci_release_provenance	signed_release_root	oci_root	value
oci_release_provenance	catalog_digest	oci_root	value
oci_release_provenance	verification	oci_root	value
oci_release_provenance	verified_at	oci_root	value
oci_release_roots	registry_id	oci_root	value
oci_release_roots	release_id	oci_root	value
oci_release_roots	release_tag	oci_root	value
oci_release_roots	repository_id	oci_root	value
oci_release_roots	container_name	oci_root	value
oci_release_roots	index_digest	oci_root	value
oci_release_roots	source_commit	oci_root	value
oci_release_roots	verified_tag_oid	oci_root	value
oci_release_roots	catalog_digest	oci_root	value
oci_release_roots	created_at	oci_root	value
oci_release_roots	publication_fence	oci_root	value
oci_repositories	id	oci_root	value
oci_repositories	registry_id	oci_root	value
oci_repositories	name	oci_root	value
oci_repositories	visibility	oci_root	value
oci_repositories	lifecycle_state	oci_root	value
oci_repositories	resource_version	oci_root	value
oci_repositories	created_at	oci_root	value
oci_repositories	updated_at	oci_root	value
oci_repository_metadata	repository_id	oci_root	value
oci_repository_metadata	registry_id	oci_root	value
oci_repository_metadata	description	oci_root	dependency_digest
oci_repository_metadata	resource_version	oci_root	value
oci_repository_metadata	updated_at	oci_root	value
oci_repository_objects	repository_id	oci_root	value
oci_repository_objects	registry_id	oci_root	value
oci_repository_objects	digest	oci_root	value
oci_repository_objects	object_kind	oci_root	value
oci_repository_objects	linked_at	oci_root	value
oci_repository_objects	media_type	oci_root	value
oci_retention_policies	registry_id	oci_root	value
oci_retention_policies	untagged_grace_seconds	oci_root	value
oci_retention_policies	tag_history_limit	oci_root	value
oci_retention_policies	retain_referrers	oci_root	value
oci_retention_policies	resource_version	oci_root	value
oci_retention_policies	updated_at	oci_root	value
oci_retention_policies	deleted_tag_history_seconds	oci_root	value
oci_retention_policies	recent_manual_tag_revisions	oci_root	value
oci_tag_history	id	oci_root	value
oci_tag_history	repository_id	oci_root	value
oci_tag_history	registry_id	oci_root	value
oci_tag_history	name	oci_root	value
oci_tag_history	prior_digest	oci_root	value
oci_tag_history	next_digest	oci_root	value
oci_tag_history	source_kind	oci_root	value
oci_tag_history	actor_id	oci_root	value
oci_tag_history	changed_at	oci_root	value
oci_tag_history	tag_resource_version	oci_root	value
oci_tags	repository_id	oci_root	value
oci_tags	registry_id	oci_root	value
oci_tags	name	oci_root	value
oci_tags	digest	oci_root	value
oci_tags	source_kind	oci_root	value
oci_tags	resource_version	oci_root	value
oci_tags	updated_at	oci_root	value
oci_tags	created_at	oci_root	value
oci_untracked_repair_credential_holds	plan_id	mutation_dependency	value
oci_untracked_repair_credential_holds	binding_id	mutation_dependency	value
oci_untracked_repair_credential_holds	purpose	mutation_dependency	value
oci_untracked_repair_credential_holds	generation	mutation_dependency	value
oci_untracked_repair_evidence	plan_id	mutation_dependency	value
oci_untracked_repair_evidence	outcome	mutation_dependency	value
oci_untracked_repair_evidence	provider_request_id	mutation_dependency	value
oci_untracked_repair_evidence	conditional_etag	mutation_dependency	value
oci_untracked_repair_evidence	evidence_digest	mutation_dependency	value
oci_untracked_repair_evidence	confirmed_at	mutation_dependency	value
oci_untracked_repair_plans	id	mutation_dependency	value
oci_untracked_repair_plans	registry_id	mutation_dependency	value
oci_untracked_repair_plans	placement_id	mutation_dependency	value
oci_untracked_repair_plans	placement_name	mutation_dependency	value
oci_untracked_repair_plans	placement_prefix	mutation_dependency	value
oci_untracked_repair_plans	placement_resource_version	mutation_dependency	value
oci_untracked_repair_plans	placement_write_spec_version	mutation_dependency	value
oci_untracked_repair_plans	placement_observation_version	mutation_dependency	value
oci_untracked_repair_plans	binding_id	mutation_dependency	value
oci_untracked_repair_plans	binding_resource_version	mutation_dependency	value
oci_untracked_repair_plans	binding_write_revision	mutation_dependency	value
oci_untracked_repair_plans	delete_credential_purpose	mutation_dependency	value
oci_untracked_repair_plans	delete_credential_generation	mutation_dependency	value
oci_untracked_repair_plans	delete_capability_fingerprint	mutation_dependency	value
oci_untracked_repair_plans	delete_capability_resource_version	mutation_dependency	value
oci_untracked_repair_plans	inventory_generation_id	mutation_dependency	value
oci_untracked_repair_plans	inventory_digest	mutation_dependency	value
oci_untracked_repair_plans	inventory_observed_at	mutation_dependency	value
oci_untracked_repair_plans	object_key	mutation_dependency	value
oci_untracked_repair_plans	object_digest	mutation_dependency	value
oci_untracked_repair_plans	observed_hash	mutation_dependency	value
oci_untracked_repair_plans	byte_size	mutation_dependency	value
oci_untracked_repair_plans	strong_etag	mutation_dependency	value
oci_untracked_repair_plans	repair_kind	mutation_dependency	value
oci_untracked_repair_plans	adopt_media_type	mutation_dependency	value
oci_untracked_repair_plans	actor_id	mutation_dependency	value
oci_untracked_repair_plans	plan_idempotency_key	mutation_dependency	value
oci_untracked_repair_plans	apply_idempotency_key	mutation_dependency	value
oci_untracked_repair_plans	captured_mutation_epoch	mutation_dependency	value
oci_untracked_repair_plans	confirmation_hash	mutation_dependency	value
oci_untracked_repair_plans	state	mutation_dependency	value
oci_untracked_repair_plans	worker_id	mutation_dependency	value
oci_untracked_repair_plans	claim_token	mutation_dependency	value
oci_untracked_repair_plans	lease_expires_at	mutation_dependency	value
oci_untracked_repair_plans	attempt_count	mutation_dependency	value
oci_untracked_repair_plans	max_attempts	mutation_dependency	value
oci_untracked_repair_plans	next_attempt_at	mutation_dependency	value
oci_untracked_repair_plans	response_idempotency_key	mutation_dependency	value
oci_untracked_repair_plans	created_at	mutation_dependency	value
oci_untracked_repair_plans	expires_at	mutation_dependency	value
oci_untracked_repair_plans	applied_at	mutation_dependency	value
oci_untracked_repair_plans	finished_at	mutation_dependency	value
oci_untracked_repair_plans	last_error	mutation_dependency	dependency_digest
oci_untracked_repair_plans	resource_version	mutation_dependency	value
oci_upload_chunks	upload_id	mutation_dependency	value
oci_upload_chunks	ordinal	mutation_dependency	value
oci_upload_chunks	byte_offset	mutation_dependency	value
oci_upload_chunks	byte_size	mutation_dependency	value
oci_upload_chunks	digest	mutation_dependency	value
oci_upload_chunks	staging_object_key	mutation_dependency	value
oci_upload_chunks	created_at	mutation_dependency	value
oci_upload_sessions	id	mutation_dependency	value
oci_upload_sessions	registry_id	mutation_dependency	value
oci_upload_sessions	repository_id	mutation_dependency	value
oci_upload_sessions	publication_id	mutation_dependency	value
oci_upload_sessions	quota_reservation_id	mutation_dependency	value
oci_upload_sessions	writer_id	mutation_dependency	value
oci_upload_sessions	token_id	mutation_dependency	value
oci_upload_sessions	idempotency_key	mutation_dependency	value
oci_upload_sessions	expected_digest	mutation_dependency	value
oci_upload_sessions	expected_size	mutation_dependency	value
oci_upload_sessions	maximum_size	mutation_dependency	value
oci_upload_sessions	uploaded_size	mutation_dependency	value
oci_upload_sessions	staging_placement_id	mutation_dependency	value
oci_upload_sessions	staging_placement_resource_version	mutation_dependency	value
oci_upload_sessions	staging_binding_id	mutation_dependency	value
oci_upload_sessions	staging_binding_write_revision	mutation_dependency	value
oci_upload_sessions	final_digest	mutation_dependency	value
oci_upload_sessions	materialization_placement_id	mutation_dependency	value
oci_upload_sessions	materialization_placement_resource_version	mutation_dependency	value
oci_upload_sessions	materialization_binding_id	mutation_dependency	value
oci_upload_sessions	materialization_binding_write_revision	mutation_dependency	value
oci_upload_sessions	sha256_state_version	mutation_dependency	value
oci_upload_sessions	sha256_h0	mutation_dependency	value
oci_upload_sessions	sha256_h1	mutation_dependency	value
oci_upload_sessions	sha256_h2	mutation_dependency	value
oci_upload_sessions	sha256_h3	mutation_dependency	value
oci_upload_sessions	sha256_h4	mutation_dependency	value
oci_upload_sessions	sha256_h5	mutation_dependency	value
oci_upload_sessions	sha256_h6	mutation_dependency	value
oci_upload_sessions	sha256_h7	mutation_dependency	value
oci_upload_sessions	sha256_total_bytes	mutation_dependency	value
oci_upload_sessions	sha256_tail_hex	mutation_dependency	dependency_digest
oci_upload_sessions	state	mutation_dependency	value
oci_upload_sessions	expires_at	mutation_dependency	value
oci_upload_sessions	created_at	mutation_dependency	value
oci_upload_sessions	finished_at	mutation_dependency	value
oci_upload_sessions	cleanup_state	mutation_dependency	value
oci_upload_sessions	cleanup_finished_at	mutation_dependency	value
oci_upload_sessions	resource_version	mutation_dependency	value
oci_upload_sessions	authenticated_source_sha256	mutation_dependency	value
oci_upload_sessions	authenticated_source_bytes	mutation_dependency	value
oci_uploads	id	oci_root	value
oci_uploads	registry_id	oci_root	value
oci_uploads	repository_id	oci_root	value
oci_uploads	publication_id	oci_root	value
oci_uploads	expected_digest	oci_root	value
oci_uploads	expected_size	oci_root	value
oci_uploads	uploaded_size	oci_root	value
oci_uploads	sha256_state	oci_root	dependency_digest
oci_uploads	backend_upload_id	oci_root	value
oci_uploads	state	oci_root	value
oci_uploads	expires_at	oci_root	value
oci_uploads	created_at	oci_root	value
oci_uploads	finished_at	oci_root	value
oci_uploads	resource_version	oci_root	value
oidc_flows	state	none	omit
oidc_flows	org_id	none	omit
oidc_flows	nonce	none	omit
oidc_flows	code_verifier	none	omit
oidc_flows	redirect_after	none	omit
oidc_flows	created_at	none	omit
oidc_flows	expires_at	none	omit
operation_secondary_targets	operation_id	none	omit
operation_secondary_targets	role	none	omit
operation_secondary_targets	target_kind	none	omit
operation_secondary_targets	stable_id	none	omit
operation_secondary_targets	authorization_scope_key	none	omit
operation_secondary_targets	control_permission	none	omit
operation_secondary_targets	generation_key	none	omit
operation_secondary_targets	configuration_digest	none	omit
org_domains	domain	none	omit
org_domains	org_id	none	omit
org_domains	txt_challenge	none	omit
org_domains	verified_at	none	omit
org_domains	resource_version	none	omit
org_domains	mutation_plan_id	none	omit
org_domains	incarnation_id	none	omit
org_idp_configs	org_id	application_dependency	value
org_idp_configs	issuer	application_dependency	value
org_idp_configs	authorization_endpoint	application_dependency	value
org_idp_configs	token_endpoint	application_dependency	value
org_idp_configs	jwks_uri	application_dependency	value
org_idp_configs	client_id	application_dependency	value
org_idp_configs	client_secret_enc	application_dependency	secret_excluded
org_idp_configs	scopes	application_dependency	value
org_idp_configs	groups_claim	application_dependency	value
org_idp_configs	role_map_json	application_dependency	dependency_digest
org_idp_configs	allow_jit	application_dependency	value
org_idp_configs	enforce_sso	application_dependency	value
org_idp_configs	default_role	application_dependency	value
org_idp_configs	created_at	application_dependency	value
org_idp_configs	updated_at	application_dependency	value
org_idp_configs	resource_version	application_dependency	value
org_idp_configs	mutation_plan_id	application_dependency	value
org_idp_configs	incarnation_id	application_dependency	value
org_quotas	org_id	none	omit
org_quotas	max_bytes	none	omit
org_quotas	max_objects	none	omit
org_quotas	max_registries	none	omit
org_quotas	max_tokens	none	omit
org_usage	org_id	none	omit
org_usage	used_bytes	none	omit
org_usage	object_count	none	omit
org_usage	updated_at	none	omit
orgs	id	none	omit
orgs	stable_id	none	omit
orgs	slug	none	omit
orgs	name	none	omit
orgs	created_at	none	omit
orgs	deleted_at	none	omit
orgs	purge_after	none	omit
orgs	resource_version	none	omit
orgs	updated_at	none	omit
orgs	creation_plan_id	none	omit
orgs	mutation_plan_id	none	omit
package_documentation	registry_id	registry_store_root	value
package_documentation	indexed_commit	registry_store_root	value
package_documentation	package_name	registry_store_root	value
package_documentation	package_version	registry_store_root	value
package_documentation	platform	registry_store_root	value
package_documentation	format	registry_store_root	value
package_documentation	store_path	registry_store_root	value
package_documentation	nar_hash	registry_store_root	value
package_documentation	nar_size	registry_store_root	value
package_documentation	document_sha256	registry_store_root	value
package_documentation	document_size	registry_store_root	value
package_documentation	semantic_schema_sha256	registry_store_root	value
package_documentation	system_module_nar_hash	registry_store_root	value
package_documentation_search	registry_id	registry_store_root	value
package_documentation_search	package_name	registry_store_root	value
package_documentation_search	package_version	registry_store_root	value
package_documentation_search	platform	registry_store_root	value
package_documentation_search	kind	registry_store_root	value
package_documentation_search	document_key	registry_store_root	value
package_documentation_search	title	registry_store_root	value
package_documentation_search	summary	registry_store_root	value
package_documentation_search	terms	registry_store_root	dependency_digest
package_versions	id	none	omit
package_versions	package_id	none	omit
package_versions	version	none	omit
package_versions	previous	none	omit
packages	id	application_dependency	value
packages	registry_id	application_dependency	value
packages	name	application_dependency	value
packages	description	application_dependency	dependency_digest
packages	homepage	application_dependency	value
packages	license	application_dependency	value
packages	maintainer	application_dependency	value
packages	sysroot	application_dependency	value
physical_storage_aliases	alias_id	none	omit
physical_storage_aliases	authority_id	none	omit
physical_storage_aliases	canonical_alias_digest	none	omit
physical_storage_aliases	specification_json	none	omit
physical_storage_aliases	approval_plan_id	none	omit
physical_storage_aliases	approved_at	none	omit
physical_storage_authorities	authority_id	none	omit
physical_storage_authorities	guard_namespace_id	none	omit
physical_storage_authorities	specification_json	none	omit
physical_storage_authorities	specification_digest	none	omit
physical_storage_authorities	creation_plan_id	none	omit
physical_storage_authorities	created_at	none	omit
placement_delivery_manifest_heads	placement_id	authority_dependency	value
placement_delivery_manifest_heads	registry_id	authority_dependency	value
placement_delivery_manifest_heads	cache_id	authority_dependency	value
placement_delivery_manifest_heads	manifest_id	authority_dependency	value
placement_delivery_manifest_heads	resource_version	authority_dependency	value
placement_delivery_manifest_heads	updated_at	authority_dependency	value
placement_delivery_manifests	manifest_id	authority_dependency	value
placement_delivery_manifests	placement_id	authority_dependency	value
placement_delivery_manifests	registry_id	authority_dependency	value
placement_delivery_manifests	cache_id	authority_dependency	value
placement_delivery_manifests	kind	authority_dependency	value
placement_delivery_manifests	registry_publication_id	authority_dependency	value
placement_delivery_manifests	cache_inventory_generation	authority_dependency	value
placement_delivery_manifests	content_digest	authority_dependency	value
placement_delivery_manifests	published_at	authority_dependency	value
placement_equivalences	id	authority_dependency	value
placement_equivalences	placement_a_id	authority_dependency	value
placement_equivalences	placement_b_id	authority_dependency	value
placement_equivalences	physical_identity_fingerprint	authority_dependency	value
placement_equivalences	evidence_digest	authority_dependency	value
placement_equivalences	state	authority_dependency	value
placement_equivalences	creation_token	authority_dependency	value
placement_equivalences	confirmed_by	authority_dependency	value
placement_equivalences	confirmed_at	authority_dependency	value
placement_equivalences	validation_revision	authority_dependency	value
placement_equivalences	resource_version	authority_dependency	value
placement_equivalences	created_at	authority_dependency	value
placement_equivalences	updated_at	authority_dependency	value
placement_policies	id	authority_dependency	value
placement_policies	registry_id	authority_dependency	value
placement_policies	cache_id	authority_dependency	value
placement_policies	name	authority_dependency	value
placement_policies	creation_token	authority_dependency	value
placement_policies	created_at	authority_dependency	value
placement_policy_build_events	event_id	authority_dependency	value
placement_policy_build_events	policy_revision_id	authority_dependency	value
placement_policy_build_events	build_version	authority_dependency	value
placement_policy_build_events	revision_state	authority_dependency	value
placement_policy_build_events	mutation_kind	authority_dependency	value
placement_policy_build_events	created_at	authority_dependency	value
placement_policy_complete_members	policy_revision_id	authority_dependency	value
placement_policy_complete_members	group_id	authority_dependency	value
placement_policy_complete_members	registry_id	authority_dependency	value
placement_policy_complete_members	cache_id	authority_dependency	value
placement_policy_complete_members	policy_kind	authority_dependency	value
placement_policy_complete_members	group_purpose	authority_dependency	value
placement_policy_complete_members	placement_id	authority_dependency	value
placement_policy_complete_members	placement_kind	authority_dependency	value
placement_policy_complete_members	member_order	authority_dependency	value
placement_policy_heads	policy_id	authority_dependency	value
placement_policy_heads	current_revision_id	authority_dependency	value
placement_policy_heads	current_revision_state	authority_dependency	value
placement_policy_heads	resource_version	authority_dependency	value
placement_policy_heads	updated_at	authority_dependency	value
placement_policy_publications	publication_id	authority_dependency	value
placement_policy_publications	policy_revision_id	authority_dependency	value
placement_policy_publications	policy_id	authority_dependency	value
placement_policy_publications	revision_state	authority_dependency	value
placement_policy_publications	policy_resource_version	authority_dependency	value
placement_policy_publications	content_digest	authority_dependency	value
placement_policy_publications	published_by	authority_dependency	value
placement_policy_publications	published_at	authority_dependency	value
placement_policy_replica_groups	policy_revision_id	authority_dependency	value
placement_policy_replica_groups	registry_id	authority_dependency	value
placement_policy_replica_groups	cache_id	authority_dependency	value
placement_policy_replica_groups	group_id	authority_dependency	value
placement_policy_replica_groups	group_order	authority_dependency	value
placement_policy_replica_groups	policy_kind	authority_dependency	value
placement_policy_replica_groups	purpose	authority_dependency	value
placement_policy_replica_groups	range_start	authority_dependency	value
placement_policy_replica_groups	range_end	authority_dependency	value
placement_policy_revisions	id	authority_dependency	value
placement_policy_revisions	policy_id	authority_dependency	value
placement_policy_revisions	registry_id	authority_dependency	value
placement_policy_revisions	cache_id	authority_dependency	value
placement_policy_revisions	consumer_scope_key	authority_dependency	value
placement_policy_revisions	revision	authority_dependency	value
placement_policy_revisions	kind	authority_dependency	value
placement_policy_revisions	local_boundary_id	authority_dependency	value
placement_policy_revisions	local_boundary_revision	authority_dependency	value
placement_policy_revisions	allow_remote_fallback	authority_dependency	value
placement_policy_revisions	hash_rule	authority_dependency	value
placement_policy_revisions	retry_on_json	authority_dependency	dependency_digest
placement_policy_revisions	state	authority_dependency	value
placement_policy_revisions	expected_group_count	authority_dependency	value
placement_policy_revisions	expected_member_count	authority_dependency	value
placement_policy_revisions	build_version	authority_dependency	value
placement_policy_revisions	content_digest	authority_dependency	value
placement_policy_revisions	created_by	authority_dependency	value
placement_policy_revisions	created_at	authority_dependency	value
placement_policy_revisions	published_at	authority_dependency	value
placement_policy_revisions	error	authority_dependency	dependency_digest
placement_policy_shard_members	policy_revision_id	authority_dependency	value
placement_policy_shard_members	group_id	authority_dependency	value
placement_policy_shard_members	registry_id	authority_dependency	value
placement_policy_shard_members	cache_id	authority_dependency	value
placement_policy_shard_members	policy_kind	authority_dependency	value
placement_policy_shard_members	group_purpose	authority_dependency	value
placement_policy_shard_members	range_start	authority_dependency	value
placement_policy_shard_members	range_end	authority_dependency	value
placement_policy_shard_members	placement_id	authority_dependency	value
placement_policy_shard_members	placement_kind	authority_dependency	value
placement_policy_shard_members	member_order	authority_dependency	value
placement_scan_claims	operation_id	authority_dependency	value
placement_scan_claims	claim_token	authority_dependency	value
placement_scan_claims	operation_resource_version	authority_dependency	value
placement_scan_claims	heartbeat_at	authority_dependency	value
placement_scan_claims	lease_expires_at	authority_dependency	value
projects	id	none	omit
projects	stable_id	none	omit
projects	scope_key	none	omit
projects	owner_scope_key	none	omit
projects	scope_kind	none	omit
projects	org_id	none	omit
projects	path	none	omit
projects	name	none	omit
projects	created_at	none	omit
projects	resource_version	none	omit
projects	updated_at	none	omit
projects	creation_plan_id	none	omit
publish_leases	registry_id	cache_store_root	value
publish_leases	holder_token_id	cache_store_root	value
publish_leases	deadline	cache_store_root	value
rate_limits	class	none	omit
rate_limits	key	none	omit
rate_limits	window	none	omit
rate_limits	count	none	omit
refresh_token_families	id	none	omit
refresh_token_families	token_id	none	omit
refresh_token_families	created_at	none	omit
refresh_token_families	last_used_at	none	omit
refresh_token_families	absolute_expires_at	none	omit
refresh_token_families	revoked_at	none	omit
refresh_tokens	hash	none	omit
refresh_tokens	family_id	none	omit
refresh_tokens	created_at	none	omit
refresh_tokens	expires_at	none	omit
refresh_tokens	consumed_at	none	omit
registries	id	registry_store_root	value
registries	stable_id	registry_store_root	value
registries	slug	registry_store_root	value
registries	trust_keys	registry_store_root	dependency_digest
registries	require_signatures	registry_store_root	value
registries	created_at	registry_store_root	value
registries	org_id	registry_store_root	value
registries	project_path	registry_store_root	value
registries	visibility	registry_store_root	value
registries	crawl_policy	registry_store_root	value
registries	llms_txt_body	registry_store_root	dependency_digest
registries	scope_key	registry_store_root	value
registries	owner_scope_key	registry_store_root	value
registries	scope_kind	registry_store_root	value
registries	creation_plan_id	registry_store_root	value
registries	resource_version	registry_store_root	value
registries	updated_at	registry_store_root	value
registry_cache_stack_entries	registry_id	registry_store_root	value
registry_cache_stack_entries	stack_path	registry_store_root	value
registry_cache_stack_entries	committed_url	registry_store_root	dependency_digest
registry_cache_stack_entries	resolved_priority	registry_store_root	value
registry_cache_stack_entries	mirror_group_id	registry_store_root	value
registry_cache_stack_entries	cache_id	registry_store_root	value
registry_cache_stack_entries	route_id	registry_store_root	value
registry_cache_stack_entries	route_configuration_generation	registry_store_root	value
registry_cache_stack_entries	route_configuration_digest	registry_store_root	value
registry_cache_stack_entries	indexed_commit	registry_store_root	value
registry_catalog_artifacts	registry_id	registry_store_root	value
registry_catalog_artifacts	source_revision	registry_store_root	value
registry_catalog_artifacts	package_name	registry_store_root	value
registry_catalog_artifacts	package_version	registry_store_root	value
registry_catalog_artifacts	platform	registry_store_root	value
registry_catalog_artifacts	artifact_kind	registry_store_root	value
registry_catalog_artifacts	store_path	registry_store_root	value
registry_catalog_artifacts	store_hash	registry_store_root	value
registry_catalog_artifacts	metadata_digest	registry_store_root	value
registry_image_roots	registry_id	registry_store_root	value
registry_image_roots	release	registry_store_root	value
registry_image_roots	surface_object_id	registry_store_root	value
registry_image_roots	object_role	registry_store_root	value
registry_image_roots	expected_hash	registry_store_root	value
registry_image_roots	expected_size	registry_store_root	value
registry_index	registry_id	registry_store_root	value
registry_index	state	registry_store_root	value
registry_index	error	registry_store_root	dependency_digest
registry_index	last_indexed_commit	registry_store_root	value
registry_index	name	registry_store_root	value
registry_index	description	registry_store_root	dependency_digest
registry_index	indexed_at	registry_store_root	value
registry_index	refs_digest	registry_store_root	value
registry_index	cache_stack	registry_store_root	dependency_digest
registry_index	readme	registry_store_root	dependency_digest
registry_index	generation	registry_store_root	value
registry_index	content_digest	registry_store_root	value
registry_index	documentation_projection_generation	registry_store_root	value
registry_index	support_json	registry_store_root	dependency_digest
registry_index_build_heads	registry_id	registry_store_root	value
registry_index_build_heads	build_id	registry_store_root	value
registry_index_build_heads	owner_token	registry_store_root	value
registry_index_build_heads	base_generation	registry_store_root	value
registry_index_build_heads	target_generation	registry_store_root	value
registry_index_build_heads	state	registry_store_root	value
registry_index_build_heads	lease_expires_at	registry_store_root	value
registry_index_build_heads	started_at	registry_store_root	value
registry_index_build_heads	finished_at	registry_store_root	value
registry_index_build_heads	content_digest	registry_store_root	value
registry_index_build_heads	error	registry_store_root	dependency_digest
registry_index_build_heads	resource_version	registry_store_root	value
registry_index_publication_state	registry_id	registry_store_root	value
registry_index_publication_state	publication_id	registry_store_root	value
registry_placement_publication_watermarks	placement_id	authority_dependency	value
registry_placement_publication_watermarks	registry_id	authority_dependency	value
registry_placement_publication_watermarks	mutable_publication_id	authority_dependency	value
registry_placement_publication_watermarks	pending_publication_id	authority_dependency	value
registry_placement_publication_watermarks	observed_at	authority_dependency	value
registry_placement_publication_watermarks	resource_version	authority_dependency	value
registry_publication_manifest_chunks	publication_id	mutation_dependency	value
registry_publication_manifest_chunks	chunk_index	mutation_dependency	value
registry_publication_manifest_chunks	chunk_digest	mutation_dependency	value
registry_publication_manifest_chunks	object_count	mutation_dependency	value
registry_publication_manifest_chunks	accepted_at	mutation_dependency	value
registry_publication_manifest_sessions	publication_id	mutation_dependency	value
registry_publication_manifest_sessions	registry_id	mutation_dependency	value
registry_publication_manifest_sessions	lease_token	mutation_dependency	value
registry_publication_manifest_sessions	manifest_digest	mutation_dependency	value
registry_publication_manifest_sessions	expected_object_count	mutation_dependency	value
registry_publication_manifest_sessions	admitted_object_count	mutation_dependency	value
registry_publication_manifest_sessions	next_chunk_index	mutation_dependency	value
registry_publication_manifest_sessions	state	mutation_dependency	value
registry_publication_manifest_sessions	lease_expires_at	mutation_dependency	value
registry_publication_manifest_sessions	created_at	mutation_dependency	value
registry_publication_manifest_sessions	updated_at	mutation_dependency	value
registry_publication_manifest_sessions	resource_version	mutation_dependency	value
registry_publication_multipart_backends	upload_id	mutation_dependency	value
registry_publication_multipart_backends	placement_id	mutation_dependency	value
registry_publication_multipart_backends	placement_resource_version	mutation_dependency	value
registry_publication_multipart_backends	backend_upload_id	mutation_dependency	value
registry_publication_multipart_backends	state	mutation_dependency	value
registry_publication_multipart_backends	completion_etag	mutation_dependency	dependency_digest
registry_publication_multipart_parts	upload_id	mutation_dependency	value
registry_publication_multipart_parts	part_number	mutation_dependency	value
registry_publication_multipart_parts	placement_id	mutation_dependency	value
registry_publication_multipart_parts	etag	mutation_dependency	dependency_digest
registry_publication_multipart_uploads	upload_id	mutation_dependency	value
registry_publication_multipart_uploads	publication_id	mutation_dependency	value
registry_publication_multipart_uploads	registry_id	mutation_dependency	value
registry_publication_multipart_uploads	surface_object_id	mutation_dependency	value
registry_publication_multipart_uploads	state	mutation_dependency	value
registry_publication_multipart_uploads	active_object_slot	mutation_dependency	value
registry_publication_multipart_uploads	expires_at	mutation_dependency	value
registry_publication_multipart_uploads	created_at	mutation_dependency	value
registry_publication_multipart_uploads	finished_at	mutation_dependency	value
registry_publication_multipart_uploads	hashed_size	mutation_dependency	value
registry_publication_multipart_uploads	sha256_state	mutation_dependency	dependency_digest
registry_publication_multipart_uploads	pending_part	mutation_dependency	value
registry_publication_multipart_uploads	pending_hash	mutation_dependency	dependency_digest
registry_publication_multipart_uploads	pending_token	mutation_dependency	value
registry_publication_multipart_uploads	pending_since	mutation_dependency	value
registry_publication_multipart_uploads	completion_token	mutation_dependency	value
registry_publication_multipart_uploads	completion_since	mutation_dependency	value
registry_publication_object_evidence	publication_id	registry_store_root	value
registry_publication_object_evidence	surface_object_id	registry_store_root	value
registry_publication_object_evidence	placement_id	registry_store_root	value
registry_publication_object_evidence	observed_hash	registry_store_root	value
registry_publication_object_evidence	observed_size	registry_store_root	value
registry_publication_object_evidence	strong_etag	registry_store_root	value
registry_publication_object_evidence	observed_at	registry_store_root	value
registry_publication_objects	publication_id	registry_store_root	value
registry_publication_objects	registry_id	registry_store_root	value
registry_publication_objects	surface_object_id	registry_store_root	value
registry_publication_objects	object_kind	registry_store_root	value
registry_publication_objects	expected_hash	registry_store_root	value
registry_publication_objects	expected_size	registry_store_root	value
registry_publication_placements	publication_id	registry_store_root	value
registry_publication_placements	registry_id	registry_store_root	value
registry_publication_placements	placement_id	registry_store_root	value
registry_publication_placements	required	registry_store_root	value
registry_publication_placements	state	registry_store_root	value
registry_publication_placements	observed_at	registry_store_root	value
registry_publication_state	registry_id	authority_dependency	value
registry_publication_state	current_publication_id	authority_dependency	value
registry_publication_state	next_ordinal	authority_dependency	value
registry_publication_state	resource_version	authority_dependency	value
registry_publication_state	updated_at	authority_dependency	value
registry_publications	publication_id	registry_store_root	value
registry_publications	registry_id	registry_store_root	value
registry_publications	ordinal	registry_store_root	value
registry_publications	generation	registry_store_root	value
registry_publications	manifest_digest	registry_store_root	value
registry_publications	refs_digest	registry_store_root	value
registry_publications	default_commit	registry_store_root	value
registry_publications	parent_publication_id	registry_store_root	value
registry_publications	state	registry_store_root	value
registry_publications	mutation_version	registry_store_root	value
registry_publications	created_at	registry_store_root	value
registry_publications	completed_at	registry_store_root	value
registry_publications	retired_at	registry_store_root	value
registry_system_images	registry_id	registry_store_root	value
registry_system_images	release	registry_store_root	value
registry_system_images	source_commit	registry_store_root	value
registry_system_images	verified_tag_oid	registry_store_root	value
registry_system_images	catalog_digest	registry_store_root	value
registry_system_images	package_name	registry_store_root	value
registry_system_images	platform	registry_store_root	value
registry_system_images	format	registry_store_root	value
registry_system_images	delivery	registry_store_root	dependency_digest
release_artifact_snapshot_heads	release_id	registry_store_root	value
release_artifact_snapshot_heads	registry_id	registry_store_root	value
release_artifact_snapshot_heads	complete_artifact_snapshot_id	registry_store_root	value
release_artifact_snapshot_heads	resource_version	registry_store_root	value
release_artifact_snapshot_heads	updated_at	registry_store_root	value
release_artifact_snapshots	snapshot_id	registry_store_root	value
release_artifact_snapshots	release_id	registry_store_root	value
release_artifact_snapshots	registry_id	registry_store_root	value
release_artifact_snapshots	source_commit	registry_store_root	value
release_artifact_snapshots	verified_tag_oid	registry_store_root	value
release_artifact_snapshots	verification_record_id	registry_store_root	value
release_artifact_snapshots	manifest_digest	registry_store_root	value
release_artifact_snapshots	state	registry_store_root	value
release_artifact_snapshots	complete_slot	registry_store_root	value
release_artifact_snapshots	expected_artifact_count	registry_store_root	value
release_artifact_snapshots	actual_artifact_count	registry_store_root	value
release_artifact_snapshots	started_at	registry_store_root	value
release_artifact_snapshots	completed_at	registry_store_root	value
release_artifact_snapshots	error	registry_store_root	dependency_digest
release_artifact_snapshots	resource_version	registry_store_root	value
release_artifacts	snapshot_id	registry_store_root	value
release_artifacts	release_id	registry_store_root	value
release_artifacts	registry_id	registry_store_root	value
release_artifacts	package_name	registry_store_root	value
release_artifacts	package_version	registry_store_root	value
release_artifacts	platform	registry_store_root	value
release_artifacts	artifact_kind	registry_store_root	value
release_artifacts	store_path	registry_store_root	value
release_artifacts	store_hash	registry_store_root	value
release_artifacts	metadata_digest	registry_store_root	value
release_browse_catalogs	registry_id	registry_store_root	value
release_browse_catalogs	source_commit	registry_store_root	value
release_browse_catalogs	packages_json	registry_store_root	dependency_digest
release_browse_catalogs	content_digest	registry_store_root	value
release_browse_catalogs	package_count	registry_store_root	value
release_browse_catalogs	documentation_count	registry_store_root	value
release_browse_catalogs	default_release	registry_store_root	value
release_browse_notes	registry_id	registry_store_root	value
release_browse_notes	tag_oid	registry_store_root	value
release_browse_notes	body	registry_store_root	dependency_digest
release_browse_search_terms	registry_id	registry_store_root	value
release_browse_search_terms	source_commit	registry_store_root	value
release_browse_search_terms	term	registry_store_root	value
release_browse_search_terms	entry_key	registry_store_root	value
release_browse_search_terms	weight	registry_store_root	value
release_browse_tree_ancestors	registry_id	registry_store_root	value
release_browse_tree_ancestors	source_commit	registry_store_root	value
release_browse_tree_ancestors	ancestor_key	registry_store_root	value
release_browse_tree_ancestors	node_key	registry_store_root	value
release_browse_tree_entries	registry_id	registry_store_root	value
release_browse_tree_entries	source_commit	registry_store_root	value
release_browse_tree_entries	entry_key	registry_store_root	value
release_browse_tree_entries	node_key	registry_store_root	value
release_browse_tree_entries	document_sha256	registry_store_root	value
release_browse_tree_entries	package_name	registry_store_root	value
release_browse_tree_entries	package_version	registry_store_root	value
release_browse_tree_entries	platform	registry_store_root	value
release_browse_tree_entries	kind	registry_store_root	value
release_browse_tree_entries	document_key	registry_store_root	value
release_browse_tree_entries	title	registry_store_root	value
release_browse_tree_entries	summary	registry_store_root	value
release_browse_tree_entries	type_signature	registry_store_root	value
release_browse_tree_nodes	registry_id	registry_store_root	value
release_browse_tree_nodes	source_commit	registry_store_root	value
release_browse_tree_nodes	node_key	registry_store_root	value
release_browse_tree_nodes	parent_key	registry_store_root	value
release_browse_tree_nodes	path_json	registry_store_root	dependency_digest
release_browse_tree_nodes	label	registry_store_root	value
release_browse_tree_nodes	sort_key	registry_store_root	value
release_browse_tree_nodes	child_count	registry_store_root	value
release_browse_tree_nodes	entry_count	registry_store_root	value
release_bundle_publications	bundle_digest	registry_store_root	value
release_bundle_publications	registry_id	registry_store_root	value
release_bundle_publications	environment	registry_store_root	value
release_bundle_publications	publication_id	registry_store_root	value
release_bundle_publications	deployment_id	registry_store_root	value
release_bundle_publications	receipt_digest	registry_store_root	value
release_bundle_publications	receipt_json	registry_store_root	dependency_digest
release_bundle_publications	staging_receipt_digest	registry_store_root	value
release_bundle_publications	committed_at	registry_store_root	value
release_bundles	bundle_digest	registry_store_root	value
release_bundles	registry_id	registry_store_root	value
release_bundles	release_id	registry_store_root	value
release_bundles	manifest_digest	registry_store_root	value
release_bundles	registry_base_commit	registry_store_root	value
release_bundles	staging_deployment_id	registry_store_root	value
release_bundles	production_deployment_id	registry_store_root	value
release_bundles	created_at	registry_store_root	value
release_channel_advances	registry_id	registry_store_root	value
release_channel_advances	channel	registry_store_root	value
release_channel_advances	prior_generation	registry_store_root	value
release_channel_advances	new_generation	registry_store_root	value
release_channel_advances	first_partition	registry_store_root	value
release_channel_advances	last_partition	registry_store_root	value
release_channel_advances	manifest_digest	registry_store_root	value
release_channel_advances	publication_receipt_digest	registry_store_root	value
release_channel_advances	operation_digest	registry_store_root	value
release_channel_advances	receipt_json	registry_store_root	dependency_digest
release_channel_advances	committed_at	registry_store_root	value
release_channel_operations	registry_id	registry_store_root	value
release_channel_operations	channel	registry_store_root	value
release_channel_operations	prior_generation	registry_store_root	value
release_channel_operations	new_generation	registry_store_root	value
release_channel_operations	first_partition	registry_store_root	value
release_channel_operations	last_partition	registry_store_root	value
release_channel_operations	manifest_digest	registry_store_root	value
release_channel_operations	production_receipt_digest	registry_store_root	value
release_channel_operations	operation_digest	registry_store_root	value
release_channel_operations	receipt_json	registry_store_root	dependency_digest
release_channel_operations	committed_at	registry_store_root	value
release_package_documentation	snapshot_id	registry_store_root	value
release_package_documentation	release_id	registry_store_root	value
release_package_documentation	registry_id	registry_store_root	value
release_package_documentation	package_name	registry_store_root	value
release_package_documentation	package_version	registry_store_root	value
release_package_documentation	platform	registry_store_root	value
release_package_documentation	artifact_kind	registry_store_root	value
release_package_documentation	store_path	registry_store_root	value
release_package_documentation	store_hash	registry_store_root	value
release_package_documentation	format	registry_store_root	value
release_package_documentation	nar_hash	registry_store_root	value
release_package_documentation	nar_size	registry_store_root	value
release_package_documentation	document_sha256	registry_store_root	value
release_package_documentation	document_size	registry_store_root	value
release_package_documentation	semantic_schema_sha256	registry_store_root	value
release_package_documentation	system_module_nar_hash	registry_store_root	value
release_package_documentation	metadata_digest	registry_store_root	value
release_promotions	bundle_digest	registry_store_root	value
release_promotions	staging_receipt_digest	registry_store_root	value
release_promotions	qualification_digest	registry_store_root	value
release_promotions	production_receipt_digest	registry_store_root	value
release_promotions	promoted_at	registry_store_root	value
release_qualifications	bundle_digest	registry_store_root	value
release_qualifications	staging_receipt_digest	registry_store_root	value
release_qualifications	staging_receipt_json	registry_store_root	dependency_digest
release_qualifications	qualification_digest	registry_store_root	value
release_qualifications	receipt_json	registry_store_root	dependency_digest
release_qualifications	qualified_at	registry_store_root	value
release_records	registry_id	registry_store_root	value
release_records	tag_oid	registry_store_root	value
release_records	record_json	registry_store_root	dependency_digest
release_timestamp_publications	registry_id	registry_store_root	value
release_timestamp_publications	snapshot_digest	registry_store_root	value
release_timestamp_publications	snapshot_version	registry_store_root	value
release_timestamp_publications	timestamp_version	registry_store_root	value
release_timestamp_publications	timestamp_digest	registry_store_root	value
release_timestamp_publications	publication_id	registry_store_root	value
release_timestamp_publications	committed_at	registry_store_root	value
releases	id	registry_store_root	value
releases	registry_id	registry_store_root	value
releases	semver	registry_store_root	value
releases	tag_oid	registry_store_root	value
releases	commit_oid	registry_store_root	value
releases	signer	registry_store_root	value
releases	tagged_at	registry_store_root	value
releases	pack_present	registry_store_root	value
retention_leases	id	cache_store_root	value
retention_leases	manual_retention_root_id	cache_store_root	value
retention_leases	begins_at	cache_store_root	value
retention_leases	expires_at	cache_store_root	value
retention_leases	renewed_from_lease_id	cache_store_root	value
retention_leases	state	cache_store_root	value
retention_leases	renewed_by	cache_store_root	value
retention_leases	renewed_at	cache_store_root	value
retention_leases	revoked_by	cache_store_root	value
retention_leases	revoked_at	cache_store_root	value
retention_leases	resource_version	cache_store_root	value
route_access_observations	route_id	application_dependency	value
route_access_observations	configuration_generation	application_dependency	value
route_access_observations	configuration_digest	application_dependency	value
route_access_observations	access_policy_digest	application_dependency	value
route_access_observations	state	application_dependency	value
route_access_observations	observed_at	application_dependency	value
route_access_observations	error	application_dependency	dependency_digest
route_advertisements	id	none	omit
route_advertisements	registry_id	none	omit
route_advertisements	cache_id	none	omit
route_advertisements	audience	none	omit
route_advertisements	route_id	none	omit
route_advertisements	resource_version	none	omit
route_advertisements	created_at	none	omit
route_advertisements	updated_at	none	omit
route_configurations	route_id	application_dependency	value
route_configurations	registry_id	application_dependency	value
route_configurations	cache_id	application_dependency	value
route_configurations	configuration_generation	application_dependency	value
route_configurations	configuration_digest	application_dependency	value
route_configurations	canonical_rendered_url	application_dependency	dependency_digest
route_configurations	canonical_configuration_json	application_dependency	dependency_digest
route_configurations	created_by	application_dependency	value
route_configurations	created_at	application_dependency	value
route_heads	route_id	none	omit
route_heads	registry_id	none	omit
route_heads	cache_id	none	omit
route_heads	configuration_generation	none	omit
route_heads	configuration_digest	none	omit
route_heads	access_policy_digest	none	omit
route_observations	route_id	application_dependency	value
route_observations	registry_id	application_dependency	value
route_observations	cache_id	application_dependency	value
route_observations	configuration_generation	application_dependency	value
route_observations	configuration_digest	application_dependency	value
route_observations	state	application_dependency	value
route_observations	observed_at	application_dependency	value
route_observations	error	application_dependency	dependency_digest
route_oci_capabilities	route_id	none	omit
route_oci_capabilities	serves_web	none	omit
route_oci_capabilities	created_at	none	omit
route_replacements	successor_route_id	none	omit
route_replacements	predecessor_route_id	none	omit
route_replacements	predecessor_resource_version	none	omit
route_replacements	created_at	none	omit
route_url_reservations	id	none	omit
route_url_reservations	digest_scheme	none	omit
route_url_reservations	reservation_key_version	none	omit
route_url_reservations	reservation_digest	none	omit
route_url_reservations	created_at	none	omit
routes	id	application_dependency	value
routes	url_reservation_id	application_dependency	value
routes	resource_version	application_dependency	value
routes	endpoint_id	application_dependency	value
routes	endpoint_generation	application_dependency	value
routes	endpoint_ingress_kind	application_dependency	value
routes	consumer_scope_key	application_dependency	value
routes	gateway_id	application_dependency	value
routes	gateway_generation	application_dependency	value
routes	target_binding_id	application_dependency	value
routes	gateway_client_base_path	application_dependency	value
routes	target_placement_prefix	application_dependency	value
routes	base_path	application_dependency	value
routes	registry_id	application_dependency	value
routes	cache_id	application_dependency	value
routes	mode	application_dependency	value
routes	access_policy_kind	application_dependency	value
routes	access_boundary_id	application_dependency	value
routes	access_boundary_revision	application_dependency	value
routes	external_provider_kind	application_dependency	value
routes	external_provider_resource_id	application_dependency	value
routes	external_provider_revision	application_dependency	value
routes	access_policy_json	application_dependency	dependency_digest
routes	access_policy_digest	application_dependency	value
routes	placement_id	application_dependency	value
routes	target_placement_kind	application_dependency	value
routes	placement_policy_revision_id	application_dependency	value
routes	placement_policy_revision_state	application_dependency	value
routes	serves_git	application_dependency	value
routes	serves_cache	application_dependency	value
routes	serves_web	application_dependency	value
routes	enabled	application_dependency	value
routes	created_at	application_dependency	value
routes	updated_at	application_dependency	value
schema_version	version	none	omit
service_accounts	id	none	omit
service_accounts	org_id	none	omit
service_accounts	name	none	omit
service_accounts	created_at	none	omit
service_accounts	principal_incarnation	none	omit
sessions	id_hash	none	omit
sessions	user_id	none	omit
sessions	created_at	none	omit
sessions	last_seen_at	none	omit
sessions	expires_at	none	omit
sessions	auth_level	none	omit
sessions	last_authenticated_at	none	omit
sessions	owner_incarnation	none	omit
signing_key_generations	signing_key_id	application_dependency	value
signing_key_generations	generation	application_dependency	value
signing_key_generations	algorithm	application_dependency	value
signing_key_generations	public_key	application_dependency	dependency_digest
signing_key_generations	public_key_fingerprint	application_dependency	value
signing_key_generations	custody	application_dependency	value
signing_key_generations	state	application_dependency	value
signing_key_generations	active_slot	application_dependency	value
signing_key_generations	created_at	application_dependency	value
signing_key_generations	retired_at	application_dependency	value
signing_key_usages	id	none	omit
signing_key_usages	stable_id	none	omit
signing_key_usages	consumer_stable_id	none	omit
signing_key_usages	consumer_kind	none	omit
signing_key_usages	consumer_scope_key	none	omit
signing_key_usages	consumer_name	none	omit
signing_key_usages	purpose	none	omit
signing_key_usages	signing_key_id	none	omit
signing_key_usages	signing_key_generation	none	omit
signing_key_usages	state	none	omit
signing_key_usages	resource_version	none	omit
signing_key_usages	created_at	none	omit
signing_key_usages	updated_at	none	omit
signing_keys	stable_id	none	omit
signing_keys	scope_key	none	omit
signing_keys	name	none	omit
signing_keys	resource_version	none	omit
signing_keys	created_at	none	omit
signing_keys	updated_at	none	omit
storage_authority_admission_heads	authority_id	authority_dependency	value
storage_authority_admission_heads	desired_generation	authority_dependency	value
storage_authority_admission_heads	acknowledged_generation	authority_dependency	value
storage_authority_admission_heads	acknowledged_digest	authority_dependency	value
storage_authority_admission_heads	resource_version	authority_dependency	value
storage_authority_admission_revisions	authority_id	authority_dependency	value
storage_authority_admission_revisions	generation	authority_dependency	value
storage_authority_admission_revisions	state	authority_dependency	value
storage_authority_admission_revisions	attestation_id	authority_dependency	value
storage_authority_admission_revisions	specification_json	authority_dependency	value
storage_authority_admission_revisions	specification_digest	authority_dependency	value
storage_authority_admission_revisions	approval_plan_id	authority_dependency	value
storage_authority_admission_revisions	approved_at	authority_dependency	value
storage_authority_attestations	attestation_id	authority_dependency	value
storage_authority_attestations	authority_id	authority_dependency	value
storage_authority_attestations	provider_mode	authority_dependency	value
storage_authority_attestations	managed_prefix	authority_dependency	value
storage_authority_attestations	specification_json	authority_dependency	value
storage_authority_attestations	specification_digest	authority_dependency	value
storage_authority_attestations	approval_plan_id	authority_dependency	value
storage_authority_attestations	valid_until	authority_dependency	value
storage_authority_attestations	approved_at	authority_dependency	value
storage_authority_control_requests	authority_id	authority_dependency	value
storage_authority_control_requests	generation	authority_dependency	value
storage_authority_control_requests	request_id	authority_dependency	value
storage_authority_control_requests	specification_digest	authority_dependency	value
storage_authority_control_requests	acknowledged_at	authority_dependency	value
storage_authority_credential_members	attestation_id	authority_dependency	value
storage_authority_credential_members	authority_id	authority_dependency	value
storage_authority_credential_members	association_id	authority_dependency	value
storage_authority_credential_members	binding_id	authority_dependency	value
storage_authority_credential_members	purpose	authority_dependency	value
storage_authority_credential_members	generation	authority_dependency	value
surface_object_usage	surface_object_id	catalogue_copy	value
surface_object_usage	org_id	catalogue_copy	value
surface_object_usage	accounted_bytes	catalogue_copy	value
surface_object_usage	resource_version	catalogue_copy	value
surface_object_usage	updated_at	catalogue_copy	value
surface_objects	id	catalogue_copy	value
surface_objects	registry_id	catalogue_copy	value
surface_objects	cache_id	catalogue_copy	value
surface_objects	object_key	catalogue_copy	value
surface_objects	object_kind	catalogue_copy	value
surface_objects	partition_key	catalogue_copy	value
surface_objects	content_hash	catalogue_copy	value
surface_objects	size	catalogue_copy	value
surface_objects	mutable_publication_id	catalogue_copy	value
surface_objects	lifecycle_state	catalogue_copy	value
surface_objects	tombstoned_at	catalogue_copy	value
surface_objects	created_at	catalogue_copy	value
surface_objects	updated_at	catalogue_copy	value
surface_objects	resource_version	catalogue_copy	value
surface_objects	accounting_origin_version	catalogue_copy	value
surface_placement_observations	placement_id	authority_dependency	value
surface_placement_observations	state	authority_dependency	value
surface_placement_observations	completeness	authority_dependency	value
surface_placement_observations	observed_at	authority_dependency	value
surface_placement_observations	observation_version	authority_dependency	value
surface_placement_write_capabilities	placement_id	authority_dependency	value
surface_placement_write_capabilities	placement_write_spec_version	authority_dependency	value
surface_placement_write_capabilities	binding_id	authority_dependency	value
surface_placement_write_capabilities	binding_write_revision	authority_dependency	value
surface_placement_write_capabilities	created_at	authority_dependency	value
surface_placements	id	authority_dependency	value
surface_placements	registry_id	authority_dependency	value
surface_placements	cache_id	authority_dependency	value
surface_placements	name	authority_dependency	value
surface_placements	binding_id	authority_dependency	value
surface_placements	consumer_scope_key	authority_dependency	value
surface_placements	binding_grant_generation	authority_dependency	value
surface_placements	binding_grant_state	authority_dependency	value
surface_placements	prefix	authority_dependency	value
surface_placements	kind	authority_dependency	value
surface_placements	desired_state	authority_dependency	value
surface_placements	desired_read_enabled	authority_dependency	value
surface_placements	read_order	authority_dependency	value
surface_placements	hash_range_start	authority_dependency	value
surface_placements	hash_range_end	authority_dependency	value
surface_placements	write_spec_version	authority_dependency	value
surface_placements	requires_conditional_writes	authority_dependency	value
surface_placements	created_at	authority_dependency	value
surface_placements	updated_at	authority_dependency	value
surface_placements	resource_version	authority_dependency	value
surface_write_authorities	id	application_dependency	value
surface_write_authorities	incarnation_id	application_dependency	value
surface_write_authorities	registry_id	application_dependency	value
surface_write_authorities	cache_id	application_dependency	value
surface_write_authorities	mode	application_dependency	value
surface_write_authorities	desired_placement_id	application_dependency	value
surface_write_authorities	desired_write_spec_version	application_dependency	value
surface_write_authorities	desired_binding_write_revision	application_dependency	value
surface_write_authorities	desired_generation	application_dependency	value
surface_write_authorities	observed_placement_id	application_dependency	value
surface_write_authorities	observed_write_spec_version	application_dependency	value
surface_write_authorities	observed_binding_write_revision	application_dependency	value
surface_write_authorities	observed_generation	application_dependency	value
surface_write_authorities	reconciliation_state	application_dependency	value
surface_write_authorities	reconciliation_error	application_dependency	dependency_digest
surface_write_authorities	resource_version	application_dependency	value
surface_write_authorities	created_at	application_dependency	value
surface_write_authorities	updated_at	application_dependency	value
tokens	id	application_dependency	value
tokens	hash	application_dependency	secret_excluded
tokens	owner_kind	application_dependency	value
tokens	owner_id	application_dependency	value
tokens	scope_key	application_dependency	value
tokens	permissions	application_dependency	dependency_digest
tokens	comment	application_dependency	dependency_digest
tokens	created_at	application_dependency	value
tokens	expires_at	application_dependency	value
tokens	revoked_at	application_dependency	value
tokens	last_used_at	application_dependency	value
tokens	rotated_at	application_dependency	value
tokens	owner_incarnation	application_dependency	value
topology_defaults	id	operation_dependency	value
topology_defaults	scope_kind	operation_dependency	value
topology_defaults	org_id	operation_dependency	value
topology_defaults	scope_key	operation_dependency	value
topology_defaults	binding_id	operation_dependency	value
topology_defaults	domain_id	operation_dependency	value
topology_defaults	endpoint_id	operation_dependency	value
topology_defaults	endpoint_generation	operation_dependency	value
topology_defaults	gateway_id	operation_dependency	value
topology_defaults	gateway_generation	operation_dependency	value
topology_defaults	resource_version	operation_dependency	value
topology_defaults	created_at	operation_dependency	value
topology_defaults	updated_at	operation_dependency	value
topology_event_outbox	event_id	operation_dependency	value
topology_event_outbox	event_name	operation_dependency	value
topology_event_outbox	owner_scope_key	operation_dependency	value
topology_event_outbox	resource_kind	operation_dependency	value
topology_event_outbox	resource_stable_id	operation_dependency	value
topology_event_outbox	resource_generation_key	operation_dependency	value
topology_event_outbox	actor_kind	operation_dependency	value
topology_event_outbox	actor_id	operation_dependency	value
topology_event_outbox	actor_label	operation_dependency	value
topology_event_outbox	payload_json	operation_dependency	dependency_digest
topology_event_outbox	occurred_at	operation_dependency	value
topology_event_outbox	materialized_at	operation_dependency	value
topology_operation_mutations	operation_id	operation_dependency	value
topology_operation_mutations	idempotency_key	operation_dependency	value
topology_operation_mutations	mutation_kind	operation_dependency	value
topology_operation_mutations	expected_resource_version	operation_dependency	value
topology_operation_mutations	resulting_resource_version	operation_dependency	value
topology_operation_mutations	created_at	operation_dependency	value
topology_operations	operation_id	operation_dependency	value
topology_operations	operation_kind	operation_dependency	value
topology_operations	authorization_scope_key	operation_dependency	value
topology_operations	control_permission	operation_dependency	value
topology_operations	primary_target_kind	operation_dependency	value
topology_operations	primary_target_stable_id	operation_dependency	value
topology_operations	primary_target_generation_key	operation_dependency	value
topology_operations	primary_target_configuration_digest	operation_dependency	value
topology_operations	state	operation_dependency	value
topology_operations	progress_current	operation_dependency	value
topology_operations	progress_total	operation_dependency	value
topology_operations	detail_json	operation_dependency	dependency_digest
topology_operations	error	operation_dependency	dependency_digest
topology_operations	created_at	operation_dependency	value
topology_operations	started_at	operation_dependency	value
topology_operations	finished_at	operation_dependency	value
topology_operations	resource_version	operation_dependency	value
topology_pin_resolution_jobs	operation_id	operation_dependency	value
topology_pin_resolution_jobs	pin_id	operation_dependency	value
topology_pin_resolution_jobs	action_kind	operation_dependency	value
topology_pin_resolution_jobs	source_boundary_id	operation_dependency	value
topology_pin_resolution_jobs	source_boundary_revision	operation_dependency	value
topology_pin_resolution_jobs	source_consumer_scope_key	operation_dependency	value
topology_pin_resolution_jobs	source_grant_generation	operation_dependency	value
topology_pin_resolution_jobs	source_usage_kind	operation_dependency	value
topology_pin_resolution_jobs	source_target_kind	operation_dependency	value
topology_pin_resolution_jobs	source_target_stable_id	operation_dependency	value
topology_pin_resolution_jobs	source_target_generation_key	operation_dependency	value
topology_pin_resolution_jobs	source_target_configuration_digest	operation_dependency	value
topology_pin_resolution_jobs	source_target_resource_version	operation_dependency	value
topology_pin_resolution_jobs	replacement_target_kind	operation_dependency	value
topology_pin_resolution_jobs	replacement_target_stable_id	operation_dependency	value
topology_pin_resolution_jobs	replacement_target_generation_key	operation_dependency	value
topology_pin_resolution_jobs	replacement_target_configuration_digest	operation_dependency	value
topology_pin_resolution_jobs	replacement_target_resource_version	operation_dependency	value
topology_pin_resolution_jobs	state	operation_dependency	value
topology_pin_resolution_jobs	attempt	operation_dependency	value
topology_pin_resolution_jobs	error	operation_dependency	dependency_digest
topology_pin_resolution_jobs	started_at	operation_dependency	value
topology_pin_resolution_jobs	finished_at	operation_dependency	value
topology_pin_resolution_jobs	resource_version	operation_dependency	value
topology_plans	plan_id	operation_dependency	value
topology_plans	plan_kind	operation_dependency	value
topology_plans	actor_kind	operation_dependency	value
topology_plans	actor_id	operation_dependency	value
topology_plans	actor_label	operation_dependency	value
topology_plans	scope	operation_dependency	value
topology_plans	input_versions_json	operation_dependency	dependency_digest
topology_plans	effects_json	operation_dependency	dependency_digest
topology_plans	warnings_json	operation_dependency	dependency_digest
topology_plans	confirmation_hash	operation_dependency	value
topology_plans	created_at	operation_dependency	value
topology_plans	expires_at	operation_dependency	value
topology_plans	applied_at	operation_dependency	value
topology_plans	request_idempotency_key	operation_dependency	value
topology_plans	request_digest	operation_dependency	value
topology_plans	apply_idempotency_key	operation_dependency	value
topology_plans	apply_result_json	operation_dependency	dependency_digest
topology_plans	actor_incarnation	operation_dependency	value
user_identities	user_id	none	omit
user_identities	issuer	none	omit
user_identities	subject	none	omit
user_identities	email	none	omit
user_identities	last_login	none	omit
users	id	none	omit
users	email	none	omit
users	display_name	none	omit
users	created_at	none	omit
users	deleted_at	none	omit
users	password_hash	none	secret_excluded
users	principal_incarnation	none	omit
version_platforms	id	registry_store_root	value
version_platforms	version_id	registry_store_root	value
version_platforms	platform	registry_store_root	value
version_platforms	store_path	registry_store_root	value
version_platforms	nar_hash	registry_store_root	value
version_platforms	nar_size	registry_store_root	value
version_platforms	closure_size	registry_store_root	value
version_platforms	refs	registry_store_root	dependency_digest
version_platforms	images	registry_store_root	dependency_digest
version_platforms	source_drv	registry_store_root	value
webauthn_challenges	challenge	none	omit
webauthn_challenges	user_id	none	omit
webauthn_challenges	kind	none	omit
webauthn_challenges	created_at	none	omit
webauthn_challenges	expires_at	none	omit
webauthn_credentials	id	application_dependency	value
webauthn_credentials	user_id	application_dependency	value
webauthn_credentials	credential_id	application_dependency	value
webauthn_credentials	public_key	application_dependency	dependency_digest
webauthn_credentials	sign_count	application_dependency	value
webauthn_credentials	transports	application_dependency	value
webauthn_credentials	label	application_dependency	value
webauthn_credentials	created_at	application_dependency	value
webauthn_credentials	last_used_at	application_dependency	value
webhook_deliveries	id	application_dependency	value
webhook_deliveries	delivery_id	application_dependency	value
webhook_deliveries	outbox_event_id	application_dependency	value
webhook_deliveries	webhook_id	application_dependency	value
webhook_deliveries	event	application_dependency	value
webhook_deliveries	payload	application_dependency	dependency_digest
webhook_deliveries	status	application_dependency	value
webhook_deliveries	response_code	application_dependency	value
webhook_deliveries	attempts	application_dependency	value
webhook_deliveries	created_at	application_dependency	value
webhook_deliveries	delivered_at	application_dependency	value
webhook_deliveries	next_attempt_at	application_dependency	value
webhook_deliveries	claim_token	application_dependency	value
webhook_deliveries	claim_expires_at	application_dependency	value
webhooks	id	application_dependency	value
webhooks	org_id	application_dependency	value
webhooks	url	application_dependency	dependency_digest
webhooks	secret_version_ref	application_dependency	value
webhooks	credential_fingerprint	application_dependency	value
webhooks	events	application_dependency	dependency_digest
webhooks	active	application_dependency	value
webhooks	created_at	application_dependency	value
webhooks	resource_version	application_dependency	value
webhooks	updated_at	application_dependency	value
webhooks	creation_plan_id	application_dependency	value
worker_job_executions	operation_id	application_dependency	value
worker_job_executions	job_kind	application_dependency	value
worker_job_executions	payload_digest	application_dependency	value
worker_job_executions	state	application_dependency	value
worker_job_executions	claim_token	application_dependency	value
worker_job_executions	attempt_count	application_dependency	value
worker_job_executions	lease_expires_at	application_dependency	value
worker_job_executions	last_error	application_dependency	dependency_digest
worker_job_executions	created_at	application_dependency	value
worker_job_executions	updated_at	application_dependency	value
worker_job_executions	completed_at	application_dependency	value
write_recovery_cursors	recovery_kind	none	omit
write_recovery_cursors	after_expires_at	none	omit
write_recovery_cursors	after_ticket_id	none	omit
write_recovery_cursors	resource_version	none	omit
write_recovery_cursors	updated_at	none	omit
